Resource_ID,Service_Name,Usage_Quantity,Usage_Unit,Region_Zone,CPU_Utilization,Memory_Utilization,Network_Inbound_Data_Bytes,Network_Outbound_Data_Bytes,Usage_Start_Date,Usage_End_Date,Cost_per_Quantity,Unrounded_Cost,Rounded_Cost,Total_Cost_INR,Usage_Duration_Hours,Total_Network_Data_Bytes,CPU_Memory_Avg,CPU_Memory_Gap,Utilization_Score,Idle_Score,Cost_per_Usage_Unit,Cost_per_Hour,Cost_per_Network_Byte,Usage_Start_Hour,Usage_Day_of_Week,Usage_Month,Usage_Year,Usage_Day,Service_Median_Cost,Region_Median_Cost,Cost_vs_Service_Median,Cost_vs_Region_Median,Is_Low_Utilization,Is_High_Cost,Potential_Optimization,Total_Cost_INR_IQR_Outlier,Total_Cost_INR_ZScore,Total_Cost_INR_ZScore_Outlier,Usage_Quantity_IQR_Outlier,Usage_Quantity_ZScore,Usage_Quantity_ZScore_Outlier,CPU_Utilization_IQR_Outlier,CPU_Utilization_ZScore,CPU_Utilization_ZScore_Outlier,Memory_Utilization_IQR_Outlier,Memory_Utilization_ZScore,Memory_Utilization_ZScore_Outlier,Network_Inbound_Data_Bytes_IQR_Outlier,Network_Inbound_Data_Bytes_ZScore,Network_Inbound_Data_Bytes_ZScore_Outlier,Network_Outbound_Data_Bytes_IQR_Outlier,Network_Outbound_Data_Bytes_ZScore,Network_Outbound_Data_Bytes_ZScore_Outlier,Total_Network_Data_Bytes_IQR_Outlier,Total_Network_Data_Bytes_ZScore,Total_Network_Data_Bytes_ZScore_Outlier,Cost_per_Hour_IQR_Outlier,Cost_per_Hour_ZScore,Cost_per_Hour_ZScore_Outlier,Cost_per_Usage_Unit_IQR_Outlier,Cost_per_Usage_Unit_ZScore,Cost_per_Usage_Unit_ZScore_Outlier,IQR_Outlier_Count,ZScore_Outlier_Count,Statistical_Outlier_Flag,Detection_Utilization_Score,Detection_Low_Utilization,Detection_Cost_to_Service_Median,Detection_High_Relative_Cost,Contextual_Anomaly_Flag,Anomaly_Flag,Anomaly_Reason,Potential_Optimization_Candidate
res-EWB6WO2A,BigQuery,233.0245,Requests,us-east1,68.7,40.39,52144618310,58883692028.0,2024-01-07 00:13:00,2024-05-07 22:14:00,8.49,1978.38,1978,164174,2926.016666666667,111028310338.0,54.545,28.31,54.545,45.455,704.5353600157923,56.10836119639328,1.4786679136177992e-06,0,6,1,2024,7,192892.0,137074.5,0.851118760757315,1.1976990614592795,0,0,0,False,-0.09020920861598494,False,False,-0.5075638925604425,False,False,0.5994182043645859,False,False,-0.2982382193612467,False,False,0.01711438336573363,False,False,0.08209091516963164,False,False,0.04977129990266208,False,False,-0.2834777688256181,False,False,1.1764174356503698,False,0,0,False,54.545,False,0.851118760757315,False,False,False,No rule triggered,False
res-BZ5W9M5K,AI Platform,42.3,Hours,asia-northeast1,59.91,83.97,23645124707,29861999523.0,2024-01-07 02:06:00,2024-02-07 20:24:00,9.01,381.12,381,31623,762.3,53507124230.0,71.94,24.06,71.94,28.06,747.5886524822696,41.48366784730421,5.910054119909109e-07,2,6,1,2024,7,26518.5,90677.5,1.192488262910798,0.348741418764302,0,0,0,False,-0.847737759409482,False,False,-1.1465399520288155,False,False,0.29223667455149177,False,False,1.2317572602735074,False,False,-0.9546411768317237,False,False,-0.9008028378182961,False,False,-0.92872882265033,False,False,-0.3955390112568357,False,False,1.3849258520378487,False,0,0,False,71.94,False,1.192488262910798,False,False,False,No rule triggered,False
res-P7GN3K3R,Cloud NAT,369.9806,GB,europe-west1,60.36,66.74,37635039600,38102762007.0,2024-01-07 02:48:00,2024-05-07 04:10:00,5.75,2127.39,2127,176541,2905.366666666667,75737801607.0,63.55,6.379999999999996,63.55,36.45,477.1628566470783,60.76375902066291,2.330949621644198e-06,2,6,1,2024,7,199573.5,67396.0,0.8845913911416095,2.6194581280788176,0,0,0,False,-0.019531842261425732,False,False,-0.04872578262618418,False,False,0.30796269143612126,False,False,0.6268508326895968,False,False,-0.4776229612332924,False,False,-0.6217083651583916,False,False,-0.5505599772272142,False,False,-0.24780593272303503,False,False,0.07524542553333693,False,0,0,False,63.55,False,0.8845913911416095,False,False,False,No rule triggered,False
res-RF559IVM,Cloud Spanner,933.6444,Requests,us-west1,92.88,35.54,38215807762,45909593430.0,2024-01-07 02:57:00,2024-05-07 07:28:00,2.74,2558.19,2558,212314,2908.516666666667,84125401192.0,64.21,57.34,64.21,35.790000000000006,227.40349537789763,72.99734687211694,2.523779940323069e-06,2,6,1,2024,7,198951.0,83996.0,1.0671672924488944,2.527667984189723,0,0,0,False,0.1849107409520979,False,False,1.839692715201673,False,False,1.4444295116320043,False,False,-0.46851077732885943,False,False,-0.4578203395281211,False,False,-0.3573100763620175,False,False,-0.4078774670571663,False,False,-0.15406645926523577,False,False,-1.134346824275059,False,0,0,False,64.21,False,1.0671672924488944,False,False,False,No rule triggered,False
res-M3ZBKI2V,Cloud Memorystore,717.5885,Requests,us-central1,79.24,95.25,81736099653,88202065814.0,2024-01-07 03:32:00,2024-02-07 14:33:00,1.08,775.0,775,64325,755.0166666666667,169938165467.0,87.245,16.010000000000005,87.245,12.754999999999995,89.64051124007702,85.19679477274232,3.785200329968912e-07,3,6,1,2024,7,86071.0,42579.0,0.7473481195756991,1.510721247563353,0,0,0,False,-0.6608459315994395,False,False,1.1158499597775253,False,False,0.9677564665067938,False,False,1.6277726115878726,False,False,1.0261037685845855,False,False,1.07503253761497,False,False,1.051894245613069,False,False,-0.060588582082659326,False,False,-1.8015371833342737,False,0,0,False,87.245,False,0.7473481195756991,False,False,False,No rule triggered,False
res-A7Y0GW1C,Cloud Functions,34.2833,Hours,europe-west1,10.03,96.22,94135245422,98449735815.0,2024-01-07 04:28:00,2024-02-07 14:45:00,6.14,210.5,210,17430,754.2833333333333,192584981237.0,53.125,86.19,53.125,46.875,508.4108005938752,23.108027487460504,9.05054998995493e-08,4,6,1,2024,7,32868.0,67396.0,0.5303030303030303,0.2586206896551724,0,0,0,False,-0.928850710058003,False,False,-1.173397955987091,False,False,-1.4509049303492048,False,False,1.661827123181395,False,False,1.4488810645803358,False,False,1.4220960600104808,False,False,1.4371420735137885,False,False,-0.5363417645208263,False,False,0.22658017682522677,False,0,0,False,53.125,False,0.5303030303030303,False,False,False,No rule triggered,False
res-5LLLKIJS,BigQuery,668.9061,Requests,northamerica-northeast1,64.24,46.71,66275745278,75243804180.0,2024-01-07 07:41:00,2024-04-07 10:25:00,5.96,3986.68,3987,330921,2186.733333333333,141519549458.0,55.475,17.529999999999994,55.475,44.525000000000006,494.71966244589487,151.33120941434714,2.3383412487347577e-06,7,6,1,2024,7,192892.0,92296.0,1.7155765920826165,3.585431654676259,0,0,0,False,0.8627493753189779,False,False,0.9527514164993252,False,False,0.44355590368581443,False,False,-0.0763572778446876,False,False,0.49894754834396104,False,False,0.6361679053249197,False,False,0.5684615988073828,False,False,0.4461642431081104,False,False,0.16027357469949255,False,0,0,False,55.474999999999994,False,1.7155765920826163,True,False,False,No rule triggered,False
res-65KB06P4,Dataflow,103.9167,Hours,asia-east1,93.48,32.8,32475050333,40333849858.0,2024-01-07 08:59:00,2024-05-07 16:54:00,8.52,885.37,885,73455,2911.9166666666665,72808900191.0,63.14,60.68000000000001,63.14,36.86,706.8642479986373,25.225653206650836,1.0088739124929107e-06,8,6,1,2024,7,39051.5,152969.0,1.8809776833156215,0.4801953336950624,0,0,0,False,-0.6086680101296307,False,False,-0.940108181787211,False,False,1.4653975341448437,False,False,-0.5647059956445829,False,False,-0.6535646228857868,False,False,-0.5461468757401796,False,False,-0.6003838871361762,False,False,-0.520115525554144,False,False,1.1876963116068355,False,0,0,False,63.14,False,1.8809776833156218,True,False,False,No rule triggered,False
res-BPP2I4JY,Cloud Spanner,531.0639,Requests,asia-east1,75.38,12.43,39898883632,48932096910.0,2024-01-07 09:54:00,2024-05-07 10:35:00,2.85,1513.53,1514,125662,2904.6833333333334,88830980542.0,43.905,62.95,43.905,56.095,236.62312576697457,43.261858722408064,1.4146190803397243e-06,9,6,1,2024,7,198951.0,152969.0,0.6316228619107217,0.8214867064568638,0,0,0,False,-0.31030516827045124,False,False,0.4909446439847745,False,False,0.8328621883408618,False,False,-1.2798507391085558,False,False,-0.4004320098374312,False,False,-0.25494527498579017,False,False,-0.3278302656310217,False,False,-0.38191368086613703,False,False,-1.0896958714216591,False,0,0,False,43.905,False,0.6316228619107217,False,False,False,No rule triggered,False
res-OPE31JB2,Kubernetes Engine,58.8167,Hours,europe-north1,92.84,49.35,38117025024,46310224844.0,2024-01-07 09:56:00,2024-03-07 20:45:00,9.93,584.05,584,48472,1450.8166666666666,84427249868.0,71.095,43.49,71.095,28.905,824.1196802948823,33.410148307275215,5.741274301340482e-07,9,6,1,2024,7,45027.5,140809.5,1.0764976958525343,0.3442381373415856,0,0,0,False,-0.7514457770606531,False,False,-1.0912047649845644,False,False,1.443031643464482,False,False,0.01632716607995104,False,False,-0.4611885634074719,False,False,-0.34374167010854084,False,False,-0.40274268131224267,False,False,-0.45740209507354457,False,False,1.7555679678792544,False,0,0,False,71.095,False,1.0764976958525345,False,False,False,No rule triggered,False
res-LWK6DJPU,Dataflow,98.0667,Hours,australia-southeast1,32.91,22.82,99728008625,99735769398.0,2024-01-07 10:58:00,2024-05-07 13:02:00,6.66,653.12,653,54199,2906.0666666666666,199463778023.0,27.865,10.089999999999996,27.865,72.135,552.6748631288705,18.650294785620886,2.717235206171136e-07,10,6,1,2024,7,39051.5,95574.5,1.38788522848034,0.5670864090316978,1,0,1,False,-0.7187159899568639,False,False,-0.9597071842640297,False,False,-0.6513243385262711,False,False,-0.9150812798748454,False,False,1.639579145573989,False,False,1.4656508724889608,False,False,1.554158149737954,False,False,-0.5704989979800517,False,False,0.4409523898037009,False,0,0,False,27.865,True,1.38788522848034,True,True,True,Low utilization with cost at 1.39x the service median,True
res-DXKGGUD7,Cloud SQL,439.1355,GB,asia-east1,0.69,57.08,35134645139,37251592742.0,2024-01-07 11:10:00,2024-06-07 21:17:00,7.67,3368.17,3368,279544,3658.116666666667,72386237881.0,28.885,56.39,28.885,71.11500000000001,636.5780038279756,76.417464360076,3.861839048184254e-06,11,6,1,2024,7,250494.0,152969.0,1.115970841616965,1.8274552360282148,1,0,0,False,0.5691299808661446,False,False,0.18296089367879706,False,False,-1.7773071474657347,False,False,0.2877100265108057,False,False,-0.5628796417206925,False,False,-0.6505353866410184,False,False,-0.6075738487853852,False,False,-0.1278599190108174,False,False,0.8472978745474765,False,0,0,False,28.884999999999998,True,1.115970841616965,False,False,False,No rule triggered,False
res-MZB1S515,Cloud Storage,805.6513,Requests,southamerica-east1,53.72,31.97,51944180329,58006946262.0,2024-01-07 15:32:00,2024-03-07 12:43:00,6.4,5156.17,5156,427948,1437.1833333333334,109951126591.0,42.845,21.75,42.845,57.155,531.1826592968944,297.7685519128852,3.892165667314131e-06,15,6,1,2024,7,158364.0,98106.0,2.70230607966457,4.362098138747885,0,0,0,False,1.4172583771208551,False,False,1.4108829572673678,False,False,0.0759165756273677,False,False,-0.5938454230905866,False,False,0.010279990964775353,False,False,0.05239768014512199,False,False,0.031447191869274395,False,True,1.5682356703174918,False,False,0.33686498721604663,False,1,0,True,42.845,False,2.70230607966457,True,False,True,IQR outlier in 1 feature(s),False
res-0PKXQAXF,Cloud Endpoints,716.3448,GB,us-east1,85.67,57.03,13501372933,20403329092.0,2024-01-07 15:41:00,2024-04-07 16:28:00,6.11,4376.87,4377,363291,2184.7833333333333,33904702025.0,71.35,28.64,71.35,28.65000000000001,507.1454416923247,166.28239260948837,1.071506246337524e-05,15,6,1,2024,7,328680.0,137074.5,1.1053030303030302,2.6503178928247046,0,0,0,False,1.0477438241664818,False,False,1.111683245353522,False,False,1.1924637744360538,False,False,0.2859546393152634,False,False,-1.3005156448120845,False,False,-1.2211448742656819,False,False,-1.2621880891876087,False,False,0.5607272034842079,False,False,0.22045200484094649,False,0,0,False,71.35,False,1.1053030303030302,False,False,False,No rule triggered,False
res-3ECMMHD3,Cloud Armor,882.3972,Requests,asia-east1,38.05,9.48,45169397512,54583521857.0,2024-01-07 16:40:00,2024-05-07 20:30:00,7.81,6891.52,6892,572036,2907.833333333333,99752919369.0,23.765,28.57,23.765,76.235,648.2749491952151,196.72241646128276,5.73452891021624e-06,16,6,1,2024,7,206089.0,152969.0,2.775674587192912,3.739555073250136,1,1,1,False,2.2407208468625655,False,False,1.668001433196542,False,False,-0.4716982789996155,False,False,-1.3834185836455575,False,False,-0.22072175816303852,False,False,-0.06354533251415687,False,False,-0.14203579225785481,False,False,0.7939729072432169,False,False,0.9039465398497405,False,0,0,False,23.765,True,2.7756745871929116,True,True,True,Low utilization with cost at 2.78x the service median,True
res-WK1ERI38,Compute Engine,134.2333,Hours,asia-east1,64.78,85.55,86766791508,90442562221.0,2024-01-07 17:03:00,2024-07-07 07:17:00,4.61,618.82,619,51377,4358.233333333334,177209353729.0,75.16499999999999,20.77,75.16499999999999,24.835000000000008,382.74407319197246,11.788492278981543,2.8992261931370184e-07,17,6,1,2024,7,33947.0,152969.0,1.5134474327628362,0.3358654367878459,0,0,0,False,-0.7348437111384412,False,False,-0.8385397854643533,False,False,0.4624271239473699,False,False,1.287227495652647,False,False,1.1976367386027513,False,False,1.1509126718164058,False,False,1.1755853425267218,False,False,-0.6230773389993896,False,False,-0.38202763972143894,False,0,0,False,75.16499999999999,False,1.5134474327628362,True,False,False,No rule triggered,False
res-5O0LZKYC,BigQuery,477.7508,Requests,europe-north1,63.32,46.75,88256196324,95036019889.0,2024-01-07 19:51:00,2024-04-07 21:24:00,7.49,3578.35,3578,296974,2185.55,183292216213.0,55.035,16.57,55.035,44.965,621.6085875732704,135.88067076937153,1.6202215573349432e-06,19,6,1,2024,7,192892.0,140809.5,1.5395869191049911,2.1090480400825227,0,0,0,False,0.668742376399416,False,False,0.31233206638701805,False,False,0.4114049358327945,False,False,-0.07495296808825372,False,False,1.2484214097795234,False,False,1.3064818497929778,False,False,1.2790616803562573,False,False,0.3277749876578173,False,False,0.7748005323304118,False,0,0,False,55.035,False,1.5395869191049913,True,False,False,No rule triggered,False
res-BIZLO9XV,Cloud Load Balancing,749.4753,Requests,europe-west3,85.61,27.21,34512266113,42396858117.0,2024-01-07 20:11:00,2024-07-07 03:39:00,6.92,5186.37,5186,430438,4351.466666666666,76909124230.0,56.41,58.4,56.41,43.59,574.3191269945788,98.91791273440374,5.596709159146799e-06,20,6,1,2024,7,360842.5,242775.0,1.1928694652098908,1.772991452991453,0,0,0,False,1.431488719339894,False,False,1.222678929380571,False,False,1.1903669721847698,False,False,-0.7609582841062229,False,False,-0.5841010812132915,False,False,-0.47627783106663907,False,False,-0.5306344609486966,False,False,0.044549043002987204,False,False,0.545776223800266,False,0,0,False,56.41,False,1.1928694652098908,False,False,False,No rule triggered,False
res-DJYS3EO0,Cloud Build,113.9094,GB,europe-north1,60.01,78.71,25364257534,35178408351.0,2024-01-07 21:22:00,2024-07-07 12:29:00,4.63,527.4,527,43741,4359.116666666667,60542665885.0,69.36,18.7,69.36,30.64,383.9981599411462,10.034372407253764,7.224822257263243e-07,21,6,1,2024,7,249996.0,140809.5,0.1749667994687915,0.3106395520188623,0,0,0,False,-0.7784834272768267,False,False,-0.9066300703256546,False,False,0.29573134497029835,False,False,1.047090527302447,False,False,-0.8960234025432932,False,False,-0.7207490720198058,False,False,-0.8090463397697011,False,False,-0.6365182261008854,False,False,-0.37595405911697444,False,0,0,False,69.36,False,0.1749667994687915,False,False,False,No rule triggered,False
res-A1U5Y9Z5,Cloud VPC,466.6962,Requests,europe-west3,40.42,70.42,79766617491,88136650406.0,2024-01-08 00:18:00,2024-03-08 23:54:00,7.6,3546.89,3547,294401,1463.6,167903267897.0,55.42,30.0,55.42,44.58,630.8193638602586,201.1485378518721,1.7533964864853007e-06,0,0,1,2024,8,181604.0,242775.0,1.6211151736745886,1.2126495726495727,0,0,0,False,0.6540376894397426,False,False,0.27529631719381475,False,False,-0.3888745900739006,False,False,0.7560473302815176,False,False,0.95894975987505,False,False,1.0728170777185055,False,False,1.0172783474309757,False,False,0.8278879200466631,False,False,0.819408604495732,False,0,0,False,55.42,False,1.6211151736745886,True,False,False,No rule triggered,False
res-LHZFUPDP,Cloud VPN,335.9038,GB,asia-southeast1,63.9,21.88,95554380366,98928289894.0,2024-01-08 01:40:00,2024-02-08 12:34:00,2.1,705.4,705,58515,754.9,194482670260.0,42.89,42.02,42.89,57.11,174.20166130898193,77.51357795734535,3.008751366986707e-07,1,0,1,2024,8,223104.0,136369.0,0.2622767857142857,0.429093122337188,0,0,0,False,-0.6940500634438633,False,False,-0.16289181469491082,False,False,0.43167402426187235,False,False,-0.9480825591510426,False,False,1.4972697234004821,False,False,1.4383035163686844,False,False,1.4694238998670652,False,False,-0.1194609838247059,False,False,-1.392004939023343,False,0,0,False,42.89,False,0.2622767857142857,False,False,False,No rule triggered,False
res-TH2HV714,Firestore,668.343,GB,europe-west3,57.12,76.38,36394756934,46156760944.0,2024-01-08 03:28:00,2024-06-08 02:35:00,8.9,5948.25,5948,493684,3647.116666666667,82551517878.0,66.75,19.26,66.75,33.25,738.6686177606409,135.36282085848637,5.980314023172757e-06,3,0,1,2024,8,221070.5,242775.0,2.2331518678430635,2.0335042735042737,0,1,0,False,1.792939411703479,False,False,0.9508648868762998,False,False,0.19473536986678963,False,False,0.9652894839901712,False,False,-0.5199132416744563,False,False,-0.3489391171076494,False,False,-0.43465099381896793,False,False,0.3238069793706349,False,False,1.3417258501941731,False,0,0,False,66.75,False,2.2331518678430635,True,False,False,No rule triggered,False
res-OZF4OSTM,Cloud Functions,111.4167,Hours,europe-west1,29.83,54.6,81505567289,83707185300.0,2024-01-08 04:26:00,2024-05-08 19:51:00,7.29,812.23,812,67396,2919.4166666666665,165212752589.0,42.215,24.770000000000003,42.215,57.785,604.9003425877808,23.08543373390803,4.079346112443337e-07,4,0,1,2024,8,32868.0,67396.0,2.0505050505050506,1.0,0,0,0,False,-0.6432951761959584,False,False,-0.9149812555348795,False,False,-0.7589601874255121,False,False,0.20064282161190283,False,False,1.0182432392136747,False,False,0.9228019267752814,False,False,0.9715096535506775,False,False,-0.5365148884307668,False,False,0.6938819892189625,False,0,0,False,42.215,False,2.0505050505050506,True,False,False,No rule triggered,False
res-7DE9JX1O,Cloud VPN,470.6748,GB,northamerica-northeast1,0.67,93.53,75117876119,78971281541.0,2024-01-08 04:56:00,2024-05-08 03:45:00,9.45,4447.88,4448,369184,2902.8166666666666,154089157660.0,47.1,92.86,47.1,52.9,784.3717148230583,127.18130092037045,2.395911598235938e-06,4,0,1,2024,8,223104.0,92296.0,1.6547619047619049,4.0,0,0,0,False,1.0814223007515402,False,False,0.28862564903215165,False,False,-1.7780060815494958,False,False,1.567387292061214,False,False,0.8004402670718016,False,False,0.7624084480465279,False,False,0.7822847828948456,False,False,0.26111634597707006,False,False,1.5630673515417843,False,0,0,False,47.1,False,1.6547619047619047,True,False,False,No rule triggered,False
res-88OPB1KK,Pub/Sub,601.8522,Requests,asia-east1,31.71,70.24,28038913731,37441336007.0,2024-01-08 05:07:00,2024-05-08 04:53:00,3.76,2262.96,2263,187829,2903.766666666667,65480249738.0,50.975,38.53,50.975,49.025000000000006,312.08492716318057,64.68460505320675,2.8684832564252978e-06,5,0,1,2024,8,187829.0,152969.0,1.0,1.2278893109061313,0,0,0,False,0.04497904246488335,False,False,0.7281036298018303,False,False,-0.6932603835519493,False,False,0.7497279363775647,False,False,-0.8048248687287225,False,False,-0.6441092462700562,False,False,-0.7250524805991888,False,False,-0.2177625761000573,False,False,-0.7242320519211946,False,0,0,False,50.974999999999994,False,1.0,False,False,False,No rule triggered,False
res-JWK1VY6C,Cloud VPC,217.147,GB,southamerica-east1,27.43,84.27,83416670685,88105164618.0,2024-01-08 06:24:00,2024-05-08 01:48:00,7.5,1628.6,1629,135207,2899.4,171521835303.0,55.85,56.84,55.85,44.150000000000006,622.6519362459533,46.63275160378009,7.882786454631363e-07,6,0,1,2024,8,181604.0,98106.0,0.7445155393053017,1.3781725888324874,0,0,0,False,-0.2557555230974693,False,False,-0.5607575954366283,False,False,-0.8428322774768687,False,False,1.2422895834467618,False,False,1.0834066900821404,False,False,1.071750731077014,False,False,1.0788342521299716,False,False,-0.3560843225765408,False,False,0.7798535019645106,False,0,0,False,55.849999999999994,False,0.7445155393053017,False,False,False,No rule triggered,False
res-13MDNGII,BigQuery,920.6326,GB,europe-west3,98.57,99.09,54809300779,55666754879.0,2024-01-08 08:09:00,2024-04-08 16:19:00,8.89,8184.42,8184,679272,2192.1666666666665,110476055658.0,98.83,0.5200000000000102,98.83,1.1700000000000017,737.8317908794453,309.86330114802706,6.148590261973309e-06,8,0,1,2024,8,192892.0,242775.0,3.521514629948365,2.797948717948718,0,1,0,True,2.8535742517625016,False,False,1.7960998433336617,False,False,1.643276258462096,False,False,1.7625863482055288,False,False,0.10797284006262256,False,False,-0.02685887909071845,False,False,0.040376826168308615,False,True,1.6609112973430962,False,False,1.3376730719328025,False,2,0,True,98.83,False,3.521514629948365,True,False,True,IQR outlier in 2 feature(s),False
res-VTF7HJFJ,Cloud Armor,175.9606,Requests,northamerica-northeast1,90.66,58.44,47065624520,47532415414.0,2024-01-08 10:35:00,2024-06-08 13:35:00,2.38,418.79,419,34777,3651.0,94598039934.0,74.55,32.22,74.55,25.450000000000003,197.64083550522105,9.525335524513832,3.676291815799093e-07,10,0,1,2024,8,206089.0,92296.0,0.1687474828836085,0.3767985611510791,0,0,0,False,-0.8297126592653663,False,False,-0.6987426134898317,False,False,1.3668478283344996,False,False,0.3354565582295589,False,False,-0.15606555184270518,False,False,-0.30234906435314624,False,False,-0.2297260938699051,False,False,-0.6404187048433476,False,False,-1.2784882992241113,False,0,0,False,74.55,False,0.16874748288360855,False,False,False,No rule triggered,False
res-F5EMGMM8,Cloud SQL,948.2171,GB,northamerica-northeast1,22.26,20.26,97371163399,98298454729.0,2024-01-08 11:01:00,2024-06-08 12:24:00,5.6,5310.02,5310,440730,3649.383333333333,195669618128.0,21.26,2.0,21.26,78.74,464.798620484697,120.76834899046872,2.2524191758359254e-06,11,0,1,2024,8,250494.0,92296.0,1.7594433399602385,4.775179856115108,1,0,1,False,1.4903074671785876,False,False,1.8885150029613198,False,False,-1.0235067381291663,False,False,-1.004957104286616,False,False,1.559217105293763,False,False,1.41697253958351,False,False,1.4896152191510825,False,False,0.21197730806615042,False,False,0.015365050436211,False,0,0,False,21.26,True,1.7594433399602385,True,True,True,Low utilization with cost at 1.76x the service median,True
res-VYZLUG57,Firestore,821.4108,Requests,asia-southeast1,95.03,33.02,31067732424,31349574604.0,2024-01-08 11:19:00,2024-05-08 09:12:00,4.18,3433.5,3434,285022,2901.883333333333,62417307028.0,64.025,62.01,64.025,35.974999999999994,346.99081141859835,98.21966194368024,4.566393738713222e-06,11,0,1,2024,8,221070.5,136369.0,1.2892810212126902,2.0900791235544736,0,0,0,False,0.60043673374803,False,False,1.4636813298371836,False,False,1.519564925636345,False,False,-0.5569822919841961,False,False,-0.7015503528109055,False,False,-0.8504223076695631,False,False,-0.7771565837983223,False,False,0.039198718776057004,False,False,-0.5551817834807768,False,0,0,False,64.025,False,1.2892810212126902,True,False,False,No rule triggered,False
res-SJ11891I,Cloud CDN,920.1814,GB,asia-southeast1,11.67,6.75,41021653388,41645168947.0,2024-01-08 16:15:00,2024-03-08 21:48:00,5.78,5318.65,5319,441477,1445.55,82666822335.0,9.21,4.92,9.21,90.79,479.7717058832095,305.4041714226419,5.340437524149089e-06,16,0,1,2024,8,178948.0,136369.0,2.467068645640074,3.237370663420572,1,0,1,False,1.4945765698442992,False,False,1.7945882074503214,False,False,-1.3935923354807778,False,False,-1.4792627245221721,False,False,-0.3621486014227746,False,False,-0.5017357050088425,False,False,-0.43268953521667886,False,True,1.626743359235884,False,False,0.08788016242931199,False,1,0,True,9.21,True,2.467068645640074,True,True,True,IQR outlier in 1 feature(s); Low utilization with cost at 2.47x the service median,True
res-0IP8J7AC,Compute Engine,109.15,Hours,northamerica-northeast1,46.61,20.63,79400349492,80102703395.0,2024-01-08 16:24:00,2024-06-08 05:33:00,8.91,972.53,973,80759,3637.15,159503052887.0,33.62,25.98,33.62,66.38,739.8900595510764,22.20392340156441,5.06316327733324e-07,16,0,1,2024,8,33947.0,92296.0,2.3789731051344742,0.875,0,0,0,False,-0.5669256729537837,False,False,-0.9225752826997009,False,False,-0.1725544911497765,False,False,-0.9919672390396025,False,False,0.9464610128990975,False,False,0.8007269393646695,False,False,0.8743812346815341,False,False,-0.543269433001408,False,False,1.3476413302618475,False,0,0,False,33.62,False,2.3789731051344742,True,False,False,No rule triggered,False
res-Z35RBDV4,Cloud Endpoints,851.9663,Requests,asia-east1,16.04,92.44,15703469920,22933387070.0,2024-01-08 16:37:00,2024-03-08 21:30:00,7.58,6457.9,6458,536014,1444.8833333333334,38636856990.0,54.24,76.4,54.24,45.760000000000005,629.1492985109857,370.973896393019,1.387312638133923e-05,16,0,1,2024,8,328680.0,152969.0,1.6308080808080807,3.5040694519804667,0,1,0,False,2.034855229427138,False,False,1.566050102517599,False,False,-1.2408752381789325,False,False,1.5291198511983897,False,False,-1.22543010045048,False,False,-1.135457997773381,False,False,-1.1816888066363358,False,True,2.129169267982297,False,False,0.8113204267678233,False,1,0,True,54.239999999999995,False,1.6308080808080807,True,False,True,IQR outlier in 1 feature(s),False
res-P7E29M8B,Cloud Data Fusion,546.5469,Requests,us-east1,98.75,78.64,49438110444,55728177096.0,2024-01-08 16:45:00,2024-04-08 13:19:00,3.32,1814.54,1815,150645,2180.5666666666666,105166287540.0,88.695,20.11,88.695,11.305000000000009,275.63050856202824,69.08525306877418,1.4324457345012029e-06,16,0,1,2024,8,174715.0,137074.5,0.8622327790973872,1.0990009082652137,0,0,0,False,-0.16752740133942892,False,False,0.5428166705400879,False,False,1.6495666652159477,False,False,1.0446329852286877,False,False,-0.07517020611296506,False,False,-0.024778658808129215,False,False,-0.04994830628698978,False,False,-0.18404275221344743,False,False,-0.9007819197105387,False,0,0,False,88.695,False,0.8622327790973872,False,False,False,No rule triggered,False
res-IZW2W4XT,Cloud VPN,160.4866,Requests,us-central1,34.35,88.63,60339419641,64894726306.0,2024-01-08 20:57:00,2024-03-08 10:49:00,2.85,457.39,457,37931,1429.8666666666666,125234145947.0,61.49,54.28,61.49,38.510000000000005,236.34995071239592,26.527648265572548,3.0288065377994175e-07,20,0,1,2024,8,223104.0,42579.0,0.1700148809523809,0.8908382066276803,0,0,0,False,-0.8116875591212505,False,False,-0.750584487733642,False,False,-0.6010010844954569,False,False,1.3953593468980587,False,False,0.2965349186581401,False,False,0.28566994626248066,False,False,0.29142855394946104,False,False,-0.5101390302896356,False,False,-1.0910188665926117,False,0,0,False,61.489999999999995,False,0.17001488095238096,False,False,False,No rule triggered,False
res-ST6BAJ2N,Cloud Dataproc,954.9843,Requests,europe-north1,92.72,70.42,77097035547,82685933273.0,2024-01-08 22:24:00,2024-07-08 06:54:00,5.24,5004.12,5004,415332,4352.5,159782968820.0,81.57,22.3,81.57,18.430000000000007,434.9097676265464,95.42377943710513,2.5993508761743136e-06,22,0,1,2024,8,225386.5,140809.5,1.842754557171792,2.949602122015915,0,0,0,False,1.3451579765443922,False,False,1.9111868610059568,False,False,1.438838038961914,False,False,0.7560473302815176,False,False,0.8679242443475861,False,False,0.8882146180788082,False,False,0.8791429197801476,False,False,0.017775358989984696,False,False,-0.12938758101337802,False,0,0,False,81.57,False,1.8427545571717916,True,False,False,No rule triggered,False
res-IPSRXLS0,Cloud Spanner,587.1242,GB,europe-west1,24.73,11.63,38218995247,46836316447.0,2024-02-07 00:58:00,2024-06-07 01:13:00,6.25,3669.53,3670,304610,2904.25,85055311694.0,18.18,13.1,18.18,81.82,518.8169726269161,104.8842213996729,3.5813166036694204e-06,0,2,2,2024,7,198951.0,67396.0,1.5310805173133084,4.519704433497537,1,0,1,False,0.7123820925378016,False,False,0.6787610471559183,False,False,-0.937188378784645,False,False,-1.307936934237234,False,False,-0.45771165492077537,False,False,-0.3259242340648291,False,False,-0.39205864269457613,False,False,0.09026569126350241,False,False,0.2769775872661239,False,0,0,False,18.18,True,1.5310805173133084,True,True,True,Low utilization with cost at 1.53x the service median,True
res-FKBX47G9,Cloud Run,38.2167,Hours,europe-north1,41.18,81.14,21583247587,25875971843.0,2024-02-07 01:26:00,2024-03-07 15:39:00,4.71,180.0,180,14940,710.2166666666667,47459219430.0,61.16,39.96,61.16,38.84,390.9285731107081,21.03583413512308,3.147965807156976e-07,1,2,2,2024,7,39508.0,140809.5,0.3781512605042016,0.1061007957559681,0,0,0,False,-0.9430810522770418,False,False,-1.160220055757635,False,False,-0.362315094890971,False,False,1.1324023450058078,False,False,-1.0249456034196054,False,False,-1.0357998475631267,False,False,-1.0316104909260433,False,False,-0.552219879437684,False,False,-0.3423898554960447,False,0,0,False,61.16,False,0.37815126050420167,False,False,False,No rule triggered,False
res-5RZ6TIFT,Kubernetes Engine,82.9,Hours,asia-northeast1,44.88,94.96,13212279998,17308367361.0,2024-02-07 02:21:00,2024-05-07 13:15:00,6.66,552.11,552,45816,2170.9,30520647359.0,69.92,50.07999999999999,69.92,30.08,552.6658624849216,21.104610990833294,1.5011477135818245e-06,2,2,2,2024,7,45027.5,90677.5,1.017511520737327,0.5052631578947369,0,0,0,False,-0.7666248087609611,False,False,-1.010519524582861,False,False,-0.23301228939512933,False,False,1.6175913658537264,False,False,-1.3103729310822685,False,False,-1.3259636594076065,False,False,-1.3197546682075518,False,False,-0.5516928789927907,False,False,0.44090879940889643,False,0,0,False,69.92,False,1.017511520737327,False,False,False,No rule triggered,False
res-MHZNFQHE,Cloud VPC,178.9791,GB,asia-northeast1,74.45,59.61,51923213434,61022206143.0,2024-02-07 07:10:00,2024-07-07 00:59:00,2.1,375.86,376,31208,3617.8166666666666,112945419577.0,67.03,14.840000000000003,67.03,32.97,174.36672773524955,8.626197199968674,2.7631045257859345e-07,7,2,2,2024,7,181604.0,90677.5,0.1718464351005484,0.3441647597254004,0,0,0,False,-0.8501094831126551,False,False,-0.6886298632374767,False,False,0.8003617534459613,False,False,0.37653261860525106,False,False,0.009565076619975152,False,False,0.15451715853734274,False,False,0.08238348598983451,False,False,-0.6473083233372855,False,False,-1.3912055172563178,False,0,0,False,67.03,False,0.17184643510054845,False,False,False,No rule triggered,False
res-58DCP6N2,Cloud Build,304.946,GB,europe-west1,53.64,27.09,63037904388,70624945076.0,2024-02-07 08:08:00,2024-06-07 11:58:00,5.61,1710.75,1711,142013,2907.833333333333,133662849464.0,40.365,26.55,40.365,59.635,465.69884504141714,48.838081045451936,1.0624717381791938e-06,8,2,2,2024,7,249996.0,67396.0,0.5680610889774237,2.107142857142857,0,0,0,False,-0.21685925436543,False,False,-0.26660839569950107,False,False,0.07312083929232253,False,False,-0.7651712133755246,False,False,0.3885459415041476,False,False,0.4797384428298957,False,False,0.4348102882701356,False,False,-0.33918605665705176,False,False,0.019724865585330986,False,0,0,False,40.365,False,0.5680610889774237,False,False,False,No rule triggered,False
res-AOZJGYUX,Pub/Sub,290.508,Requests,europe-west3,64.4,61.47,82517483439,90231208571.0,2024-02-07 08:34:00,2024-06-07 15:44:00,9.99,2902.17,2902,240866,2911.1666666666665,172748692010.0,62.935,2.930000000000007,62.935,37.065,829.1200242334119,82.73865002576287,1.3943144645405295e-06,8,2,2,2024,7,187829.0,242775.0,1.2823685373398144,0.992136752136752,0,0,0,False,0.3480853317304091,False,False,-0.3149794038636562,False,False,0.44914737635590524,False,False,0.4418330222794283,False,False,1.0527468398359887,False,False,1.1437546405533976,False,False,1.0997044656874682,False,False,-0.07942403714807762,False,False,1.7797847869954078,False,0,0,False,62.935,False,1.2823685373398144,True,False,False,No rule triggered,False
res-A4ULLZJW,Cloud Storage,340.1787,GB,us-west1,13.58,33.18,50524366416,59630573021.0,2024-02-07 09:16:00,2024-07-07 09:25:00,5.29,1799.55,1800,149400,3624.15,110154939437.0,23.38,19.6,23.38,76.62,439.1809363725595,41.2234592939034,1.3562714551302086e-06,9,2,2,2024,7,158364.0,83996.0,0.9433962264150944,1.7786561264822134,1,0,0,False,-0.1746425724489483,False,False,-0.1485698017567652,False,False,-1.326844130481573,False,False,-0.5513650529584606,False,False,-0.03813181885974109,False,False,0.1073859479151769,False,False,0.034914277795048396,False,False,-0.39753285092849905,False,False,-0.10870217972732513,False,0,0,False,23.38,True,0.9433962264150944,False,False,False,No rule triggered,False
res-EJM2VMLK,Cloud Spanner,87.8738,GB,europe-west1,97.45,80.05,89316801399,89912632274.0,2024-02-07 11:06:00,2024-08-07 02:42:00,2.5,219.68,220,18260,4359.6,179229433673.0,88.75,17.400000000000006,88.75,11.25,207.7980012244833,4.188457656665749,1.0188058750057177e-07,11,2,2,2024,7,198951.0,67396.0,0.0917813934084272,0.270935960591133,0,0,0,False,-0.9241072626516568,False,False,-0.9938560171436814,False,False,1.6041359497714631,False,False,1.0941349041429833,False,False,1.2845851709032088,False,False,1.1329652404480324,False,False,1.2099491762115757,False,False,-0.681312359862239,False,False,-1.229296834000921,False,0,0,False,88.75,False,0.0917813934084272,False,False,False,No rule triggered,False
res-3SESG8V7,Cloud Memorystore,346.6752,GB,asia-east1,80.96,95.33,28698797112,36231433469.0,2024-02-07 11:20:00,2024-08-07 05:14:00,1.54,533.88,534,44322,4361.9,64930230581.0,88.145,14.370000000000005,88.145,11.855000000000004,127.84877603012848,10.161168298218668,6.826096196394778e-07,11,2,2,2024,7,86071.0,152969.0,0.5149469623915139,0.2897449810092241,0,0,0,False,-0.7751630140923843,False,False,-0.12680485823699558,False,False,1.027864797710266,False,False,1.6305812311007402,False,False,-0.7823246322858846,False,False,-0.6850856864318268,False,False,-0.7344089255709684,False,False,-0.6355466566643485,False,False,-1.6164933846401257,False,0,0,False,88.145,False,0.5149469623915139,False,False,False,No rule triggered,False
res-UEL2KJBD,Cloud VPC,298.0653,GB,us-west1,66.82,57.94,24527235493,26241930001.0,2024-02-07 12:35:00,2024-05-07 16:16:00,7.34,2187.8,2188,181604,2163.6833333333334,50769165494.0,62.38,8.879999999999995,62.38,37.620000000000005,609.2758868610335,83.93279977815608,3.5770530839523515e-06,12,2,2,2024,7,181604.0,83996.0,1.0,2.1620553359683794,0,0,0,False,0.009403186917286432,False,False,-0.2896605078947569,False,False,0.5337184004910228,False,False,0.3179026862741349,False,False,-0.9245635876314925,False,False,-1.0234057396973915,False,False,-0.9753045826440626,False,False,-0.07027390307634683,False,False,0.7150728843859144,False,0,0,False,62.379999999999995,False,1.0,False,False,False,No rule triggered,False
res-9VSL8AKL,Cloud CDN,687.6223,GB,asia-southeast1,71.14,94.07,38892223577,40407543548.0,2024-02-07 14:58:00,2024-06-07 07:24:00,2.39,1643.42,1643,136369,2896.4333333333334,79299767125.0,82.60499999999999,22.929999999999996,82.60499999999999,17.39500000000001,198.31962983166773,47.08169818052087,1.7196645708308566e-06,14,2,2,2024,7,178948.0,136369.0,0.7620593692022264,1.0,0,0,0,False,-0.24911469672858452,False,False,1.0154554934491766,False,False,0.6846881625834651,False,False,1.5863454737730716,False,False,-0.434756391852835,False,False,-0.5436510506768015,False,False,-0.48996693435517596,False,False,-0.3526442838711859,False,False,-1.2752008774741856,False,0,0,False,82.60499999999999,False,0.7620593692022264,False,False,False,No rule triggered,False
res-1RO85N0I,Compute Engine,67.75,Hours,southamerica-east1,40.24,94.45,97156852662,98079959949.0,2024-02-07 16:06:00,2024-05-07 11:51:00,4.51,305.55,306,25398,2155.75,195236812611.0,67.345,54.21,67.345,32.655,374.8782287822878,11.781514554099502,1.3008817169436328e-07,16,2,2,2024,7,33947.0,98106.0,0.7481662591687042,0.2588832487309644,0,0,0,False,-0.8833136149570789,False,False,-1.0612759156125706,False,False,-0.3951649968277523,False,False,1.5996864164591942,False,False,1.5519096894782114,False,False,1.409572655710939,False,False,1.482252710133432,False,False,-0.6231308055918822,False,False,-0.420122165539428,False,0,0,False,67.345,False,0.7481662591687042,False,False,False,No rule triggered,False
res-8DMDOAEB,Cloud Load Balancing,992.0661,GB,southamerica-east1,59.72,17.93,49573513144,57377379156.0,2024-02-07 16:07:00,2024-04-07 01:47:00,4.63,4593.27,4593,381219,1425.6666666666667,106950892300.0,38.825,41.79,38.825,61.175,384.2677418369603,267.3970072480711,3.5644302894703385e-06,16,2,2,2024,7,360842.5,98106.0,1.0564692351926397,3.8857868020304567,0,0,0,False,1.150202288143561,False,False,2.0354204148597845,False,False,0.28559680075575944,False,False,-1.086758147598892,False,False,-0.0705533406898932,False,False,0.031075781862743075,False,False,-0.01959017053697283,False,True,1.3355146861263065,False,False,-0.3746484657241648,False,1,0,True,38.825,False,1.0564692351926395,False,False,True,IQR outlier in 1 feature(s),False
res-J8G7NJAD,Cloud Storage,145.9373,Requests,northamerica-northeast1,9.59,28.75,81987854667,83659890497.0,2024-02-07 17:05:00,2024-04-07 13:56:00,6.25,912.11,912,75696,1436.85,165647745164.0,19.17,19.16,19.17,80.83,518.6885052690436,52.681908341162966,4.569696975051304e-07,17,2,2,2024,7,158364.0,92296.0,0.4779874213836478,0.8201438848920863,1,0,0,False,-0.5958607021324959,False,False,-0.7993283794833816,False,False,-1.4662814801919535,False,False,-0.7068923584835171,False,False,1.0346879328532563,False,False,0.9212001674564724,False,False,0.978909366886699,False,False,-0.30973285362799574,False,False,0.27635541591027835,False,0,0,False,19.17,True,0.4779874213836478,False,False,False,No rule triggered,False
res-C7XKMCFZ,Cloud Memorystore,360.35,Requests,asia-east1,93.46,86.06,11333949670,12295147258.0,2024-02-07 17:46:00,2024-05-07 10:19:00,8.21,2958.47,2958,245514,2152.55,23629096928.0,89.75999999999999,7.399999999999991,89.75999999999999,10.240000000000007,681.3209379769668,114.05728089939838,1.0390325146496431e-05,17,2,2,2024,7,86071.0,152969.0,2.8524590163934427,1.604991861096039,0,0,0,False,0.37464863720594815,False,False,-0.08099076608827788,False,False,1.4646986000610822,False,False,1.3051324450471797,False,False,-1.3744189090756942,False,False,-1.4957491645342722,False,False,-1.4369876982888936,False,False,0.16055396465822278,False,False,1.0639892774453963,False,0,0,False,89.75999999999999,False,2.8524590163934427,True,False,False,No rule triggered,False
res-YFTXHZ6V,Cloud VPC,531.6863,GB,us-west1,53.93,12.52,3696418486,12776658300.0,2024-02-07 18:46:00,2024-07-07 02:27:00,9.6,5104.19,5104,423632,3607.683333333333,16473076786.0,33.225,41.41,33.225,66.775,796.7705769360618,117.42494028947478,2.571662874539824e-05,18,2,2,2024,7,181604.0,83996.0,2.3327239488117,5.043478260869565,0,0,0,False,1.3925924506078546,False,False,0.49302984383803455,False,False,0.08325538350686144,False,False,-1.2766910421565794,False,False,-1.6348380413458974,False,False,-1.4794415630704718,False,False,-1.5587196558460905,False,False,0.18635854642476107,False,False,1.6231154211801766,False,0,0,False,33.225,False,2.3327239488117,True,False,False,No rule triggered,False
res-C2BO9C9A,Cloud Build,359.6147,GB,asia-northeast1,15.22,33.29,74126443926,83900514981.0,2024-02-07 19:13:00,2024-04-07 20:08:00,3.06,1100.42,1100,91300,1440.9166666666667,158026958907.0,24.255,18.07,24.255,75.745,253.8828362689289,63.36244288936441,5.77749522179508e-07,19,2,2,2024,7,249996.0,90677.5,0.3652058432934927,1.0068649885583525,1,0,0,False,-0.5066838908931862,False,False,-0.08345420993805644,False,False,-1.269531535613146,False,False,-0.5475032011282673,False,False,0.7666351139161998,False,False,0.9293495302856318,False,False,0.8492712145644619,False,False,-0.22789360115740995,False,False,-1.0061065638937625,False,0,0,False,24.255,True,0.3652058432934927,False,False,False,No rule triggered,False
res-C2XM3T1J,Dataflow,40.4833,Hours,asia-east1,85.18,32.81,24102967462,28484820198.0,2024-02-07 20:56:00,2024-04-07 13:25:00,6.88,278.53,279,23157,1432.4833333333331,52587787660.0,58.995000000000005,52.370000000000005,58.995000000000005,41.005,572.0136451326844,16.16563310800591,4.403493858634783e-07,20,2,2,2024,7,39051.5,152969.0,0.5929861849096706,0.1513836136733586,0,0,0,False,-0.8961209229542139,False,False,-1.152626363618497,False,False,1.175339889383902,False,False,-0.5643549182054742,False,False,-0.9390299786446604,False,False,-0.9474445336826369,False,False,-0.9443677725273969,False,False,-0.589537638173633,False,False,0.5346107044057163,False,0,0,False,58.995000000000005,False,0.5929861849096706,False,False,False,No rule triggered,False
res-6N22OLZ8,Cloud Spanner,358.3231,Requests,asia-northeast1,59.61,29.73,4720168247,9704777665.0,2024-02-07 23:29:00,2024-04-07 10:37:00,6.24,2235.94,2236,185588,1427.1333333333334,14424945912.0,44.67,29.88,44.67,55.33,517.9347912540386,130.04250945952256,1.2865767478934586e-05,23,2,2,2024,7,198951.0,90677.5,0.9328327075511056,2.046681922196796,0,0,0,False,0.03217173446774846,False,False,-0.08778140166439134,False,False,0.2817526632950723,False,False,-0.672486769450886,False,False,-1.599930946631841,False,False,-1.5834786479353846,False,False,-1.593560667424863,False,False,0.28304026438676216,False,False,0.2727051558099594,False,0,0,False,44.67,False,0.9328327075511056,False,False,False,No rule triggered,False
res-T0HRH0Q7,Cloud Build,825.9177,GB,us-east1,95.54,1.83,97624944269,101582000000.0,2024-02-08 00:36:00,2024-07-08 16:46:00,5.26,4344.33,4344,360552,3640.1666666666665,199206944269.0,48.685,93.71,48.685,51.315,436.5471281218456,99.04821207820156,1.809936904173014e-06,0,3,2,2024,8,249996.0,137074.5,1.4422310756972112,2.630336058128974,0,0,0,False,1.0320904477255393,False,False,1.4787806023607344,False,False,1.5373877447722584,False,False,-1.6519928245635442,False,False,1.5678703457663685,False,False,1.5281781880467389,False,False,1.549789118485836,False,False,0.045547457534179076,False,False,-0.12145779389672286,False,0,0,False,48.685,False,1.4422310756972112,True,False,False,No rule triggered,False
res-HLWAGRJX,Pub/Sub,565.1884,GB,us-east1,5.46,98.89,87565187937,92048056617.0,2024-02-08 00:52:00,2024-03-08 16:36:00,7.16,4046.75,4047,335901,711.7333333333333,179613244554.0,52.175,93.43,52.175,47.825,594.3168684990704,471.9478269014612,1.8701349159082347e-06,0,3,2,2024,8,187829.0,137074.5,1.7883340698188246,2.4504995458673933,0,0,0,False,0.8912100597570555,False,False,0.605270483304466,False,False,-1.6106113684886632,False,False,1.755564799423359,False,False,1.2248598949131806,False,False,1.205286840794099,False,False,1.216478231321645,False,True,2.902878763001846,False,False,0.6426258994824308,False,1,0,True,52.175,False,1.7883340698188246,True,False,True,IQR outlier in 1 feature(s),False
res-AVUOMRX1,Cloud SQL,575.5324,GB,us-east1,45.97,23.87,1791250551,5271422916.0,2024-02-08 01:07:00,2024-06-08 02:30:00,6.94,3994.19,3994,331502,2905.383333333333,7062673467.0,34.92,22.1,34.92,65.08,575.9918989791017,114.09922959104652,4.693718342620922e-05,1,3,2,2024,8,250494.0,137074.5,1.3233929754804503,2.4184075083257643,0,0,0,False,0.8660697885034203,False,False,0.6399255399916818,False,False,-0.1949203818301383,False,False,-0.878218148768455,False,False,-1.6997991090664577,False,False,-1.7336255315749494,False,False,-1.7188012088172997,False,False,0.16087539515883206,False,False,0.553877509845736,False,0,0,False,34.92,False,1.3233929754804505,True,False,False,No rule triggered,False
res-VVSWUAAE,Cloud VPC,371.4837,GB,us-central1,92.77,41.13,33496707994,39632106621.0,2024-02-08 01:39:00,2024-05-08 08:21:00,1.13,419.78,420,34860,2166.7,73128814615.0,66.95,51.63999999999999,66.95,33.05,93.83991814445696,16.088983246411594,4.766930817014721e-07,1,3,2,2024,8,181604.0,42579.0,0.1919561243144424,0.8187134502923976,0,0,0,False,-0.8292383145247316,False,False,-0.043690011579533526,False,False,1.4405853741713173,False,False,-0.27225848886721915,False,False,-0.6187288631166878,False,False,-0.5699132030737765,False,False,-0.5949417826826497,False,False,-0.5901249652729034,False,False,-1.7811993268490653,False,0,0,False,66.95,False,0.19195612431444242,False,False,False,No rule triggered,False
res-U0XU6E1T,Cloud Dataproc,779.1763,Requests,asia-east1,80.81,91.42,95372099760,96841264412.0,2024-02-08 02:38:00,2024-03-08 06:37:00,4.23,3295.92,3296,273568,699.9833333333333,192213364172.0,86.11500000000001,10.61,86.11500000000001,13.884999999999993,351.0989746479712,390.8207338269959,1.4232517139401435e-06,2,3,2,2024,8,225386.5,152969.0,1.2137727858589578,1.788388497015735,0,0,0,False,0.5349771595404516,False,False,1.3221849075966374,False,False,1.0226227920820565,False,False,1.4933099524093247,False,False,1.4910544483200148,False,False,1.3676210670859277,False,False,1.4308204489394527,False,True,2.281245021510515,False,False,-0.5352858229131903,False,1,0,True,86.11500000000001,False,1.2137727858589578,False,False,True,IQR outlier in 1 feature(s),False
res-PJBYZUOO,Cloud Dataproc,376.8075,Requests,us-east1,20.6,1.99,39391998186,44986088106.0,2024-02-08 03:07:00,2024-07-08 04:02:00,1.35,508.69,509,42247,3624.9166666666665,84378086292.0,11.295,18.610000000000003,11.295,88.705,112.11825666951958,11.654612749718384,5.006868709228536e-07,3,3,2,2024,8,225386.5,137074.5,0.1874424599521267,0.3082046624280957,1,0,0,False,-0.78702163260825,False,False,-0.02585391424857852,False,False,-1.0815182670813546,False,False,-1.6463755855378084,False,False,-0.41771543098852904,False,False,-0.38858694326612064,False,False,-0.40357900907938604,False,False,-0.6241031865865646,False,False,-1.6926767725514453,False,0,0,False,11.295,True,0.1874424599521267,False,False,False,No rule triggered,False
res-283P4R0H,Firestore,32.4517,GB,northamerica-northeast1,43.53,85.79,88791419619,89178594951.0,2024-02-08 04:11:00,2024-05-08 05:28:00,7.17,232.68,233,19339,2161.2833333333333,177970014570.0,64.66,42.260000000000005,64.66,35.34,595.9318001830412,8.947924458462179,1.0866437274124905e-07,4,3,2,2024,8,221070.5,92296.0,0.087478881171391,0.2095323741007194,0,0,0,False,-0.9179407810234066,False,False,-1.1795342864035936,False,False,-0.28019034004901755,False,False,1.295653354191251,False,False,1.2666710748475618,False,False,1.1081051913963658,False,False,1.1885250396453153,False,False,-0.6448430985664004,False,False,0.6504470631776557,False,0,0,False,64.66,False,0.08747888117139102,False,False,False,No rule triggered,False
res-GZ7OSG7F,Cloud Interconnect,402.6602,Requests,europe-north1,34.9,34.24,4051874744,6569214624.0,2024-02-08 04:53:00,2024-07-08 01:59:00,9.57,3853.46,3853,319799,3621.1,10621089368.0,34.57,0.6599999999999966,34.57,65.43,794.215569355998,88.31542901328326,3.010981161344089e-05,4,3,2,2024,8,123504.0,140809.5,2.5893817204301075,2.27114647804303,0,0,0,False,0.7991871800739381,False,False,0.06075927059457477,False,False,-0.5817803971920211,False,False,-0.5141508444129617,False,False,-1.6227179454617333,False,False,-1.689672500157055,False,False,-1.6582685489259426,False,False,-0.03669214751534426,False,False,1.6107414410765195,False,0,0,False,34.57,False,2.5893817204301075,True,False,False,No rule triggered,False
res-OIFGN9S6,Cloud CDN,624.6729,Requests,australia-southeast1,37.12,15.38,36700200498,39984223729.0,2024-02-08 05:59:00,2024-06-08 03:48:00,4.7,2935.96,2936,243688,2901.8166666666666,76684424227.0,26.25,21.739999999999995,26.25,73.75,390.1049653346576,83.97773808361428,3.177803086564733e-06,5,3,2,2024,8,178948.0,95574.5,1.3617810760667903,2.5497177594442038,1,0,1,False,0.36421305291198636,False,False,0.8045588359253745,False,False,-0.5041987138945162,False,False,-1.1762828945715542,False,False,-0.5094984432300277,False,False,-0.5579878577234407,False,False,-0.5344568609259909,False,False,-0.06992956475606926,False,False,-0.3463786132256055,False,0,0,False,26.25,True,1.3617810760667903,True,True,True,Low utilization with cost at 1.36x the service median,True
res-TZCL1KUV,Dataflow,138.45,Hours,europe-west3,1.0,52.13,8497823584,12491610322.0,2024-02-08 09:11:00,2024-08-08 03:38:00,6.43,890.23,890,73870,4362.45,20989433906.0,26.565,51.13,26.565,73.435,533.5500180570604,16.93314536556293,3.519389819221549e-06,9,3,2,2024,8,39051.5,242775.0,1.8916046758767269,0.3042735042735042,1,0,1,False,-0.6062962864264576,False,False,-0.8244127574739258,False,False,-1.7664736691674343,False,False,0.11392669415210842,False,False,-1.471123128872829,False,False,-1.4890954410043575,False,False,-1.4818913375441065,False,False,-0.5836566001846631,False,False,0.3483301783274484,False,0,0,False,26.565,True,1.8916046758767269,True,True,True,Low utilization with cost at 1.89x the service median,True
res-J4TRG8XL,Cloud Functions,28.6167,Hours,asia-east1,88.9,43.58,51467578269,54120045491.0,2024-02-08 15:38:00,2024-03-08 20:15:00,4.45,127.34,127,10541,700.6166666666667,105587623760.0,66.24000000000001,45.32000000000001,66.24000000000001,33.75999999999999,368.35134729021865,15.045317220543806,9.983177596608885e-08,15,3,2,2024,8,32868.0,152969.0,0.3207070707070707,0.0689093868692349,0,0,0,False,-0.9682213235306769,False,False,-1.1923825213606194,False,False,1.305341628963505,False,False,-0.18624451628564181,False,False,-0.0059708487258572415,False,False,-0.07924214360539363,False,False,-0.04278090292135099,False,False,-0.5981220226299576,False,False,-0.4517320528649963,False,0,0,False,66.24000000000001,False,0.3207070707070707,False,False,False,No rule triggered,False
res-WZAXU5QI,Cloud CDN,450.6231,Requests,us-west1,60.91,22.03,98546508449,103155000000.0,2024-02-08 15:50:00,2024-05-08 08:45:00,5.7,2568.55,2569,213227,2152.9166666666665,201701508449.0,41.47,38.88,41.47,58.53,473.1825776352788,99.04099090381268,1.0571413255142522e-06,15,3,2,2024,8,178948.0,83996.0,1.1915584415584417,2.5385375494071147,0,0,0,False,0.1901285330990788,False,False,0.2214473040809683,False,False,0.32718337873955705,False,False,-0.9428163975644153,False,False,1.5992931888690805,False,False,1.581451851296518,False,False,1.5922244631128275,False,False,0.04549212551767015,False,False,0.05596881215523497,False,0,0,False,41.47,False,1.1915584415584415,False,False,False,No rule triggered,False
res-UWUK1WBC,Cloud Interconnect,395.8666,Requests,us-west1,31.76,4.0,90103791429,96109228818.0,2024-02-08 15:51:00,2024-04-08 14:00:00,6.32,2501.88,2502,207666,1438.15,186213020247.0,17.880000000000003,27.76,17.880000000000003,82.12,524.5858074411935,144.39801133400547,1.1152066580765618e-06,15,3,2,2024,8,123504.0,83996.0,1.6814516129032258,2.472332015810277,1,0,1,False,0.15834743547655886,False,False,0.037998965769529644,False,False,-0.691513048342546,False,False,-1.575809020277004,False,False,1.3114193998942796,False,False,1.34282881170029,False,False,1.3287478446828442,False,False,0.3930388358014872,False,False,0.3049162312725612,False,0,0,False,17.880000000000003,True,1.6814516129032258,True,True,True,Low utilization with cost at 1.68x the service median,True
res-ZZQL1YQ2,Cloud Run,30.7,Hours,australia-southeast1,93.43,60.69,90173241605,93835895466.0,2024-02-08 17:51:00,2024-04-08 00:33:00,8.96,275.07,275,22825,1422.7,184009137071.0,77.06,32.74000000000001,77.06,22.94,743.485342019544,16.043438532368032,1.2404275332910758e-07,17,3,2,2024,8,39508.0,95574.5,0.5777310924369747,0.2388189318280503,0,0,0,False,-0.8980183019167524,False,False,-1.1854029312990884,False,False,1.4636501989354407,False,False,0.4144489820289668,False,False,1.3137874628368993,False,False,1.2658365704740093,False,False,1.291257311129529,False,False,-0.5904739501794631,False,False,1.3650533935680285,False,0,0,False,77.06,False,0.5777310924369747,False,False,False,No rule triggered,False
res-8RTLG18B,Compute Engine,39.0333,Hours,asia-east1,28.36,60.41,17071073345,19720613386.0,2024-02-08 18:25:00,2024-04-08 09:27:00,4.19,163.55,164,13612,1431.0333333333333,36791686731.0,44.385,32.05,44.385,55.615,348.72788106565423,9.51200764016678,3.6997488317193086e-07,18,3,2,2024,8,33947.0,152969.0,0.4009779951100244,0.0889853499728703,0,0,0,False,-0.9506705681271957,False,False,-1.157484236027281,False,False,-0.8103318425819681,False,False,0.40461881373392933,False,False,-1.1787985268898558,False,False,-1.2442667856558784,False,False,-1.2130772296979306,False,False,-0.6405208293285084,False,False,-0.546769101882862,False,0,0,False,44.385,False,0.40097799511002447,False,False,False,No rule triggered,False
res-7MPLP0WF,Cloud Run,139.5333,Hours,us-central1,55.83,51.05,75535230544,77049187501.0,2024-02-08 20:27:00,2024-08-08 15:59:00,1.89,263.72,264,21912,4363.533333333334,152584418045.0,53.44,4.780000000000001,53.44,46.56,157.03778237883,5.021618565993919,1.4360575136537038e-07,20,3,2,2024,8,39508.0,42579.0,0.5546218487394958,0.5146198830409356,0,0,0,False,-0.9032360940637332,False,False,-0.820783424246039,False,False,0.14965412146418544,False,False,0.07601033072839243,False,False,0.8146709228412105,False,False,0.6973118233667011,False,False,0.7566874682823942,False,False,-0.6749282911904503,False,False,-1.4751301313086713,False,0,0,False,53.44,False,0.5546218487394958,False,False,False,No rule triggered,False
res-2SCCW6WM,Pub/Sub,725.2437,Requests,southamerica-east1,8.5,97.79,53813909020,59457074076.0,2024-02-08 20:29:00,2024-05-08 20:48:00,1.08,783.26,783,64989,2160.3166666666666,113270983096.0,53.145,89.29,53.145,46.855,89.60987872076655,30.08308967049584,5.737479999173327e-07,20,3,2,2024,8,187829.0,98106.0,0.3460008837825895,0.6624365482233503,0,0,0,False,-0.6570511736743625,False,False,1.1414968458904384,False,False,-1.5043733877569447,False,False,1.7169462811214264,False,False,0.07403267642823586,False,False,0.10150996293734985,False,False,0.08792168790803136,False,False,-0.48289557487373697,False,False,-1.801685537565169,False,0,0,False,53.145,False,0.3460008837825895,False,False,False,No rule triggered,False
res-736OPXF9,Cloud Run,110.5,Hours,australia-southeast1,54.59,9.18,32991739742,39729741599.0,2024-02-08 22:30:00,2024-07-08 13:00:00,9.73,1075.16,1075,89225,3614.5,72721481341.0,31.885,45.41,31.885,68.115,807.4660633484162,24.685295338221053,1.2269414532634857e-06,22,3,2,2024,8,39508.0,95574.5,2.258403361344538,0.9335649153278331,0,0,0,False,-0.5185425094090519,False,False,-0.9180524359742812,False,False,0.10632020827098466,False,False,-1.3939509068188116,False,False,-0.6359469131438131,False,False,-0.5666065451339344,False,False,-0.601870980174867,False,False,-0.5242560003421161,False,False,1.6749139900369079,False,0,0,False,31.885,False,2.258403361344538,True,False,False,No rule triggered,False
res-XK8ZUWJA,Firestore,812.9251,GB,europe-west1,54.66,80.7,28070401971,36292263633.0,2024-02-08 23:18:00,2024-05-08 04:17:00,8.7,7072.45,7072,586976,2140.983333333333,64362665604.0,67.68,26.040000000000006,67.68,32.31999999999999,722.0542212314517,274.1618726597592,9.119821164826348e-06,23,3,2,2024,8,221070.5,67396.0,2.6551529941805896,8.70935960591133,0,1,0,False,2.326102900176798,False,False,1.4352520554239292,False,False,0.10876647756414899,False,False,1.1169549376850347,False,False,-0.803751205009392,False,False,-0.68302551753649,False,False,-0.7440638446908306,False,True,1.3873502497732502,False,False,1.2612618180360695,False,1,0,True,67.68,False,2.6551529941805896,True,False,True,IQR outlier in 1 feature(s),False
res-NNEGV70F,Container Registry,401.5322,Requests,asia-southeast1,65.74,16.9,50360694511,55594084151.0,2024-02-08 23:28:00,2024-05-08 21:54:00,2.44,979.74,980,81340,2158.4333333333334,105954778662.0,41.31999999999999,48.84,41.31999999999999,58.68000000000001,202.57404013924665,37.68474047534477,7.67685997999938e-07,23,3,2,2024,8,151807.0,136369.0,0.5358119190814653,0.5964698721850273,0,0,0,False,-0.5636052597693413,False,False,0.05698018088622416,False,False,0.4959759599679124,False,False,-1.1229191238270655,False,False,-0.043712587625229525,False,False,-0.029320058932796197,False,False,-0.03653518476233399,False,False,-0.4246481700642067,False,False,-1.254596637819656,False,0,0,False,41.31999999999999,False,0.5358119190814653,False,False,False,No rule triggered,False
res-SPITPRK0,Compute Engine,103.5667,Hours,us-central1,64.54,62.33,76959968688,84668376889.0,2024-02-08 23:55:00,2024-07-08 07:29:00,4.88,505.41,505,41915,3607.5666666666666,161628345577.0,63.435,2.210000000000008,63.435,36.565,404.71502905856806,11.61863490626184,2.5932951209991586e-07,23,3,2,2024,8,33947.0,42579.0,1.234718826405868,0.9844054580896686,0,0,0,False,-0.7889190115707885,False,False,-0.9412807716789866,False,False,0.4540399149422344,False,False,0.47202568204275747,False,False,0.863250635608867,False,False,0.9553551353136833,False,False,0.9105348556051601,False,False,-0.6243788656549387,False,False,-0.27562162634092785,False,0,0,False,63.435,False,1.234718826405868,False,False,False,No rule triggered,False
res-359KKTUA,Cloud Spanner,586.1986,Requests,southamerica-east1,58.98,64.55,14979783091,18422117013.0,2024-03-07 00:41:00,2024-04-07 07:48:00,1.79,1049.3,1049,87067,751.1166666666667,33401900104.0,61.765,5.57,61.765,38.235,148.52816093385414,115.91674617791288,2.606648116691224e-06,0,3,3,2024,7,198951.0,98106.0,0.4376303712974551,0.8874788494077834,0,0,0,False,-0.5308754726655521,False,False,0.6756600494306976,False,False,0.25973623965659104,False,False,0.5499648735248399,False,False,-1.2501058617014935,False,False,-1.288243682354074,False,False,-1.2707413158264793,False,False,0.17480205755112604,False,False,-1.5163424890611104,False,0,0,False,61.765,False,0.43763037129745513,False,False,False,No rule triggered,False
res-TIDGZD5D,Cloud Memorystore,116.0494,Requests,southamerica-east1,66.47,81.04,33771852558,37369213590.0,2024-03-07 02:50:00,2024-07-07 04:55:00,8.94,1037.48,1037,86071,2930.083333333333,71141066148.0,73.755,14.570000000000007,73.755,26.245000000000005,741.6755278355596,29.374932453570715,1.2098637912024e-06,2,3,3,2024,7,86071.0,98106.0,1.0,0.877326565143824,0,0,0,False,-0.5365676095531676,False,False,-0.899460520701656,False,False,0.5214870540252001,False,False,1.1288915706147231,False,False,-0.6093471785278445,False,False,-0.6465518561594511,False,False,-0.6287556215508562,False,False,-0.48832180677282877,False,False,1.3562884079458022,False,0,0,False,73.755,False,1.0,False,False,False,No rule triggered,False
res-J19CN3NN,Cloud Functions,100.2167,Hours,southamerica-east1,51.68,40.39,87228922486,88742671577.0,2024-03-07 03:00:00,2024-07-07 07:13:00,7.25,726.57,727,60341,2932.2166666666667,175971594063.0,46.035,11.29,46.035,53.965,602.1052379493638,20.578629364587652,3.429019343792338e-07,3,3,3,2024,7,32868.0,98106.0,1.8358585858585856,0.6150592216582065,0,0,0,False,-0.6836144791499016,False,False,-0.9525041320716946,False,False,0.004625299083714538,False,False,-0.2982382193612467,False,False,1.2133941535823536,False,False,1.0933415327637,False,False,1.1545296573640735,False,False,-0.5557231962873923,False,False,0.6803452116949806,False,0,0,False,46.035,False,1.8358585858585859,True,False,False,No rule triggered,False
res-73GWCHWA,Cloud Dataproc,79.2424,GB,us-central1,75.84,48.46,94036329618,98895434764.0,2024-03-07 03:46:00,2024-08-07 15:53:00,8.07,639.49,639,53037,3684.116666666667,192931764382.0,62.150000000000006,27.380000000000003,62.150000000000006,37.85,669.3007783711749,14.39612390125177,2.749003004761211e-07,3,3,3,2024,7,225386.5,42579.0,0.2353157797827287,1.2456140350877194,0,0,0,False,-0.7253568163257487,False,False,-1.022773423977598,False,False,0.8489376722673722,False,False,-0.014918726000703667,False,False,1.4455083035107046,False,False,1.4371907934623602,False,False,1.4430412451554286,False,False,-0.6030964455598199,False,False,1.0057752756688796,False,0,0,False,62.150000000000006,False,0.23531577978272877,False,False,False,No rule triggered,False
res-DH7HJH9O,Kubernetes Engine,28.7833,Hours,northamerica-northeast1,25.53,26.24,39254762176,43503289304.0,2024-03-07 04:12:00,2024-04-07 08:59:00,8.12,233.72,234,19422,748.7833333333333,82758051480.0,25.885,0.7099999999999973,25.885,74.11500000000001,674.7662707194797,25.93807732543905,2.346841141456029e-07,4,3,3,2024,7,45027.5,92296.0,0.4313364055299539,0.210431654676259,1,0,0,False,-0.917466436282772,False,False,-1.1918243685721341,False,False,-0.9092310154341928,False,False,-0.7950127956997455,False,False,-0.42239480731831675,False,False,-0.4388057125254493,False,False,-0.43113762477110323,False,False,-0.5146565986567574,False,False,1.032244822805379,False,0,0,False,25.884999999999998,True,0.4313364055299539,False,False,False,No rule triggered,False
res-6LM9YMD7,Cloud NAT,987.5483,Requests,southamerica-east1,64.58,63.3,26239273306,34223805256.0,2024-03-07 04:28:00,2024-07-07 19:51:00,3.21,3170.03,3170,263110,2943.383333333333,60463078562.0,63.94,1.2800000000000011,63.94,36.06,266.42747499033715,89.39032745763096,4.351581266742843e-06,4,3,3,2024,7,199573.5,98106.0,1.3183614056976505,2.681895093062605,0,0,0,False,0.4752097222204888,False,False,2.020284624536747,False,False,0.45543778310975674,False,False,0.50608019363628,False,False,-0.8661877341083998,False,False,-0.7530791443785007,False,False,-0.8104002097188177,False,False,-0.028455772756177874,False,False,-0.9453524936681109,False,0,0,False,63.94,False,1.3183614056976503,True,False,False,No rule triggered,False
res-UMMHRIG7,Cloud SQL,28.625,GB,asia-southeast1,62.21,85.89,13767173260,23195002465.0,2024-03-07 04:47:00,2024-04-07 17:05:00,3.13,89.6,90,7470,756.3,36962175725.0,74.05,23.68,74.05,25.950000000000003,260.9606986899564,9.877032923443078,2.0209849267470306e-07,4,3,3,2024,7,250494.0,136369.0,0.0298210735586481,0.0547778454047474,0,0,0,False,-0.9857720789341581,False,False,-1.1923547142289,False,False,0.3726140941840421,False,False,1.2991641285823357,False,False,-1.2914525734023747,False,False,-1.1265977241216403,False,False,-1.210177020004589,False,False,-0.6377238348352668,False,False,-0.9718282590239087,False,0,0,False,74.05,False,0.02982107355864811,False,False,False,No rule triggered,False
res-ZNB547LC,Cloud Memorystore,153.5011,Requests,us-east1,26.65,8.78,47511595763,54074999234.0,2024-03-07 05:37:00,2024-05-07 22:48:00,3.08,472.78,473,39259,1481.1833333333334,101586594997.0,17.715,17.869999999999997,17.715,82.285,255.75712486750908,26.505159163281608,3.864584692612187e-07,5,3,3,2024,7,86071.0,137074.5,0.4561234329797493,0.2864062973054798,1,0,0,False,-0.8040980432710965,False,False,-0.7739877068450636,False,False,-0.8700907067435597,False,False,-1.4079940043831507,False,False,-0.14085914006885522,False,False,-0.0807677501699715,False,False,-0.11084290580812822,False,False,-0.5103113523126505,False,False,-0.997029326703428,False,0,0,False,17.715,True,0.4561234329797493,False,False,False,No rule triggered,False
res-VF6FXCMT,Firestore,10.5402,Requests,us-central1,84.79,69.28,6183948417,12748356367.0,2024-03-07 07:41:00,2024-06-07 06:09:00,1.32,13.91,14,1162,2206.4666666666667,18932304784.0,77.035,15.510000000000003,77.035,22.965000000000003,110.2445873892336,0.526633833882225,6.137657370601941e-08,7,3,3,2024,7,221070.5,42579.0,0.0052562417871222,0.0272904483430799,0,0,0,False,-1.0218222792223897,False,False,-1.2529434390139884,False,False,1.1617106747505566,False,False,0.716024502223151,False,False,-1.5500200064965908,False,False,-1.4804000803291875,False,False,-1.516885419449945,False,False,-0.7093709671335438,False,False,-1.701751010364279,False,0,0,False,77.035,False,0.005256241787122208,False,False,False,No rule triggered,False
res-VH870SCG,Cloud Functions,138.2667,Hours,asia-southeast1,88.59,93.78,46054613143,50682032060.0,2024-03-07 08:36:00,2024-09-07 02:52:00,5.26,727.28,727,60341,4410.266666666666,96736645203.0,91.185,5.189999999999998,91.185,8.814999999999998,436.41021301586,13.681939111769507,6.237656874845676e-07,8,3,3,2024,7,32868.0,136369.0,1.8358585858585856,0.4424832623250152,0,0,0,False,-0.6836144791499016,False,False,-0.8250268595515328,False,False,1.2945081506652045,False,False,1.576164228038926,False,False,-0.19053830215568687,False,False,-0.19567925089802676,False,False,-0.19334601099261664,False,False,-0.6085688635397732,False,False,-0.12212087795587616,False,0,0,False,91.185,False,1.8358585858585859,True,False,False,No rule triggered,False
res-2AKD3D5G,Cloud CDN,435.086,GB,asia-northeast1,95.51,84.66,74957443833,77986352608.0,2024-03-07 08:42:00,2024-06-07 00:54:00,1.29,561.26,561,46563,2200.2,152943796441.0,90.085,10.850000000000009,90.085,9.914999999999992,107.02022128958411,21.163076083992365,3.044451692943445e-07,8,3,3,2024,7,178948.0,90677.5,0.2602040816326531,0.5135011441647597,0,0,0,False,-0.7623557060952494,False,False,0.16939402863095498,False,False,1.5363393436466164,False,False,1.2559816035719924,False,False,0.7949699605418891,False,False,0.7290513137161996,False,False,0.7628008993209797,False,False,-0.5512448920968008,False,False,-1.7173667143157216,False,0,0,False,90.08500000000001,False,0.2602040816326531,False,False,False,No rule triggered,False
res-UGEUXAAR,Kubernetes Engine,112.4333,Hours,us-central1,52.52,97.7,35401774619,44386018898.0,2024-03-07 09:09:00,2024-08-07 01:35:00,4.63,520.57,521,43243,3664.433333333333,79787793517.0,75.11,45.18,75.11,24.89,384.6102533679969,11.800733173842248,5.419751329604876e-07,9,3,3,2024,7,45027.5,42579.0,0.96036866359447,1.0155945419103314,0,0,0,False,-0.7813294957206345,False,False,-0.9115753844377967,False,False,0.033980530601689506,False,False,1.7137865841694502,False,False,-0.5537712497927977,False,False,-0.40890981987995006,False,False,-0.4816650560961899,False,False,-0.6229835435362084,False,False,-0.3729896718703265,False,0,0,False,75.11,False,0.96036866359447,False,False,False,No rule triggered,False
res-TXE03SK4,BigQuery,296.8281,GB,southamerica-east1,7.52,70.95,67249581572,68679044281.0,2024-03-07 11:56:00,2024-09-07 11:19:00,7.83,2324.16,2324,192892,4415.383333333333,135928625853.0,39.235,63.43000000000001,39.235,60.765,649.8441353766708,43.68635414818645,1.419068270495157e-06,11,3,3,2024,7,192892.0,98106.0,1.0,1.966159052453469,0,0,0,False,0.07391407164359551,False,False,-0.2938054456493414,False,False,-1.5386211578612488,False,False,0.7746544345542671,False,False,0.5321527289902926,False,False,0.41383554157731617,False,False,0.4733536950446672,False,False,-0.37866099831863886,False,False,0.9115461566727097,False,0,0,False,39.235,False,1.0,False,False,False,No rule triggered,False
res-C7QGGDW5,BigQuery,994.506,Requests,europe-west3,10.4,68.25,52643788421,53796037302.0,2024-03-07 12:29:00,2024-07-07 03:42:00,7.54,7498.58,7499,622417,2919.2166666666667,106439825723.0,39.325,57.85,39.325,60.675,625.8554498414288,213.2137045897016,5.847595068595695e-06,12,3,3,2024,7,192892.0,242775.0,3.226764199655766,2.563760683760684,0,1,0,False,2.5286481044277833,False,False,2.043594706508193,False,False,-1.4379746497996206,False,False,0.6798635259949775,False,False,0.03413473248511486,False,False,-0.09021550860918053,False,False,-0.028283988277245188,False,False,0.9203368721380373,False,False,0.795368216598437,False,0,0,False,39.325,False,3.226764199655766,True,False,False,No rule triggered,False
res-G35CH69Y,Container Registry,661.8909,GB,northamerica-northeast1,97.45,33.87,47400717792,50656729309.0,2024-03-07 12:49:00,2024-07-07 00:02:00,1.89,1250.97,1251,103833,2915.2166666666667,98057447101.0,65.66,63.580000000000005,65.66,34.34,156.87328531031324,35.617592746108066,1.058899686558749e-06,12,3,3,2024,7,151807.0,92296.0,0.6839803171131766,1.125,0,0,0,False,-0.43505783505735773,False,False,0.9292486947599442,False,False,1.6041359497714631,False,False,-0.5271407096599755,False,False,-0.14463977864172164,False,False,-0.19653619319686147,False,False,-0.17087768398985553,False,False,-0.4404876230563314,False,False,-1.4759267956586397,False,0,0,False,65.66,False,0.6839803171131766,False,False,False,No rule triggered,False
res-UPEK7TGF,Cloud Armor,339.41,Requests,europe-west3,88.22,64.11,90527835813,92142710021.0,2024-03-07 12:51:00,2024-09-07 12:26:00,4.35,1476.43,1476,122508,4415.583333333333,182670545834.0,76.16499999999999,24.11,76.16499999999999,23.835000000000008,360.94399104328096,27.74446562364354,6.706499914404805e-07,12,3,3,2024,7,206089.0,242775.0,0.594442207007652,0.5046153846153846,0,0,0,False,-0.328330268414567,False,False,-0.1511451441847874,False,False,1.2815778701156202,False,False,0.5345174662040669,False,False,1.3258781651503446,False,False,1.20849252011396,False,False,1.2684863674463858,False,False,-0.5008152064184295,False,False,-0.4876061064433486,False,0,0,False,76.16499999999999,False,0.594442207007652,False,False,False,No rule triggered,False
res-2XJ967QZ,Cloud Armor,809.6094,Requests,us-central1,87.85,37.18,83122842259,92891585359.0,2024-03-07 13:01:00,2024-06-07 22:46:00,5.54,4485.24,4485,372255,2217.75,176014427618.0,62.515,50.67,62.515,37.485,459.7957978254699,167.85255326344267,2.114911857156939e-06,13,3,3,2024,7,206089.0,42579.0,1.806282722513089,8.742690058479532,0,0,0,False,1.0989730561550215,False,False,1.424143608840615,False,False,1.2686475895660358,False,False,-0.4109340773150687,False,False,1.0733879363917411,False,False,1.2338550964475115,False,False,1.1552583043488243,False,False,0.5727585089959705,False,False,-0.008863773200333257,False,0,0,False,62.515,False,1.806282722513089,True,False,False,No rule triggered,False
res-PNEPCKHW,Cloud NAT,142.5774,GB,us-east1,61.06,25.1,89802450137,94186930893.0,2024-03-07 13:45:00,2024-07-07 20:21:00,6.06,864.02,864,71712,2934.6,183989381030.0,43.08,35.96,43.08,56.92,502.9689137268599,24.43672050705377,3.897616242771487e-07,13,3,3,2024,7,199573.5,137074.5,0.3593262632563943,0.5231607629427792,0,0,0,False,-0.6186292496829578,False,False,-0.8105849074187427,False,False,0.3324253843677671,False,False,-0.835035623758112,False,False,1.3011444778168129,False,False,1.2777252819341114,False,False,1.2909212386343725,False,False,-0.5261606969913262,False,False,0.20022495175888194,False,0,0,False,43.08,False,0.3593262632563943,False,False,False,No rule triggered,False
res-AP3286AB,Cloud VPC,509.2785,GB,europe-west3,76.47,34.82,95064475095,103174000000.0,2024-03-07 14:36:00,2024-08-07 09:23:00,2.24,1140.78,1141,94703,3666.783333333333,198238475095.0,55.645,41.65,55.645,44.355,185.95522881880936,25.82726913234579,4.77722601299351e-07,14,3,3,2024,7,181604.0,242775.0,0.5214808043875686,0.39008547008547,0,0,0,False,-0.48723575652716655,False,False,0.4179579587611022,False,False,0.870954095905853,False,False,-0.4937883529446699,False,False,1.4805652802375278,False,False,1.582095334832275,False,False,1.5333143677102083,False,False,-0.5155056628725457,False,False,-1.33508205094723,False,0,0,False,55.644999999999996,False,0.5214808043875686,False,False,False,No rule triggered,False
res-X1LNU5KK,Cloud Dataproc,996.4919,GB,us-east1,48.72,36.85,79133661223,86555528164.0,2024-03-07 15:25:00,2024-05-07 00:28:00,7.31,7284.36,7284,604572,1449.05,165689189387.0,42.785,11.869999999999996,42.785,57.215,606.7003655523944,417.2195576412132,3.648831901687334e-06,15,3,3,2024,7,225386.5,137074.5,2.6823789357392744,4.410535876475931,0,1,0,False,2.4266639851913387,False,False,2.050247981554127,False,False,-0.09881694531295876,False,False,-0.42251963280564847,False,False,0.9373676650715801,False,False,1.0192683339950193,False,False,0.9796143797702733,False,True,2.483525159953779,False,False,0.7025995556653595,False,1,0,True,42.785,False,2.6823789357392744,True,False,True,IQR outlier in 1 feature(s),False
res-35L3HOZL,Compute Engine,64.3167,Hours,europe-west3,10.75,31.36,64401229845,68443558418.0,2024-03-07 18:48:00,2024-06-07 11:07:00,9.0,578.85,579,48057,2200.3166666666666,132844788263.0,21.055,20.61,21.055,78.945,747.1931862175765,21.840947136397038,3.617529948172221e-07,18,3,3,2024,7,33947.0,242775.0,1.4156479217603912,0.1979487179487179,1,0,1,False,-0.7538175007638261,False,False,-1.0727783523995214,False,False,-1.4257433033337978,False,False,-0.6152611468762039,False,False,0.4350316479399642,False,False,0.40586021127499855,False,False,0.42089414641709033,False,False,-0.54605072695929,False,False,1.383010596784141,False,0,0,False,21.055,True,1.4156479217603912,True,True,True,Low utilization with cost at 1.42x the service median,True
res-0CUDY9AM,Compute Engine,67.9333,Hours,europe-west3,36.04,12.92,87765223697,94004249669.0,2024-03-07 18:57:00,2024-06-07 14:53:00,8.64,586.94,587,48721,2203.9333333333334,181769473366.0,24.48,23.12,24.48,75.52,717.1887719277585,22.10638555310203,2.6803730625273005e-07,18,3,3,2024,7,33947.0,242775.0,1.43520782396088,0.2006837606837606,1,0,1,False,-0.7500227428387491,False,False,-1.0606618135349637,False,False,-0.5419411544176266,False,False,-1.2626479445922403,False,False,1.2316805726671831,False,False,1.2715383156216933,False,False,1.2531581105027323,False,False,-0.54401681362826,False,False,1.2376982977753008,False,0,0,False,24.48,True,1.43520782396088,True,True,True,Low utilization with cost at 1.44x the service median,True
res-FFU623P2,Cloud Interconnect,377.6054,GB,europe-west1,31.21,54.64,25009594193,34804350306.0,2024-03-07 20:09:00,2024-06-07 13:01:00,5.68,2144.8,2145,178035,2200.866666666667,59813944499.0,42.925,23.43,42.925,57.075,471.4842531383291,80.89313300820888,2.9764798407999404e-06,20,3,3,2024,7,123504.0,67396.0,1.4415322580645162,2.6416256157635467,0,0,0,False,-0.01099363693000247,False,False,-0.023180744321013916,False,False,-0.710733735645982,False,False,0.20204713136833674,False,False,-0.9081164621048383,False,False,-0.7334175032500669,False,False,-0.8214427108071337,False,False,-0.09356525193997182,False,False,0.047743774508073246,False,0,0,False,42.925,False,1.4415322580645162,True,False,False,No rule triggered,False
res-1JUX8LS9,Cloud Functions,118.1,Hours,us-central1,84.66,59.16,4773068726,5717129990.0,2024-03-07 20:46:00,2024-08-07 18:52:00,3.34,394.45,394,32702,3670.1,10490198716.0,71.91,25.5,71.91,28.090000000000003,276.9009314140559,8.910383913244871,3.11738613207792e-06,20,3,3,2024,7,32868.0,42579.0,0.9949494949494948,0.7680311890838206,0,0,0,False,-0.8415712777812319,False,False,-0.8925904840385852,False,False,1.1571676032061078,False,False,0.3607341338453694,False,False,-1.5981271835432243,False,False,-1.7185305229491894,False,False,-1.660495146249276,False,False,-0.6451307517867574,False,False,-0.894629222858724,False,0,0,False,71.91,False,0.9949494949494949,False,False,False,No rule triggered,False
res-3PG1IW3C,Container Registry,250.3807,Requests,asia-east1,78.41,51.91,56910738249,57959808540.0,2024-03-07 21:21:00,2024-07-07 19:42:00,3.77,943.94,944,78352,2926.35,114870546789.0,65.16,26.5,65.16,34.84,312.9314679605896,26.774651015770495,6.820895537645598e-07,21,3,3,2024,7,151807.0,152969.0,0.5161290322580645,0.5122083559413999,0,0,0,False,-0.5806816704321878,False,False,-0.44941616490434705,False,False,0.9387507020306997,False,False,0.10620299049172166,False,False,0.17962616746296686,False,False,0.05080124077564347,False,False,0.11513206682290796,False,False,-0.5082463796602921,False,False,-0.7201322288655574,False,0,0,False,65.16,False,0.5161290322580645,False,False,False,No rule triggered,False
res-C9KNE491,Cloud Spanner,28.6273,Requests,asia-southeast1,76.01,55.07,30942391610,38113531186.0,2024-03-07 22:36:00,2024-06-07 14:02:00,4.9,140.27,140,11620,2199.4333333333334,69055922796.0,65.54,20.940000000000005,65.54,34.459999999999994,405.9062503274846,5.283179000651683,1.6826941889295957e-07,22,3,3,2024,7,198951.0,136369.0,0.0584063412599082,0.0852099817407182,0,0,0,False,-0.9620548419024268,False,False,-1.1923470086381827,False,False,0.8548786119793432,False,False,0.21714346125000134,False,False,-0.7058241351672122,False,False,-0.6213436394015431,False,False,-0.6642262570423032,False,False,-0.6729240927721344,False,False,-0.2698525051862039,False,0,0,False,65.54,False,0.05840634125990822,False,False,False,No rule triggered,False
res-GL3BFL4Z,Cloud Interconnect,30.4465,GB,asia-southeast1,99.65,0.11,1657331870,2827341389.0,2024-03-07 22:41:00,2024-06-07 18:20:00,1.52,46.28,46,3818,2203.65,4484673259.0,49.88,99.54,49.88,50.12,125.40029231602976,1.7325800376647833,8.513440733587231e-07,22,3,3,2024,7,123504.0,136369.0,0.0309139784946236,0.0279975654290931,0,0,0,False,-1.0066432475220817,False,False,-1.186252221406417,False,False,1.6810186989852067,False,False,-1.7123781440902026,False,False,-1.7043653734600945,False,False,-1.816400595926128,False,False,-1.7626558941976278,False,False,-0.700130443132437,False,False,-1.6283514663925205,False,0,0,False,49.88,False,0.030913978494623656,False,False,False,No rule triggered,False
res-ID3TQL0D,Cloud NAT,335.0037,Requests,asia-southeast1,69.96,68.23,43868885858,52444783637.0,2024-03-07 23:07:00,2024-06-07 01:26:00,6.48,2170.82,2171,180193,2186.3166666666666,96313669495.0,69.095,1.7299999999999898,69.095,30.905,537.8836114347395,82.41852735575054,1.870897463930128e-06,23,3,3,2024,7,199573.5,136369.0,0.9028904138074444,1.3213633597078516,0,0,0,False,0.0013393263264977957,False,False,-0.16590738087087398,False,False,0.6434510516415478,False,False,0.6791613711167607,False,False,-0.26506568400539315,False,False,-0.13597916577017222,False,False,-0.2005413038945719,False,False,-0.08187696681133201,False,False,0.36931790401998865,False,0,0,False,69.095,False,0.9028904138074444,False,False,False,No rule triggered,False
res-PMFSLBBH,Cloud Run,70.2667,Hours,northamerica-northeast1,81.57,85.12,88789753885,96741542761.0,2024-03-07 23:16:00,2024-06-07 21:32:00,4.31,302.85,303,25149,2206.266666666667,185531296646.0,83.345,3.550000000000012,83.345,16.655,357.9077998539849,11.398894059346103,1.3555125444945896e-07,23,3,3,2024,7,39508.0,92296.0,0.6365546218487395,0.2724820143884892,0,0,0,False,-0.8847366491789829,False,False,-1.0528443242393384,False,False,1.0491822872649859,False,False,1.2721311657709828,False,False,1.2666142778286793,False,False,1.3642437386345063,False,False,1.3171509588697927,False,False,-0.6260626228271737,False,False,-0.5023104735303181,False,0,0,False,83.345,False,0.6365546218487395,False,False,False,No rule triggered,False
res-XACLYR7O,Cloud CDN,657.3878,Requests,us-east1,43.57,32.42,64719533732,74457276259.0,2024-03-07 23:38:00,2024-08-07 06:34:00,3.28,2156.23,2156,178948,3654.933333333333,139176809991.0,37.995000000000005,11.15,37.995000000000005,62.005,272.2107103295802,48.96067415730337,1.2857601780898111e-06,23,3,3,2024,7,178948.0,137074.5,1.0,1.3054798667877687,0,0,0,False,-0.005775844783021588,False,False,0.9141621532123609,False,False,-0.278792471881495,False,False,-0.578046938330705,False,False,0.445884948575178,False,False,0.6095301280840406,False,False,0.5286089634450808,False,False,-0.33824669088030285,False,False,-0.9173441074774243,False,0,0,False,37.995000000000005,False,1.0,False,False,False,No rule triggered,False
res-EM2XFZ8L,AI Platform,91.8667,Hours,asia-east1,71.61,22.98,68957858292,72151157511.0,2024-03-07 23:57:00,2024-07-07 19:49:00,8.18,751.47,751,62333,2923.866666666667,141109015803.0,47.295,48.63,47.295,52.705,678.5157189710744,21.31868758265311,4.417364804458851e-07,23,3,3,2024,7,26518.5,152969.0,2.350547730829421,0.4074877916440586,0,0,0,False,-0.6722302053746706,False,False,-0.9804787766326237,False,False,0.7011131135518558,False,False,-0.9094640408491098,False,False,0.5904003394264701,False,False,0.5314275256714821,False,False,0.5614779592319505,False,False,-0.5500525239930557,False,False,1.0504035157293996,False,0,0,False,47.295,False,2.350547730829421,True,False,False,No rule triggered,False
res-6BOEVI0R,Cloud SQL,527.927,GB,europe-west3,3.09,72.71,37778937466,46123023685.0,2024-03-08 00:59:00,2024-08-08 18:04:00,2.43,1282.86,1283,106489,3689.0833333333335,83901961151.0,37.9,69.61999999999999,37.9,62.1,201.71160027806877,28.865978449931102,1.2692075195757303e-06,0,4,3,2024,8,250494.0,242775.0,0.4251159708416169,0.4386324786324786,0,0,0,False,-0.41987880335704975,False,False,0.4804352233233161,False,False,-1.6934350574143777,False,False,0.8364440638373591,False,False,-0.47271643365305044,False,False,-0.3500817155659689,False,False,-0.41167843366260526,False,False,-0.4922216504568503,False,False,-1.2587734605289451,False,0,0,False,37.9,False,0.42511597084161695,False,False,False,No rule triggered,False
res-919DA5VW,Cloud Dataproc,163.075,Requests,europe-north1,20.21,93.53,78724192890,83475645504.0,2024-03-08 02:12:00,2024-08-08 05:54:00,3.32,541.41,541,44903,3675.7,162199838394.0,56.870000000000005,73.32,56.870000000000005,43.13,275.3518319791507,12.216176510596622,2.768375138014997e-07,2,4,3,2024,8,225386.5,140809.5,0.1992266617565825,0.3188918361332154,0,0,0,False,-0.7718426009079419,False,False,-0.7419126829454374,False,False,-1.0951474817147002,False,False,1.567387292061214,False,False,0.9234059036852077,False,False,0.9149602401122003,False,False,0.920256591704668,False,False,-0.6198002223297254,False,False,-0.9021315589518422,False,0,0,False,56.870000000000005,False,0.19922666175658257,False,False,False,No rule triggered,False
res-3KHNOERC,Cloud Interconnect,607.4707,GB,southamerica-east1,18.05,9.28,69669692064,76918930113.0,2024-03-08 02:49:00,2024-05-08 21:27:00,2.75,1670.54,1671,138693,1482.6333333333334,146588622177.0,13.665,8.770000000000001,13.665,86.33500000000001,228.3122461708853,93.54504372850108,9.461375510613208e-07,2,4,3,2024,8,123504.0,98106.0,1.122983870967742,1.4137055837563453,1,0,0,False,-0.235833043990815,False,False,0.7469270478216601,False,False,-1.1706323627609212,False,False,-1.390440132427727,False,False,0.6146719435297975,False,False,0.6929003241778213,False,False,0.6546922315947286,False,False,0.0033796070462917163,False,False,-1.1299457163020912,False,0,0,False,13.665,True,1.122983870967742,False,False,False,No rule triggered,False
res-UATET0ZG,BigQuery,195.4914,Requests,europe-west1,61.71,91.21,22600367510,23271333009.0,2024-03-08 05:06:00,2024-09-08 04:25:00,2.4,469.18,469,38927,4415.316666666667,45871700519.0,76.46,29.499999999999996,76.46,23.540000000000006,199.12384892634665,8.816355187812125,8.486059936643614e-07,5,4,3,2024,8,192892.0,67396.0,0.2018072289156626,0.5775862068965517,0,0,0,False,-0.805995422233635,False,False,-0.6333094173232936,False,False,0.35514074209000945,False,False,1.4859373261880464,False,False,-0.9902645682289023,False,False,-1.124012595261673,False,False,-1.0586159745412822,False,False,-0.6458512438712546,False,False,-1.2713060197233959,False,0,0,False,76.46,False,0.20180722891566266,False,False,False,No rule triggered,False
res-X0NWEN6B,Cloud Interconnect,577.1848,GB,australia-southeast1,38.24,36.55,30752391797,39657922545.0,2024-03-08 05:30:00,2024-07-08 01:48:00,7.42,4282.71,4283,355489,2924.3,70410314342.0,37.395,1.6900000000000048,37.395,62.605,615.9015275523541,121.56379304448927,5.048819953754269e-06,5,4,3,2024,8,123504.0,95574.5,2.8783602150537635,3.7194963091619626,0,0,0,False,1.003155418546827,False,False,0.6454615043835953,False,False,-0.4650584052038829,False,False,-0.433051955978903,False,False,-0.7123026143041113,False,False,-0.5690388808603895,False,False,-0.6411865323179652,False,False,0.2180723725471858,False,False,0.7471610655436126,False,0,0,False,37.394999999999996,False,2.8783602150537635,True,False,False,No rule triggered,False
res-73GJ8ZUQ,Cloud Functions,113.7167,Hours,australia-southeast1,22.19,50.81,72922188358,73740836405.0,2024-03-08 05:48:00,2024-07-08 23:31:00,8.26,939.3,939,77937,2945.7166666666667,146663024763.0,36.5,28.62,36.5,63.5,685.36107713291,26.45773807166337,5.314018316882679e-07,5,4,3,2024,8,32868.0,95574.5,2.371212121212121,0.8154580981328702,0,0,0,False,-0.583053394135361,False,False,-0.9072756648174979,False,False,-1.0259530074223309,False,False,0.0675844721897891,False,False,0.7255732599617294,False,False,0.5852660622730317,False,False,0.6559579033314443,False,False,-0.5106747149020284,False,False,1.083555795338231,False,0,0,False,36.5,False,2.371212121212121,True,False,False,No rule triggered,False
res-NXRJ4YNL,Cloud VPC,661.2917,Requests,us-central1,24.84,34.47,91385878855,94431571544.0,2024-03-08 06:01:00,2024-09-08 01:43:00,6.55,4331.46,4331,359473,4411.7,185817450399.0,29.655,9.63,29.655,70.345,543.5921848104248,81.48174173221207,1.934549199916988e-06,6,4,3,2024,8,181604.0,42579.0,1.979433272394881,8.442495126705653,1,0,1,False,1.0259239660972892,False,False,0.9272412208652245,False,False,-0.9333442413239579,False,False,-0.5060760633134668,False,False,1.3551351094514348,False,False,1.2860106625180787,False,False,1.3220187563080057,False,False,-0.08905505652300194,False,False,0.3969647000303674,False,0,0,False,29.655,True,1.979433272394881,True,True,True,Low utilization with cost at 1.98x the service median,True
res-MHUZ0UCB,Cloud NAT,593.7,GB,southamerica-east1,25.5,89.97,32996592113,40478716789.0,2024-03-08 07:49:00,2024-04-08 15:05:00,5.58,3312.85,3313,274979,751.2666666666667,73475308902.0,57.735,64.47,57.735,42.265,463.1615293919488,366.0204987132842,3.742468104036988e-06,7,4,3,2024,8,199573.5,98106.0,1.3778332293616136,2.802876480541455,0,0,0,False,0.5430410201312402,False,False,0.7007916660425961,False,False,-0.9102794165598348,False,False,1.4424037237385952,False,False,-0.6357814604320886,False,False,-0.5412405870573296,False,False,-0.5890475248407334,False,True,2.0912140175714176,False,False,0.0074365680443764706,False,1,0,True,57.735,False,1.3778332293616136,True,False,True,IQR outlier in 1 feature(s),False
res-M8RGW39R,Cloud Storage,376.4622,GB,europe-west3,13.08,0.58,42831912294,43777704078.0,2024-03-08 09:32:00,2024-06-08 16:14:00,9.62,3621.57,3622,300626,2214.7,86609616372.0,6.83,12.5,6.83,93.17,798.555605317081,135.741183907527,3.471046433328728e-06,9,4,3,2024,8,158364.0,242775.0,1.89832285115304,1.2382905982905985,1,0,1,False,0.6896135449873395,False,False,-0.027010757933235895,False,False,-1.3443174825756057,False,False,-1.6958775044521042,False,False,-0.3004236745939943,False,False,-0.4295119552076869,False,False,-0.3656181705691906,False,False,0.3267061740650793,False,False,1.6317603683981579,False,0,0,False,6.83,True,1.89832285115304,True,True,True,Low utilization with cost at 1.90x the service median,True
res-ALHVTEHO,Kubernetes Engine,110.3167,Hours,us-east1,49.67,26.17,79950895147,87873607051.0,2024-03-08 09:57:00,2024-08-08 00:16:00,7.61,839.51,840,69720,3662.3166666666666,167824502198.0,37.92,23.5,37.92,62.08,631.9986003932315,19.03713041380911,4.154339746990227e-07,9,4,3,2024,8,45027.5,137074.5,1.5483870967741935,0.508628519527702,0,0,0,False,-0.6300135234581888,False,False,-0.9186665380518882,False,False,-0.06561757633429663,False,False,-0.7974703377735047,False,False,0.9652331289528537,False,False,1.0639084425536218,False,False,1.0159384542309333,False,False,-0.567534882420382,False,False,0.8251196832065623,False,0,0,False,37.92,False,1.5483870967741935,True,False,False,No rule triggered,False
res-X2N9B19G,Container Registry,302.3678,GB,asia-east1,90.78,86.3,17717813072,18693727301.0,2024-03-08 14:06:00,2024-05-08 04:14:00,9.77,2954.13,2954,245182,1454.1333333333334,36411540373.0,88.53999999999999,4.480000000000004,88.53999999999999,11.460000000000008,810.8733800358372,168.6103979460847,6.733634377682305e-06,14,4,3,2024,8,151807.0,152969.0,1.615090213231274,1.602821486706457,0,0,0,False,0.37275125824340966,False,False,-0.2752460278680027,False,False,1.3710414328370675,False,False,1.3135583035857832,False,False,-1.1567464534576921,False,False,-1.279044906118799,False,False,-1.2195439471469185,False,False,0.5785654695030807,False,False,1.6914157292982652,False,0,0,False,88.53999999999999,False,1.6150902132312739,True,False,False,No rule triggered,False
res-RMKORSAL,Cloud Run,136.75,Hours,europe-west1,4.02,94.8,6223155302,10482162987.0,2024-03-08 15:34:00,2024-09-08 08:19:00,7.49,1024.26,1024,84992,4408.75,16705318289.0,49.41,90.78,49.41,50.59,621.5137111517367,19.278026651545225,5.0877210795776895e-06,15,4,3,2024,8,39508.0,67396.0,2.1512605042016806,1.2610837438423643,0,0,0,False,-0.5427340911814178,False,False,-0.8301081940911209,False,False,-1.6609346225194774,False,False,1.6119741268279908,False,False,-1.5486831578835065,False,False,-1.5571505081645332,False,False,-1.5547689664649516,False,False,-0.565689022746381,False,False,0.7743410429099014,False,0,0,False,49.41,False,2.1512605042016806,True,False,False,No rule triggered,False
res-QZSVFSSA,Cloud Spanner,325.0195,Requests,southamerica-east1,7.74,32.63,4134917123,11405712912.0,2024-03-08 16:43:00,2024-08-08 22:03:00,9.87,3207.94,3208,266264,3677.3333333333335,15540630035.0,20.185,24.89,20.185,79.815,819.2246926722859,72.40681653372009,1.7133410897777673e-05,16,4,3,2024,8,198951.0,98106.0,1.338339591155611,2.7140439932318103,1,0,1,False,0.49323482236460453,False,False,-0.19935701514934437,False,False,-1.5309328829398743,False,False,-0.5706743121094269,False,False,-1.6198864252021319,False,False,-1.5258721307336311,False,False,-1.574581624659017,False,False,-0.15859137899069448,False,False,1.731861392633735,False,0,0,False,20.185000000000002,True,1.338339591155611,True,True,True,Low utilization with cost at 1.34x the service median,True
res-YB8GRSNJ,Cloud Functions,110.75,Hours,europe-north1,53.2,42.02,53292001133,58798521388.0,2024-03-08 19:23:00,2024-08-08 10:08:00,1.54,170.56,171,14193,3662.75,112090522521.0,47.61,11.18,47.61,52.39,128.15349887133183,3.87495734079585,1.2662087463586374e-07,19,4,3,2024,8,32868.0,140809.5,0.4318181818181818,0.1007957559681697,0,0,0,False,-0.9473501549427534,False,False,-0.9172148717658701,False,False,0.05774428944957389,False,False,-0.24101259678656448,False,False,0.05623703071719173,False,False,0.0792063938764796,False,False,0.06784072478015475,False,False,-0.6837145459498639,False,False,-1.615017602570592,False,0,0,False,47.61,False,0.4318181818181818,False,False,False,No rule triggered,False
res-J1A4NFH8,Cloud VPN,789.3788,GB,us-east1,32.32,14.03,97102223452,103176000000.0,2024-03-08 23:10:00,2024-05-08 17:38:00,6.17,4870.47,4870,404210,1458.4666666666667,200278223452.0,23.175,18.29,23.175,76.825,512.060876223177,277.1472322530512,2.018242388178941e-06,23,4,3,2024,8,223104.0,137074.5,1.8117559523809523,2.9488343929760825,1,0,1,False,1.2815957812993524,False,False,1.3563659029418924,False,False,-0.6719428939972295,False,False,-1.223678348851199,False,False,1.5500469813435973,False,False,1.582163069941302,False,False,1.5680127832393027,False,True,1.41022547164237,False,False,0.2442576050905065,False,1,0,True,23.175,True,1.8117559523809523,True,True,True,IQR outlier in 1 feature(s); Low utilization with cost at 1.81x the service median,True
res-2UBLDDOC,Cloud Endpoints,957.9646,GB,australia-southeast1,92.23,25.12,82309446703,88424557528.0,2024-03-08 23:28:00,2024-09-08 14:42:00,6.52,6245.93,6246,518418,4407.233333333334,170734004231.0,58.675,67.11,58.675,41.325,541.1661349490367,117.62889794807022,3.036407435853199e-06,23,4,3,2024,8,328680.0,95574.5,1.5772727272727274,5.424229266174555,0,1,0,False,1.9342941444125974,False,False,1.9211716314472669,False,False,1.4217141539097622,False,False,-0.8343334688798951,False,False,1.0456533504656356,False,False,1.0825677878676734,False,False,1.0654323587987797,False,False,0.1879213654241072,False,False,0.3852152661149716,False,0,0,False,58.675000000000004,False,1.5772727272727274,True,False,False,No rule triggered,False
res-UB3MG63E,Cloud NAT,144.2559,Requests,us-west1,99.71,0.93,91717311680,95042899077.0,2024-04-07 01:20:00,2024-08-07 10:05:00,4.99,719.84,720,59760,2936.75,186760210757.0,50.32,98.78,50.32,49.68,414.26381867223455,20.34902528305099,3.199825046125898e-07,1,6,4,2024,7,199573.5,83996.0,0.2994385527136619,0.7114624505928854,0,0,0,False,-0.6869348923343439,False,False,-0.804961501323471,False,False,1.6831155012364902,False,False,-1.6835897940833073,False,False,1.366436071321571,False,False,1.3067148310675767,False,False,1.3380561711851793,False,False,-0.5574825301776909,False,False,-0.22937654526349185,False,0,0,False,50.32,False,0.2994385527136619,False,False,False,No rule triggered,False
res-6OMQ4VML,Cloud Armor,324.2647,GB,northamerica-northeast1,40.23,67.49,55430618756,56713923891.0,2024-04-07 01:45:00,2024-07-07 11:41:00,2.94,953.34,953,79099,2193.9333333333334,112144542647.0,53.86,27.26,53.86,46.14,243.9334284613774,36.05351119754474,7.053308001708275e-07,1,6,4,2024,7,206089.0,92296.0,0.3838099073701168,0.8570143884892086,0,0,0,False,-0.5764125677664762,False,False,-0.20188578900737897,False,False,-0.3955144638696331,False,False,0.6531816406227329,False,False,0.12915810065745748,False,False,0.008606174508068564,False,False,0.06875966792941601,False,False,-0.4371474119421114,False,False,-1.0542918511760555,False,0,0,False,53.86,False,0.3838099073701168,False,False,False,No rule triggered,False
res-L7CEPN9U,Kubernetes Engine,112.6667,Hours,asia-northeast1,99.25,14.54,48787684778,49550324250.0,2024-04-07 02:25:00,2024-08-07 19:05:00,2.71,305.33,305,25315,2944.6666666666665,98338009028.0,56.895,84.71000000000001,56.895,43.105,224.6892826363069,8.596898347294545,2.574284373887619e-07,2,6,4,2024,7,45027.5,90677.5,0.5622119815668203,0.2791762013729977,0,0,0,False,-0.8837879596977136,False,False,-0.9107934344928243,False,False,1.6670400173099804,False,False,-1.2057733994566666,False,False,-0.09734796008414794,False,False,-0.23400742684658687,False,False,-0.1661050098061599,False,False,-0.6475328248535978,False,False,-1.1474918398607648,False,0,0,False,56.894999999999996,False,0.5622119815668203,False,False,False,No rule triggered,False
res-SXWYPIJP,Cloud Storage,670.2735,Requests,asia-northeast1,46.23,64.83,19597849520,29080373672.0,2024-04-07 07:15:00,2024-07-07 20:33:00,8.42,5643.7,5644,468452,2197.3,48678223192.0,55.53,18.6,55.53,44.47,698.8967936223049,213.194374914668,9.623440817720469e-06,7,6,4,2024,7,158364.0,90677.5,2.958071278825996,5.166132723112129,0,1,0,False,1.6487386105505526,False,False,0.9573325576936501,False,False,-0.1858342387412414,False,False,0.5597950418198774,False,False,-1.0926423013921422,False,False,-0.9272745939362211,False,False,-1.0108738648024096,False,False,0.9201887591247692,False,False,1.149109685602748,False,0,0,False,55.53,False,2.958071278825996,True,False,False,No rule triggered,False
res-U8V4KCX7,Cloud Armor,734.7722,Requests,australia-southeast1,26.61,62.42,11961130390,21953273498.0,2024-04-07 09:30:00,2024-09-07 08:16:00,7.1,5216.88,5217,433011,3670.766666666667,33914403888.0,44.515,35.81,44.515,55.485,589.3132592659331,117.96200612042897,1.2767760902712288e-05,9,6,4,2024,7,206089.0,95574.5,2.1010873942811115,4.530612244897959,0,0,0,False,1.4461934062995674,False,False,1.1734197681298173,False,False,-0.8714885749110823,False,False,0.4751853789947339,False,False,-1.3530337448198462,False,False,-1.1686520476025393,False,False,-1.2620230495773916,False,False,0.19047379608145418,False,False,0.6183932664443051,False,0,0,False,44.515,False,2.1010873942811115,True,False,False,No rule triggered,False
res-R4MY6SNT,AI Platform,40.5167,Hours,australia-southeast1,72.28,1.07,66864225934,75372480341.0,2024-04-07 09:45:00,2024-06-07 02:16:00,1.69,68.47,68,5644,1456.5166666666669,142236706275.0,36.675,71.21000000000001,36.675,63.325,139.30058469717426,3.87499856964676,3.9680333915268736e-08,9,6,4,2024,7,26518.5,95574.5,0.2128325508607198,0.0590534085974815,0,0,0,False,-0.9962076632281198,False,False,-1.1525144650402532,False,False,0.7245274053578595,False,False,-1.6786747099357886,False,False,0.5190131452104418,False,False,0.6405258522221787,False,False,0.5806612435088437,False,False,-0.6837142300351197,False,False,-1.5610319238982475,False,0,0,False,36.675,False,0.21283255086071987,False,False,False,No rule triggered,False
res-AK01OOOD,Cloud Build,527.2681,Requests,asia-northeast1,61.56,43.96,26482469626,27726221853.0,2024-04-07 11:56:00,2024-08-07 22:22:00,8.95,4719.05,4719,391677,2938.4333333333334,54208691479.0,52.760000000000005,17.6,52.760000000000005,47.24,742.8422087359353,133.29449933638105,7.225354261718943e-06,11,6,4,2024,7,249996.0,90677.5,1.5667330677290836,4.319450800915332,0,0,0,False,1.2099697254635238,False,False,0.4782277390956279,False,False,0.3498987364617997,False,False,-0.1729035735995195,False,False,-0.8578953981296762,False,False,-0.9731364044857964,False,False,-0.9167943740484401,False,False,0.3079585322284057,False,False,1.3619386793427288,False,0,0,False,52.760000000000005,False,1.5667330677290836,True,False,False,No rule triggered,False
res-CFVZ9YM8,Cloud VPC,636.7192,Requests,europe-north1,69.63,29.21,3777085117,6701606221.0,2024-04-07 12:00:00,2024-10-07 08:40:00,1.12,713.13,713,59179,4388.666666666667,10478691338.0,49.42,40.42,49.42,50.58,92.94363983369747,13.484505544584534,5.647556368550799e-06,12,6,4,2024,7,181604.0,140809.5,0.3258683729433272,0.4202770409666961,0,0,0,False,-0.6902553055187863,False,False,0.8449170348205025,False,False,0.6319186392594863,False,False,-0.690742796284527,False,False,-1.6320875276599842,False,False,-1.6851887205285245,False,False,-1.6606908997019625,False,False,-0.610081691898513,False,False,-1.785540030207918,False,0,0,False,49.42,False,0.32586837294332727,False,False,False,No rule triggered,False
res-79FPROWE,Cloud Data Fusion,216.1677,Requests,europe-north1,53.52,54.18,68550645302,76772333973.0,2024-04-07 17:08:00,2024-09-07 13:45:00,9.74,2105.47,2105,174715,3668.616666666667,145322979275.0,53.85,0.6599999999999966,53.85,46.15,808.2382335566322,47.624218029502494,1.202253083935063e-06,17,6,4,2024,7,174715.0,140809.5,1.0,1.2407898614795168,0,0,0,False,-0.029967426555387495,False,False,-0.564038501953816,False,False,0.0689272347897548,False,False,0.18589756916934663,False,False,0.5765154791293216,False,False,0.6879354714148985,False,False,0.6331622212018608,False,False,-0.3484872429767685,False,False,1.678653634047225,False,0,0,False,53.85,False,1.0,False,False,False,No rule triggered,False
res-20XGKVRF,Cloud Endpoints,727.624,Requests,australia-southeast1,75.76,98.84,28995209715,34724604400.0,2024-04-07 19:24:00,2024-06-07 21:39:00,6.77,4926.01,4926,408858,1466.25,63719814115.0,87.30000000000001,23.08,87.30000000000001,12.699999999999989,561.9083482677867,278.84603580562657,6.416497061057065e-06,19,6,4,2024,7,328680.0,95574.5,1.243939393939394,4.277898393399913,0,0,0,False,1.3081590867748913,False,False,1.1494714622315618,False,False,0.8461419359323269,False,False,1.7538094122278167,False,False,-0.7722177651572865,False,False,-0.7361183020687526,False,False,-0.7549994721236313,False,True,1.4232424992274322,False,False,0.48567044163566725,False,1,0,True,87.30000000000001,False,1.243939393939394,False,False,True,IQR outlier in 1 feature(s),False
res-U7QQJ58L,Cloud Storage,698.7765,GB,europe-west1,53.88,17.8,15702113681,16748005664.0,2024-04-07 21:28:00,2024-09-07 22:23:00,2.73,1907.66,1908,158364,3672.9166666666665,32450119345.0,35.84,36.08,35.84,64.16,226.6304032834533,43.11668746454907,4.880228584564548e-06,21,6,4,2024,7,158364.0,67396.0,1.0,2.3497536945812807,0,0,0,False,-0.12341334046040874,False,False,1.0528249282230109,False,False,0.08150804829745828,False,False,-1.0913221543073022,False,False,-1.225476344527921,False,False,-1.344941739728047,False,False,-1.2869321778781844,False,False,-0.3830260509605155,False,False,-1.1380909330086657,False,0,0,False,35.84,False,1.0,False,False,False,No rule triggered,False
res-IGDCS3TU,Cloud Load Balancing,960.8627,GB,europe-north1,15.27,94.05,93545537622,98590543085.0,2024-04-08 02:23:00,2024-06-08 22:53:00,1.81,1739.16,1739,144337,1484.5,192136080707.0,54.66,78.78,54.66,45.34,150.21605063866045,97.22937015830246,7.512227764243212e-07,2,0,4,2024,8,360842.5,140809.5,0.4,1.025051576775715,0,0,0,False,-0.20357760162766048,False,False,1.930881010776851,False,False,-1.2677842004037427,False,False,1.5856433188948549,False,False,1.4287736254263472,False,False,1.4268648579031067,False,False,1.429505770208179,False,False,0.031610639820146814,False,False,-1.5081679874324616,False,0,0,False,54.66,False,0.4,False,False,False,No rule triggered,False
res-8YQ9D8TD,Kubernetes Engine,73.45,Hours,europe-west1,56.31,71.53,93719184439,100431000000.0,2024-04-08 04:48:00,2024-07-08 06:15:00,7.25,532.51,533,44239,2185.45,194150184439.0,63.92,15.22,63.92,36.08,602.3008849557522,20.242512983596058,2.2785968567492885e-07,4,0,4,2024,8,45027.5,67396.0,0.9824884792626728,0.6564039408866995,0,0,0,False,-0.775637358833019,False,False,-1.0421794516607987,False,False,0.16642853947445693,False,False,0.7950169260225588,False,False,1.4346945116807113,False,False,1.4891966328016684,False,False,1.4637679417999838,False,False,-0.5582986772466392,False,False,0.6812927361498121,False,0,0,False,63.92,False,0.9824884792626728,False,False,False,No rule triggered,False
res-AGO278CW,Compute Engine,127.7333,Hours,asia-southeast1,14.64,17.36,5838993983,8497442468.0,2024-04-08 05:25:00,2024-09-08 13:09:00,7.8,996.32,996,82668,3679.733333333333,14336436451.0,16.0,2.719999999999999,16.0,84.0,647.1922356973475,22.465758388289007,5.766286502405813e-06,5,0,4,2024,8,33947.0,136369.0,2.43520782396088,0.6062081558125381,1,0,1,False,-0.5560157439191873,False,False,-0.8603164548830406,False,False,-1.2898006240422237,False,False,-1.1067695616280753,False,False,-1.561782018619465,False,False,-1.6243681385358828,False,False,-1.5950663129842748,False,False,-0.5412631308367102,False,False,0.8987029251594706,False,0,0,False,16.0,True,2.43520782396088,True,True,True,Low utilization with cost at 2.44x the service median,True
res-5QMXZ068,Pub/Sub,468.1951,GB,asia-southeast1,92.1,60.77,81939046283,86683174597.0,2024-04-08 06:10:00,2024-08-08 16:29:00,1.54,721.02,721,59843,2938.3166666666666,168622220880.0,76.435,31.32999999999999,76.435,23.565,127.81637398597292,20.366422951916917,3.548939142640475e-07,6,0,4,2024,8,187829.0,136369.0,0.3186036235086169,0.4388314059646987,0,0,0,False,-0.6864605475937093,False,False,0.2803180171617642,False,False,1.4171710823653134,False,False,0.41725760154183483,False,False,1.0330236991234591,False,False,1.023591406523104,False,False,1.0295085469378926,False,False,-0.5573492210995458,False,False,-1.616650308734139,False,0,0,False,76.435,False,0.3186036235086169,False,False,False,No rule triggered,False
res-1M0Q8CHS,Cloud Spanner,313.9518,Requests,asia-southeast1,87.12,92.54,8742956924,16294699180.0,2024-04-08 06:28:00,2024-08-08 13:38:00,1.28,401.86,402,33366,2935.1666666666665,25037656104.0,89.83000000000001,5.420000000000002,89.83000000000001,10.169999999999987,106.27746042545384,11.36766793481347,1.3326327297334145e-06,6,0,4,2024,8,198951.0,136369.0,0.1677096370463079,0.2446743761412051,0,0,0,False,-0.8377765198561549,False,False,-0.23643665270706826,False,False,1.2431364955087487,False,False,1.5326306255894746,False,False,-1.4627647457572184,False,False,-1.3602941217862525,False,False,-1.4130265212062212,False,False,-0.6263018920021173,False,False,-1.7209639279702869,False,0,0,False,89.83000000000001,False,0.1677096370463079,False,False,False,No rule triggered,False
res-723DJQ6D,Cloud Data Fusion,967.0035,Requests,asia-northeast1,7.96,10.82,65566056958,69139290269.0,2024-04-08 06:46:00,2024-08-08 05:39:00,8.99,8693.36,8693,721519,2926.883333333333,134705347227.0,9.39,2.8600000000000003,9.39,90.61,746.1389746779613,246.514437997187,5.356275863230027e-06,6,0,4,2024,8,174715.0,90677.5,4.1296912114014255,7.956979405034325,1,1,1,True,3.0950157247455263,True,False,1.9514542679408935,False,False,-1.5232446080185,False,False,-1.336374206805021,False,False,0.4747490983443233,False,False,0.4294229476655386,False,False,0.4525443486725314,False,False,1.1755026708620158,False,False,1.377905017952192,False,1,1,True,9.39,True,4.1296912114014255,True,True,True,IQR outlier in 1 feature(s); Z-score outlier in 1 feature(s); Low utilization with cost at 4.13x the service median,True
res-78Q0LVMD,Cloud Spanner,788.1574,GB,southamerica-east1,13.67,83.33,57395783635,66477797434.0,2024-04-08 07:26:00,2024-06-08 16:56:00,2.61,2057.09,2057,170731,1473.5,123873581069.0,48.5,69.66,48.5,51.5,216.6204364762673,115.8676620291822,1.3782680578589192e-06,7,0,4,2024,8,198951.0,98106.0,0.8581560283687943,1.7402707275803722,0,0,0,False,-0.05273597410584952,False,False,1.3522738992452796,False,False,-1.323698927104647,False,False,1.2092883041705647,False,False,0.19616490170714326,False,False,0.33928469398881256,False,False,0.26828381389899225,False,False,0.17442595184011078,False,False,-1.1865695093842754,False,0,0,False,48.5,False,0.8581560283687943,False,False,False,No rule triggered,False
res-0DCGVMQZ,Dataflow,34.35,Hours,australia-southeast1,43.47,0.06,63239879907,65056157071.0,2024-04-08 08:13:00,2024-05-08 18:34:00,1.06,36.41,36,2988,730.35,128296036978.0,21.765,43.41,21.765,78.235,86.98689956331877,4.091189155884165,2.328988541175576e-08,8,0,4,2024,8,39051.5,95574.5,0.0765143464399575,0.0312635692574902,1,0,0,False,-1.0113866949284278,False,False,-1.173174493856287,False,False,-0.28228714230030155,False,False,-1.714133531285745,False,False,0.3954327597875208,False,False,0.29113721149627864,False,False,0.34351476690501614,False,False,-0.6820576766211498,False,False,-1.8143887061036181,False,0,0,False,21.765,True,0.0765143464399575,False,False,False,No rule triggered,False
res-7HPPI6FR,Cloud Run,82.8667,Hours,europe-west1,58.16,83.44,40399318096,48297071888.0,2024-04-08 09:27:00,2024-07-08 20:19:00,8.17,677.02,677,56191,2194.866666666667,88696389984.0,70.8,25.28,70.8,29.200000000000003,678.0890273173663,25.601099535279285,6.335207104836661e-07,9,0,4,2024,8,39508.0,67396.0,1.4222689075630253,0.833743842364532,0,0,0,False,-0.7073317161816328,False,False,-1.0106310881354215,False,False,0.23107994222237752,False,False,1.213150156000758,False,False,-0.3833685497043977,False,False,-0.2764520195358293,False,False,-0.33011980252009426,False,False,-0.5172386801360509,False,False,1.048337034958627,False,0,0,False,70.8,False,1.4222689075630253,True,False,False,No rule triggered,False
res-6KHDCRDB,Kubernetes Engine,26.9667,Hours,europe-west1,52.87,12.57,32172473599,36455010138.0,2024-04-08 10:51:00,2024-05-08 13:49:00,5.68,153.17,153,12699,722.9666666666667,68627483737.0,32.72,40.3,32.72,67.28,470.9141274238227,17.565125178661994,1.850424831058381e-07,10,0,4,2024,8,45027.5,67396.0,0.2820276497695853,0.188423645320197,0,0,0,False,-0.9558883602741767,False,False,-1.1979104451361322,False,False,0.046211877067512154,False,False,-1.2749356549610371,False,False,-0.6638816701900917,False,False,-0.6775136914065163,False,False,-0.6715144876944121,False,False,-0.5788140751923876,False,False,0.04498263817997318,False,0,0,False,32.72,False,0.2820276497695853,False,False,False,No rule triggered,False
res-82OZQF0P,Cloud Interconnect,60.418,GB,europe-west1,73.04,7.02,65950112568,67804396568.0,2024-04-08 14:38:00,2024-05-08 23:00:00,7.09,428.36,428,35524,728.3666666666667,133754509136.0,40.03,66.02000000000001,40.03,59.97,587.970472375782,48.7721385748936,2.6559104608488093e-07,14,0,4,2024,8,123504.0,67396.0,0.2876344086021505,0.5270935960591133,0,0,0,False,-0.8254435565996546,False,False,-1.0858399987168499,False,False,0.7510869005407894,False,False,-1.469783633666243,False,False,0.4878443546896234,False,False,0.3842133624771563,False,False,0.43636952246459,False,False,-0.33969133871687773,False,False,0.6118901083355667,False,0,0,False,40.03,False,0.28763440860215056,False,False,False,No rule triggered,False
res-CUF8T9GJ,Compute Engine,90.0333,Hours,us-central1,27.91,20.82,35168275881,35549490094.0,2024-04-08 16:44:00,2024-08-08 10:46:00,2.56,230.49,230,19090,2922.0333333333333,70717765975.0,24.365,7.09,24.365,75.63499999999999,212.03265902727105,6.533121912823263,2.699463103337945e-07,16,0,4,2024,8,33947.0,42579.0,0.5623471882640587,0.4483430799220272,1,0,0,False,-0.9193638152453105,False,False,-0.9866211375114269,False,False,-0.8260578594665974,False,False,-0.9852967676965414,False,False,-0.5617329244846843,False,False,-0.7081814408597784,False,False,-0.6359564339676849,False,False,-0.6633464454080092,False,False,-1.2087882563331465,False,0,0,False,24.365000000000002,True,0.5623471882640587,False,False,False,No rule triggered,False
res-WN4BM9FD,BigQuery,804.4451,Requests,australia-southeast1,99.56,53.42,50602995142,59486535960.0,2024-05-07 01:13:00,2024-06-07 07:09:00,6.8,5470.23,5470,454010,749.9333333333333,110089531102.0,76.49000000000001,46.14,76.49000000000001,23.50999999999999,564.3766119030372,605.4004800426706,4.124007028237329e-06,1,1,5,2024,7,192892.0,95574.5,2.3537005163511187,4.750325662179765,0,1,0,False,1.5662026256801278,False,False,1.4068418774746263,False,False,1.6778734956082808,False,False,0.15921568379710227,False,False,-0.035450792216036114,False,False,0.10250776489979108,False,False,0.03380160839192937,False,True,3.925455425621425,True,False,0.49762431815309316,False,1,1,True,76.49000000000001,False,2.3537005163511187,True,False,True,IQR outlier in 1 feature(s); Z-score outlier in 1 feature(s),False
res-MMDE8EPH,Cloud Memorystore,314.7352,Requests,asia-southeast1,39.3,69.62,21937055382,31689047998.0,2024-05-07 01:50:00,2024-10-07 11:08:00,3.65,1148.78,1149,95367,3681.3,53626103380.0,54.46,30.320000000000007,54.46,45.54,303.00709930125385,25.905794148806127,1.778369002950294e-06,1,1,5,2024,7,86071.0,136369.0,1.1080038572806172,0.6993304930006087,0,0,0,False,-0.48344099860208956,False,False,-0.2338120615035913,False,False,-0.42801489876453386,False,False,0.7279611351528393,False,False,-1.0128817156599905,False,False,-0.8389251739923758,False,False,-0.926704853383812,False,False,-0.5149039674594228,False,False,-0.7681962507847837,False,0,0,False,54.46,False,1.1080038572806172,False,False,False,No rule triggered,False
res-SQ9YX98C,Cloud CDN,598.3014,Requests,europe-west3,43.99,26.46,84689113235,91029191150.0,2024-05-07 07:36:00,2024-09-07 18:27:00,6.56,3924.86,3925,325775,2962.85,175718304385.0,35.225,17.53,35.225,64.775,544.4998123019602,109.95325446782658,1.8539616640405587e-06,7,1,5,2024,7,178948.0,242775.0,1.820500927643785,1.3418803418803418,0,0,0,False,0.833340001399631,False,False,0.7162075378369263,False,False,-0.26411485612250746,False,False,-0.7872890920393588,False,False,1.1267935354843397,False,False,1.1707803590485257,False,False,1.1502209148339897,False,False,0.12910699411910115,False,False,0.4013603678199365,False,0,0,False,35.225,False,1.8205009276437847,True,False,False,No rule triggered,False
res-4DX4UZEY,Firestore,533.6245,Requests,australia-southeast1,96.4,52.4,72632018521,72843203438.0,2024-05-07 09:25:00,2024-10-07 21:26:00,5.08,2710.81,2711,225013,3684.016666666667,145475221959.0,74.4,44.00000000000001,74.4,25.599999999999994,421.6691699875099,61.07817101804642,1.5467445037713469e-06,9,1,5,2024,7,221070.5,95574.5,1.0178336774920218,2.354320451584889,0,0,0,False,0.2574854862691956,False,False,0.4995233116330039,False,False,1.5674419103739945,False,False,0.12340578500803723,False,False,0.7156792542494084,False,False,0.5548654288300195,False,False,0.635752040623736,False,False,-0.24539676090513352,False,False,-0.193512201630696,False,0,0,False,74.4,False,1.0178336774920218,False,False,False,No rule triggered,False
res-RD9ZXRO7,Cloud Functions,129.45,Hours,us-west1,8.92,70.83,11207230058,17444929033.0,2024-05-07 10:24:00,2024-10-07 19:51:00,7.82,1012.3,1012,83996,3681.45,28652159091.0,39.875,61.91,39.875,60.125,648.8682889146389,22.816009996061336,2.931576630341418e-06,10,1,5,2024,7,32868.0,83996.0,2.555555555555556,1.0,0,0,0,False,-0.5484262280690333,False,False,-0.8545650689767236,False,False,-1.4896957719979573,False,False,0.7704415052849651,False,False,-1.378739704710256,False,False,-1.3213386495366881,False,False,-1.3515397568493965,False,False,-0.53857933915687,False,False,0.906820102315914,False,0,0,False,39.875,False,2.5555555555555554,True,False,False,No rule triggered,False
res-73ZAL0VC,Cloud Build,364.2323,GB,asia-northeast1,58.32,34.34,69480115831,74023232018.0,2024-05-07 13:27:00,2024-09-07 10:25:00,4.75,1730.1,1730,143590,2948.9666666666667,143503347849.0,46.33,23.98,46.33,53.67,394.2264318677943,48.69163209711876,1.0006038336547463e-06,13,1,5,2024,7,249996.0,90677.5,0.5743691899070386,1.5835240274599542,0,0,0,False,-0.2078467042933721,False,False,-0.06798406398302104,False,False,0.2366714148924681,False,False,-0.5106400700218768,False,False,0.6082079073239174,False,False,0.5948301110906903,False,False,0.6022082424365542,False,False,-0.34030821701359576,False,False,-0.3264182243497151,False,0,0,False,46.33,False,0.5743691899070386,False,False,False,No rule triggered,False
res-4QU0YIQZ,Cloud VPC,453.4353,GB,europe-west3,9.78,85.01,37576289546,45693849488.0,2024-05-07 14:57:00,2024-11-07 02:10:00,6.45,2924.66,2925,242775,4403.216666666666,83270139034.0,47.395,75.23,47.395,52.605,535.4126597554271,55.13582873126843,2.915510924040521e-06,14,1,5,2024,7,181604.0,242775.0,1.336837294332724,1.0,0,0,0,False,0.3589952607650055,False,False,0.23086889634854238,False,False,-1.4596416063962212,False,False,1.2682693139407895,False,False,-0.47962617898977883,False,False,-0.36461679607866593,False,False,-0.4224264390628313,False,False,-0.29092976756126154,False,False,0.35735100922269586,False,0,0,False,47.395,False,1.336837294332724,True,False,False,No rule triggered,False
res-8EKE64Y9,Cloud Spanner,961.1396,Requests,us-central1,55.96,8.8,13441390615,15127259133.0,2024-05-07 15:29:00,2024-11-07 07:37:00,8.81,8467.64,8468,702844,4408.133333333333,28568649748.0,32.38,47.16,32.38,67.62,731.2610988039614,159.44254559753185,2.4601932754949465e-05,15,1,5,2024,7,198951.0,42579.0,3.532749269920734,16.50682261208577,0,1,0,True,2.988288158102735,False,False,1.931808696894087,False,False,0.15419719300863402,False,False,-1.4072918495049338,False,False,-1.3025608794342145,False,False,-1.3998324612193005,False,False,-1.3529603447734075,False,False,0.5083170957367493,False,False,1.305851008607549,False,1,0,True,32.38,False,3.532749269920734,True,False,True,IQR outlier in 1 feature(s),False
res-RJHBOG4O,Cloud Build,475.9021,Requests,asia-east1,52.04,45.49,13042409238,19758151862.0,2024-05-07 16:26:00,2024-08-07 00:55:00,6.33,3012.46,3012,249996,2192.483333333333,32800561100.0,48.765,6.549999999999997,48.765,51.235,525.3097223147365,114.02412789150812,7.621698886120579e-06,16,1,5,2024,7,249996.0,152969.0,1.0,1.6342919153553987,0,0,0,False,0.40026325320021794,False,False,0.30613844657866,False,False,0.017206112591418025,False,False,-0.11918872541592207,False,False,-1.3161650640178373,False,False,-1.2429954492735935,False,False,-1.280970769162249,False,False,0.16029993080152338,False,False,0.30842217321647447,False,0,0,False,48.765,False,1.0,False,False,False,No rule triggered,False
res-VN7DLO1M,Cloud Interconnect,506.0399,Requests,asia-southeast1,2.5,40.41,64079190131,66145003338.0,2024-05-07 18:19:00,2024-11-07 03:18:00,4.0,2024.16,2024,167992,4400.983333333334,130224193469.0,21.455,37.91,21.455,78.545,331.9738226175446,38.171469254977104,1.2900214278538857e-06,18,1,5,2024,7,123504.0,136369.0,1.3602150537634408,1.2318928788800974,1,0,1,False,-0.06838935054679217,False,False,0.40710781697966203,False,False,-1.7140536128853365,False,False,-0.29753606448302994,False,False,0.42405096572001916,False,False,0.32801377180075236,False,False,0.37631487918368917,False,False,-0.4209186264443381,False,False,-0.6279095209994405,False,0,0,False,21.455,True,1.3602150537634408,True,True,True,Low utilization with cost at 1.36x the service median,True
res-K27AH0K9,Cloud CDN,187.2887,Requests,europe-north1,81.86,14.13,32806148614,40584125808.0,2024-05-07 19:28:00,2024-07-07 02:42:00,8.83,1653.76,1654,137282,1447.2333333333331,73390274422.0,47.995,67.73,47.995,52.005,732.9967050868526,94.85823525347216,1.870574828629437e-06,19,1,5,2024,7,178948.0,140809.5,0.7671614100185529,0.9749484232242852,0,0,0,False,-0.24389690458160365,False,False,-0.6607905690526268,False,False,1.059316831479525,False,False,-1.2201675744601141,False,False,-0.6422750680601633,False,False,-0.5376706413601297,False,False,-0.5904940570618354,False,False,0.013441894871804994,False,False,1.3142566030879146,False,0,0,False,47.995,False,0.7671614100185529,False,False,False,No rule triggered,False
res-RL3ZN00U,Cloud Armor,61.0941,GB,asia-east1,47.88,61.95,86373536028,91987231536.0,2024-05-07 20:36:00,2024-10-07 08:09:00,9.86,602.39,602,49966,3659.55,178360767564.0,54.915000000000006,14.07,54.915000000000006,45.085,817.8531151125886,13.653591288546403,2.801400817142763e-07,20,1,5,2024,7,206089.0,152969.0,0.2424486508256141,0.3266413456321215,0,0,0,False,-0.7429075717292297,False,False,-1.083574890071623,False,False,-0.12817217683093346,False,False,0.4586847393566354,False,False,1.184227791602097,False,False,1.2032268440475418,False,False,1.1951721879116783,False,False,-0.6087860778235038,False,False,1.7252188004290214,False,0,0,False,54.915000000000006,False,0.24244865082561418,False,False,False,No rule triggered,False
res-332C4VUK,BigQuery,868.9443,GB,europe-north1,7.93,58.75,21532985039,26104172138.0,2024-05-07 21:34:00,2024-08-07 06:45:00,6.41,5569.93,5570,462310,2193.1833333333334,47637157177.0,33.34,50.82,33.34,66.66,532.0364032539255,210.7940512649041,9.704819250280764e-06,21,1,5,2024,7,192892.0,140809.5,2.3967297762478483,3.283230179781904,0,1,0,False,1.6136370997435905,False,False,1.62293076303921,False,False,-1.524293009144142,False,False,0.3463399588419218,False,False,-1.0266594202041799,False,False,-1.028071261632211,False,False,-1.0285835695597245,False,False,0.9017963563571357,False,False,0.3409996953947429,False,0,0,False,33.34,False,2.3967297762478483,True,False,False,No rule triggered,False
res-GN2VQM09,Cloud Functions,93.35,Hours,us-west1,39.94,64.89,44483443936,52798878897.0,2024-05-07 23:57:00,2024-09-07 21:18:00,6.69,624.51,625,51875,2949.35,97282322833.0,52.415,24.950000000000003,52.415,47.585,555.7043385109802,17.588621221625104,5.332417903821168e-07,23,1,5,2024,7,32868.0,83996.0,1.5782828282828285,0.6175889328063241,0,0,0,False,-0.7319976426946334,False,False,-0.9755093406712791,False,False,-0.40564900808417204,False,False,0.5619015064545283,False,False,-0.24411091766182913,False,False,-0.12398682524914043,False,False,-0.184063420282006,False,False,-0.5786340375188572,False,False,0.45562423203041064,False,0,0,False,52.415,False,1.5782828282828283,True,False,False,No rule triggered,False
res-7I5BNPH4,Kubernetes Engine,128.65,Hours,australia-southeast1,35.24,50.33,83290683034,91928101174.0,2024-05-08 00:53:00,2024-10-08 09:32:00,5.13,659.97,660,54780,3680.65,175218784208.0,42.785,15.089999999999996,42.785,57.215,425.8064516129032,14.883240731935937,3.126377131744697e-07,0,2,5,2024,8,45027.5,95574.5,1.216589861751152,0.5731654363873209,0,0,0,False,-0.7153955767724215,False,False,-0.857245274443639,False,False,-0.5698985177680788,False,False,0.050732755112581934,False,False,1.0791108523356556,False,False,1.2012242432891023,False,False,1.1417235143545477,False,False,-0.599363928511247,False,False,-0.17347521977776437,False,0,0,False,42.785,False,1.2165898617511521,False,False,False,No rule triggered,False
res-K7ZK8W1L,Cloud CDN,618.0578,GB,europe-west3,37.03,47.91,88779763311,89159125555.0,2024-05-08 04:10:00,2024-07-08 13:35:00,9.39,5803.56,5804,481732,1473.4166666666667,177938888866.0,42.47,10.879999999999995,42.47,57.53,779.4287200970524,326.9489282280414,2.7072890196744834e-06,4,2,5,2024,8,178948.0,242775.0,2.692022263450835,1.984273504273504,0,1,0,False,1.7246337690520928,False,False,0.7823965519451348,False,False,-0.5073439172714419,False,False,-0.03422798515167019,False,False,1.2662736263080137,False,False,1.1074458105659903,False,False,1.187995556384637,False,True,1.791829365339518,False,False,1.5391282764214869,False,1,0,True,42.47,False,2.692022263450835,True,False,True,IQR outlier in 1 feature(s),False
res-3LCAI3LD,Cloud VPC,551.7888,Requests,europe-north1,22.38,66.68,91262089886,96432298119.0,2024-05-08 04:32:00,2024-09-08 18:36:00,1.84,1015.29,1015,84245,2966.0666666666666,187694388005.0,44.53,44.30000000000001,44.53,55.47,152.6761688530104,28.402935425142164,4.488413366826705e-07,4,2,5,2024,8,181604.0,140809.5,0.4638939670932358,0.5982905982905983,0,0,0,False,-0.5470031938471294,False,False,0.5603783818363673,False,False,-1.0193131336265986,False,False,0.6247443680549464,False,False,1.350914240807502,False,False,1.353770378863555,False,False,1.3539475776999534,False,False,-0.4957697027420075,False,False,-1.4962535594383775,False,0,0,False,44.53,False,0.4638939670932358,False,False,False,No rule triggered,False
res-B5CBCS7N,Cloud Build,169.6846,Requests,europe-west1,9.72,54.35,77891960564,80290494361.0,2024-05-08 06:06:00,2024-10-08 00:38:00,3.27,554.87,555,46065,3666.533333333333,158182454925.0,32.035000000000004,44.63,32.035000000000004,67.965,271.474252819643,12.5636386777701,2.912143449906696e-07,6,2,5,2024,8,249996.0,67396.0,0.1842629482071713,0.6834975369458128,0,0,0,False,-0.7652017745390571,False,False,-0.7197688253777828,False,False,-1.4617384086475051,False,False,0.19186588563419085,False,False,0.8950290349087943,False,False,0.8070869601428226,False,False,0.8519163768596869,False,False,-0.6171378046487607,False,False,-0.9209107937942311,False,0,0,False,32.035000000000004,False,0.18426294820717132,False,False,False,No rule triggered,False
res-6TMZ7XGI,Cloud Interconnect,33.5644,GB,us-central1,64.51,55.66,14816960426,16678511128.0,2024-05-08 06:07:00,2024-06-08 19:21:00,5.34,179.23,179,14857,757.2333333333333,31495471554.0,60.085,8.850000000000009,60.085,39.915,442.6416083707738,19.620108288946604,4.71718608007732e-07,6,2,5,2024,8,123504.0,42579.0,0.1202956989247311,0.3489278752436647,0,0,0,False,-0.9435553970176764,False,False,-1.1758064556247978,False,False,0.4529915138165924,False,False,0.2378570301574015,False,False,-1.255657673682576,False,False,-1.3472953497144193,False,False,-1.303171811371391,False,False,-0.5630678332017475,False,False,-0.09194203905873391,False,0,0,False,60.085,False,0.12029569892473119,False,False,False,No rule triggered,False
res-R357HHSJ,BigQuery,108.1187,Requests,us-east1,65.62,2.46,16232800047,19510703401.0,2024-05-08 11:05:00,2024-07-08 16:37:00,5.04,544.92,545,45235,1469.5333333333333,35743503448.0,34.04,63.16,34.04,65.96000000000001,418.382758949192,30.78188086921018,1.2655446622855069e-06,11,2,5,2024,8,192892.0,137074.5,0.2345094664371773,0.3300030275507115,0,0,0,False,-0.7699452219454034,False,False,-0.9260304025722381,False,False,0.4917823554653449,False,False,-1.62987494589971,False,False,-1.207381376453569,False,False,-1.2513759235157997,False,False,-1.2309080071952474,False,False,-0.47754110978795744,False,False,-0.2094283911237888,False,0,0,False,34.04,False,0.2345094664371773,False,False,False,No rule triggered,False
res-7G3IAMPQ,Cloud Interconnect,30.7914,GB,asia-east1,99.67,25.22,31693150202,35848821301.0,2024-05-08 12:29:00,2024-06-08 20:02:00,3.39,104.38,104,8632,751.55,67541971503.0,62.445,74.45,62.445,37.555,280.3380164591412,11.485596434036326,1.278020141833822e-07,12,2,5,2024,8,123504.0,152969.0,0.0698924731182795,0.0564297341291372,0,0,0,False,-0.9791312525652733,False,False,-1.185096717824493,False,False,1.6817176330689678,False,False,-0.8308226944888104,False,False,-0.6802253001035177,False,False,-0.6980438248891059,False,False,-0.6899802726663609,False,False,-0.6253982686696127,False,False,-0.8779833145278375,False,0,0,False,62.445,False,0.06989247311827956,False,False,False,No rule triggered,False
res-12TS2RYR,Cloud Run,110.8,Hours,us-central1,17.24,65.59,4984717928,7461405073.0,2024-05-08 12:56:00,2024-10-08 03:44:00,6.1,675.88,676,56108,3662.8,12446123001.0,41.415,48.35000000000001,41.415,58.585,506.3898916967509,15.318335699464887,4.508070504806351e-06,12,2,5,2024,8,39508.0,42579.0,1.4201680672268908,1.317738791423002,0,0,0,False,-0.7078060609222675,False,False,-0.9170473589241879,False,False,-1.1989391931532543,False,False,0.5864769271921221,False,False,-1.5909105188641999,False,False,-1.6594561914890986,False,False,-1.627222672538747,False,False,-0.5960300273159853,False,False,0.21679285303040088,False,0,0,False,41.415,False,1.4201680672268908,True,False,False,No rule triggered,False
res-EJ3TCI72,Compute Engine,90.7333,Hours,northamerica-northeast1,22.41,61.79,35788463783,41202319167.0,2024-05-08 13:18:00,2024-09-08 08:02:00,8.75,793.92,794,65902,2946.733333333333,76990782950.0,42.1,39.38,42.1,57.9,726.3264975483091,22.364426144204884,8.559725914568063e-07,13,2,5,2024,8,33947.0,92296.0,1.941320293398533,0.7140287769784173,0,0,0,False,-0.6518333815273817,False,False,-0.984275957727876,False,False,-1.0182647325009566,False,False,0.4530675003308996,False,False,-0.5405861963873031,False,False,-0.5167339440742963,False,False,-0.5292453542050092,False,False,-0.5420395858979793,False,False,1.2819525833217045,False,0,0,False,42.1,False,1.941320293398533,True,False,False,No rule triggered,False
res-ETVN9GGT,Dataflow,76.6833,Hours,asia-northeast1,66.18,54.39,6641579564,6709560828.0,2024-05-08 14:21:00,2024-08-08 19:02:00,1.59,121.93,122,10126,2212.6833333333334,13351140392.0,60.285,11.790000000000006,60.285,39.715,132.0496118450823,4.576343956432988,7.584370849749656e-07,14,2,5,2024,8,39051.5,90677.5,0.2592986184909671,0.111670480549199,0,0,0,False,-0.9705930472338501,False,False,-1.0313470662405768,False,False,0.5113525098106615,False,False,0.19327019539062473,False,False,-1.53441602356933,False,False,-1.6849193174423183,False,False,-1.6118273080143892,False,False,-0.6783401935653866,False,False,-1.596148607897166,False,0,0,False,60.285000000000004,False,0.2592986184909671,False,False,False,No rule triggered,False
res-O0TIM29P,Container Registry,320.712,GB,asia-east1,51.38,64.92,6365195429,8569198627.0,2024-05-08 14:45:00,2024-10-08 04:45:00,7.23,2318.75,2319,192477,3662.0,14934394056.0,58.150000000000006,13.54,58.150000000000006,41.85,600.1552795031056,52.5606226105953,1.2888169367853996e-05,14,2,5,2024,8,151807.0,152969.0,1.2679059595407327,1.258274552360282,0,0,0,False,0.07154234794042238,False,False,-0.21378824646026676,False,False,-0.00585871217270495,False,False,0.5629547387718539,False,False,-1.543839974172731,False,False,-1.621937932909269,False,False,-1.5848943810516574,False,False,-0.3106622016377054,False,False,0.6709015031106196,False,0,0,False,58.150000000000006,False,1.2679059595407327,True,False,False,No rule triggered,False
res-VA3KJDZY,Cloud Endpoints,315.848,GB,us-east1,40.42,3.39,22470722254,31363688005.0,2024-05-08 17:04:00,2024-08-08 06:08:00,1.1,347.43,347,28801,2197.0666666666666,53834410259.0,21.905,37.03,21.905,78.095,91.1862668118842,13.108842092486952,5.349923935534349e-07,17,2,5,2024,8,328680.0,137074.5,0.0876262626262626,0.2101120193763245,1,0,0,False,-0.8638654805910593,False,False,-0.23008389569911206,False,False,-0.3888745900739006,False,False,-1.5972247440626213,False,False,-0.9946851204017297,False,False,-0.8499443212918243,False,False,-0.9231613188981457,False,False,-0.6129602010182053,False,False,-1.7940510416727367,False,0,0,False,21.905,True,0.08762626262626262,False,False,False,No rule triggered,False
res-YXBRWF8R,Compute Engine,137.0667,Hours,southamerica-east1,28.29,4.12,38561687282,45947923845.0,2024-05-08 20:18:00,2024-11-08 13:22:00,2.9,397.49,397,32951,4409.066666666667,84509611127.0,16.205,24.17,16.205,83.795,240.40120612811137,7.473463771622112,3.899083141026604e-07,20,2,5,2024,8,33947.0,98106.0,0.9706601466992664,0.3358714043993231,1,0,0,False,-0.840148243559328,False,False,-0.8290471677519058,False,False,-0.8127781118751326,False,False,-1.5715960910077025,False,False,-0.4460267844776185,False,False,-0.3560119189424789,False,False,-0.4013416235893751,False,False,-0.6561411061580316,False,False,-1.0713985123126282,False,0,0,False,16.205,True,0.9706601466992665,False,False,False,No rule triggered,False
res-0IY5CRHC,Cloud Endpoints,446.8464,Requests,us-central1,53.22,40.17,77665417376,82152580105.0,2024-06-07 00:15:00,2024-07-07 06:00:00,7.93,3543.49,3543,294069,725.75,159817997481.0,46.695,13.049999999999995,46.695,53.305,658.0986218082992,405.19324836376165,1.8400243066176605e-06,0,4,6,2024,7,328680.0,42579.0,0.8946969696969697,6.906432748538012,0,0,0,False,0.6521403104772041,False,False,0.20879438909734424,False,False,0.05844322353333506,False,False,-0.3059619230216332,False,False,0.8873045256374897,False,False,0.8701512505866055,False,False,0.8797387967326327,False,True,2.391373951902825,False,False,0.9515228877273878,False,1,0,True,46.695,False,0.8946969696969697,False,False,True,IQR outlier in 1 feature(s),False
res-URCNWFQT,Container Registry,134.4698,GB,southamerica-east1,73.31,17.42,78806557651,81285853739.0,2024-06-07 00:29:00,2024-07-07 23:32:00,3.22,432.99,433,35939,743.05,160092411390.0,45.365,55.89,45.365,54.635,267.264471279053,48.36686629432744,2.2448909156880185e-07,0,4,6,2024,7,151807.0,98106.0,0.2367413887370147,0.3663282571912014,0,0,0,False,-0.8230718328964814,False,False,-0.8377474497231965,False,False,0.7605225106715668,False,False,-1.1046630969934244,False,False,0.9262143190058806,False,False,0.8407973481377886,False,False,0.8844068862098314,False,False,-0.3427967245324378,False,False,-0.941298894960922,False,0,0,False,45.365,False,0.23674138873701475,False,False,False,No rule triggered,False
res-5JQE0V7N,Container Registry,227.7202,GB,us-west1,54.59,42.02,79528411554,87175086484.0,2024-06-07 00:54:00,2024-08-07 02:20:00,8.03,1828.59,1829,151807,1465.4333333333334,166703498038.0,48.30500000000001,12.57,48.30500000000001,51.69499999999999,666.6382692444499,103.59188408434365,9.106407591122992e-07,0,4,6,2024,7,151807.0,83996.0,1.0,1.8073122529644268,0,0,0,False,-0.16088657497054415,False,False,-0.5253346598831413,False,False,0.10632020827098466,False,False,-0.24101259678656448,False,False,0.9508275824435385,False,False,1.0402512591719288,False,False,0.9968689116473902,False,False,0.08036319814866111,False,False,0.9928806622763521,False,0,0,False,48.30500000000001,False,1.0,False,False,False,No rule triggered,False
res-BCMWHPZX,Cloud Endpoints,477.7968,GB,asia-east1,43.56,38.53,16295257581,24012462997.0,2024-06-07 02:37:00,2024-08-07 00:39:00,9.77,4668.07,4668,387444,1462.0333333333333,40307720578.0,41.045,5.030000000000001,41.045,58.955,810.8970173094503,265.00353389115617,9.61215356373854e-06,2,4,6,2024,7,328680.0,152969.0,1.1787878787878787,2.532826912642431,0,0,0,False,1.1857781436911579,False,False,0.31248617820136565,False,False,-0.2791419389233755,False,False,-0.36353862303542395,False,False,-1.2052517436682928,False,False,-1.098912334991473,False,False,-1.1532655362510968,False,True,1.3171747735073107,False,False,1.6915302053396188,False,1,0,True,41.045,False,1.1787878787878787,False,False,True,IQR outlier in 1 feature(s),False
res-LN6R2D91,Kubernetes Engine,33.5167,Hours,asia-east1,76.81,64.04,43593721610,52263568746.0,2024-06-07 02:55:00,2024-07-07 12:26:00,8.29,277.85,278,23074,729.5166666666667,95857290356.0,70.42500000000001,12.769999999999996,70.42500000000001,29.57499999999999,688.4329304495967,31.62916085993009,2.40711999205345e-07,2,4,6,2024,7,45027.5,152969.0,0.5124423963133641,0.1508410200759631,0,0,0,False,-0.8965952676948484,False,False,-1.1759662628757626,False,False,0.8828359753297954,False,False,0.5320599241303078,False,False,-0.27444803976533566,False,False,-0.1421164709697777,False,False,-0.2083048267573249,False,False,-0.47104885410909925,False,False,1.0984328752023478,False,0,0,False,70.42500000000001,False,0.5124423963133641,False,False,False,No rule triggered,False
res-KC83Q99Y,Cloud Run,80.2667,Hours,europe-west1,31.15,9.74,93211993022,101672000000.0,2024-06-07 03:49:00,2024-09-07 12:05:00,7.62,611.63,612,50796,2216.266666666667,194883993022.0,20.445,21.41,20.445,79.555,632.8402687540412,22.91962459391168,2.606473687875728e-07,3,4,6,2024,7,39508.0,67396.0,1.2857142857142858,0.7536945812807881,1,0,1,False,-0.7381641243228835,False,False,-1.0193417559028963,False,False,-0.7128305378972659,False,False,-1.3742905702287367,False,False,1.4174006577470297,False,False,1.5312262679529565,False,False,1.4762508517846247,False,False,-0.5377853956332717,False,False,0.8291959089022513,False,0,0,False,20.445,True,1.2857142857142858,True,True,True,Low utilization with cost at 1.29x the service median,True
res-IP58UFOC,Cloud Load Balancing,922.2978,Requests,asia-northeast1,34.33,16.97,65971441196,72148237230.0,2024-06-07 10:10:00,2024-12-07 09:43:00,6.19,5709.02,5709,473847,4391.55,138119678426.0,25.65,17.36,25.65,74.35,513.7678957924436,107.89971650100762,3.430698691163488e-06,10,4,6,2024,7,360842.5,90677.5,1.3131684876365728,5.2256292906178485,1,1,1,False,1.6795710186918034,False,False,1.801678691013046,False,False,-0.6017000185792183,False,False,-1.1204615817533061,False,False,0.48857160315021364,False,False,0.5313286228955199,False,False,0.5106259655986009,False,False,0.11337182549378816,False,False,0.25252475323968326,False,0,0,False,25.65,True,1.3131684876365728,True,True,True,Low utilization with cost at 1.31x the service median,True
res-SRHDS40W,Pub/Sub,45.1096,Requests,southamerica-east1,6.62,2.48,5964998640,14068838454.0,2024-06-07 10:53:00,2024-08-07 06:09:00,7.8,351.85,352,29216,1459.2666666666669,20033837094.0,4.55,4.140000000000001,4.55,95.45,647.6670154468228,20.02101512175065,1.4583327129454397e-06,10,4,6,2024,7,187829.0,98106.0,0.1555457357490057,0.2978003384094754,1,0,0,False,-0.8614937568878862,False,False,-1.1371270704290088,False,False,-1.5700731916305075,False,False,-1.629172791021493,False,False,-1.5574856010144298,False,False,-1.435678581263578,False,False,-1.4981471149527577,False,False,-0.5599958974892639,False,False,0.9010022980534952,False,0,0,False,4.55,True,0.15554573574900574,False,False,False,No rule triggered,False
res-ASTO68FD,Cloud Dataproc,107.9329,Requests,southamerica-east1,97.14,54.14,91345077372,95871025046.0,2024-06-07 11:18:00,2024-12-07 02:04:00,4.22,455.48,455,37765,4382.766666666666,187216102418.0,75.64,43.0,75.64,24.36,349.8933133456064,8.616703300046394,2.0171875983018579e-07,11,4,6,2024,7,225386.5,98106.0,0.1675566194071073,0.3849407783417936,0,0,0,False,-0.8126362486025197,False,False,-0.9266528802919292,False,False,1.5933024714731627,False,False,0.18449325941291275,False,False,1.3537438893644442,False,False,1.3347614324667523,False,False,1.3458114014984384,False,False,-0.6473810700400993,False,False,-0.5411248775929571,False,0,0,False,75.64,False,0.16755661940710734,False,False,False,No rule triggered,False
res-Y50DHQFX,Cloud Run,92.4167,Hours,us-central1,81.9,53.13,87648117518,89269249455.0,2024-06-07 12:26:00,2024-10-07 08:51:00,2.56,236.59,237,19671,2924.4166666666665,176917366973.0,67.515,28.770000000000003,67.515,32.485,212.85114054061657,6.72646966631522,1.1118750146785795e-07,12,4,6,2024,7,39508.0,42579.0,0.4978991596638655,0.4619883040935672,0,0,0,False,-0.9160434020608681,False,False,-0.9786361353741193,False,False,1.0607146996470478,False,False,0.14903443806295638,False,False,1.2276875690664193,False,False,1.1111754377524827,False,False,1.1706183191417483,False,False,-0.6618649244652851,False,False,-1.2048243252511512,False,0,0,False,67.515,False,0.49789915966386555,False,False,False,No rule triggered,False
res-GXCYBT0U,Cloud Load Balancing,156.8948,GB,northamerica-northeast1,52.3,67.42,71864987424,75402314789.0,2024-06-07 15:58:00,2024-11-07 20:24:00,5.12,803.3,803,66649,3676.433333333333,147267302213.0,59.86,15.120000000000005,59.86,40.14,424.8005670041327,18.128711704278604,4.525716095729264e-07,15,4,6,2024,7,360842.5,92296.0,0.1847038527889591,0.7221223021582733,0,0,0,False,-0.64756427886167,False,False,-0.7626179402287252,False,False,0.02629225568031493,False,False,0.6507240985489737,False,False,0.6895255708283231,False,False,0.6415362720161997,False,False,0.66623734294124,False,False,-0.5744956115657964,False,False,-0.17834674980085333,False,0,0,False,59.86,False,0.18470385278895918,False,False,False,No rule triggered,False
res-ACEAM0OK,Cloud Dataproc,876.9623,Requests,australia-southeast1,69.75,67.91,48325139711,48893087132.0,2024-06-07 16:34:00,2024-09-07 09:33:00,9.61,8427.61,8428,699524,2200.983333333333,97218226843.0,68.83,1.8400000000000036,68.83,31.17,797.6671289062255,317.82339711795487,7.195399697318876e-06,16,4,6,2024,7,225386.5,95574.5,3.103664150248573,7.319148936170213,0,1,0,True,2.96931436847735,False,False,1.6497931223313693,False,False,0.6361122437620543,False,False,0.6679268930652891,False,False,-0.11311949437736923,False,False,-0.25626644076876576,False,False,-0.1851537652194765,False,True,1.7219052767018088,False,False,1.62745744987992,False,2,0,True,68.83,False,3.103664150248573,True,False,True,IQR outlier in 2 feature(s),False
res-ZKMC08Q6,Cloud VPN,749.8458,GB,us-central1,37.77,12.91,51132749322,59370257849.0,2024-06-07 19:49:00,2024-09-07 22:12:00,5.91,4431.59,4432,367856,2210.383333333333,110503007171.0,25.340000000000003,24.860000000000003,25.340000000000003,74.66,490.5755289954281,166.4218122045196,3.3289229806276145e-06,19,4,6,2024,7,223104.0,42579.0,1.6488095238095235,8.639376218323587,1,0,1,False,1.0738327849013862,False,False,1.2239201995374367,False,False,-0.48148335617227356,False,False,-1.2629990220313487,False,False,-0.01738760916008683,False,False,0.09856970963676855,False,False,0.04083530174153434,False,False,0.5617955016471523,False,False,0.14020340924750044,False,0,0,False,25.340000000000003,True,1.6488095238095237,True,True,True,Low utilization with cost at 1.65x the service median,True
res-CX98PG3J,Cloud CDN,334.1195,GB,asia-southeast1,89.13,2.68,84348089965,91125972851.0,2024-06-07 20:33:00,2024-10-07 10:18:00,7.71,2576.06,2576,213808,2917.75,175474062816.0,45.905,86.44999999999999,45.905,54.095,639.9147610360964,73.27838231514009,1.218459278646762e-06,20,4,6,2024,7,178948.0,136369.0,1.1948051948051948,1.567863664029215,0,0,0,False,0.19344894628352116,False,False,-0.16886967796318206,False,False,1.3133793709267596,False,False,-1.6221512422393234,False,False,1.115165565408958,False,False,1.174058118583055,False,False,1.1460660908227058,False,False,-0.15191303422167104,False,False,0.8634578920856587,False,0,0,False,45.905,False,1.1948051948051948,False,False,False,No rule triggered,False
res-DXFGDOXR,Cloud SQL,248.0948,Requests,europe-west3,3.98,48.93,89767050146,95190480103.0,2024-06-08 01:01:00,2024-11-08 15:41:00,4.93,1223.11,1223,101509,3686.6666666666665,184957530249.0,26.455,44.95,26.455,73.545,409.1540814237139,27.534086799276675,5.48823288585996e-07,1,5,6,2024,8,250494.0,242775.0,0.4052352551358515,0.4181196581196581,1,0,0,False,-0.4483394877951273,False,False,-0.4570745170003743,False,False,-1.6623324906869998,False,False,0.0015819136373948365,False,False,1.2999374339807228,False,False,1.311713039510794,False,False,1.3073905466153033,False,False,-0.5024272273939829,False,False,-0.25412315953636616,False,0,0,False,26.455,True,0.40523525513585157,False,False,False,No rule triggered,False
res-4ZQSMUOB,Cloud VPC,388.3619,Requests,northamerica-northeast1,28.47,9.27,16624322226,21659815981.0,2024-06-08 02:02:00,2024-07-08 16:03:00,1.0,388.36,388,32204,734.0166666666667,38284138207.0,18.87,19.2,18.87,81.13,82.922655389213,43.8736631774937,8.41183882104775e-07,2,5,6,2024,8,181604.0,92296.0,0.1773308957952468,0.3489208633093525,1,0,0,False,-0.8444173462250396,False,False,0.012856293310079972,False,False,-0.8064877051212809,False,False,-1.3907912098668351,False,False,-1.1940315303235374,False,False,-1.1785907360569414,False,False,-1.1876889501616141,False,False,-0.377225748905764,False,False,-1.8340719653390105,False,0,0,False,18.869999999999997,True,0.1773308957952468,False,False,False,No rule triggered,False
res-6P1VN6A6,Cloud Run,117.0833,Hours,australia-southeast1,87.35,70.7,51699509941,56177287267.0,2024-06-08 05:50:00,2024-11-08 02:55:00,5.94,695.47,695,57685,3669.0833333333335,107876797208.0,79.025,16.64999999999999,79.025,20.974999999999994,492.68341428709306,15.721910558949782,5.347303729158373e-07,5,5,6,2024,8,39508.0,95574.5,1.4600840336134453,0.6035605731654364,0,0,0,False,-0.6987935108502096,False,False,-0.8959966901613513,False,False,1.2511742374720032,False,False,0.7658774985765551,False,False,0.0019373932587711514,False,False,-0.009568395609206939,False,False,-0.003839485837089507,False,False,-0.5929376479348683,False,False,0.15041196238971918,False,0,0,False,79.025,False,1.4600840336134453,True,False,False,No rule triggered,False
res-2QQ6HOHO,BigQuery,851.117,GB,northamerica-northeast1,27.67,10.1,93663664453,101510000000.0,2024-06-08 06:00:00,2024-12-08 04:45:00,2.21,1880.97,1881,156123,4390.75,195173664453.0,18.885,17.57,18.885,81.115,183.43306501926293,35.55725103911632,7.999183723764953e-07,6,5,6,2024,8,192892.0,92296.0,0.8093803786574871,1.691546762589928,1,0,0,False,-0.13622064845754364,False,False,1.5632047293887847,False,False,-0.834445068471733,False,False,-1.3616517824208314,False,False,1.4328014304965635,False,False,1.525739724121765,False,False,1.4811784888851778,False,False,-0.4409499894454589,False,False,-1.34729696761412,False,0,0,False,18.885,True,0.8093803786574871,False,False,False,No rule triggered,False
res-WVOZ77BZ,Cloud VPN,510.126,GB,asia-east1,47.74,44.67,30086018529,39239617577.0,2024-06-08 06:27:00,2024-10-08 01:25:00,5.27,2688.36,2688,223104,2922.9666666666667,69325636106.0,46.205,3.0700000000000003,46.205,53.795,437.3507721621717,76.327931667598,3.218203431395428e-06,6,5,6,2024,8,223104.0,152969.0,1.0,1.4584915897992403,0,0,0,False,0.24657555723459923,False,False,0.42079730142761557,False,False,-0.13306471541726264,False,False,-0.1479770754228174,False,False,-0.7350241383201657,False,False,-0.5832058471674089,False,False,-0.6596381300451711,False,False,-0.12854596038739927,False,False,-0.11756572115180784,False,0,0,False,46.205,False,1.0,False,False,False,No rule triggered,False
res-0C0LFDHN,Cloud Interconnect,747.7278,GB,asia-southeast1,29.11,28.36,57109742860,66197385049.0,2024-06-08 06:33:00,2024-08-08 14:03:00,7.86,5877.14,5877,487791,1471.5,123307127909.0,28.735,0.75,28.735,71.265,652.3644031959224,331.4923547400612,3.95590269817968e-06,6,5,6,2024,8,123504.0,136369.0,3.949596774193549,3.576993304930006,1,1,1,False,1.7592609351184205,False,False,1.216824355563778,False,False,-0.7841218144409191,False,False,-0.7205843786087478,False,False,0.18641168582824147,False,False,0.32978781225355674,False,False,0.25864780803778065,False,True,1.8266432248631839,False,False,0.9237518910488584,False,1,0,True,28.735,True,3.9495967741935485,True,True,True,IQR outlier in 1 feature(s); Low utilization with cost at 3.95x the service median,True
res-9DNO9QPT,Cloud SQL,140.6604,Requests,us-central1,5.09,86.08,22144116941,24072541629.0,2024-06-08 07:40:00,2024-11-08 03:35:00,7.48,1052.14,1052,87316,3667.9166666666665,46216658570.0,45.585,80.99,45.585,54.415,620.7575124199846,23.80533908894695,1.8892754842445116e-06,7,5,6,2024,8,250494.0,42579.0,0.3485752153744201,2.050682261208577,0,0,0,False,-0.5294524384436482,False,False,-0.8170073497688386,False,False,-1.6235416490382473,False,False,1.3058345999253966,False,False,-1.0058214771847278,False,False,-1.0968776186471147,False,False,-1.05274784980294,False,False,-0.5309986368012191,False,False,0.770678749250139,False,0,0,False,45.585,False,0.34857521537442016,False,False,False,No rule triggered,False
res-JEOTOEFV,BigQuery,757.7714,Requests,australia-southeast1,34.57,79.93,53821049664,54208234208.0,2024-06-08 09:33:00,2024-11-08 11:24:00,1.62,1227.59,1228,101924,3673.85,108029283872.0,57.25,45.36000000000001,57.25,42.75,134.50494436712708,27.74310328402085,9.43484917670713e-07,9,5,6,2024,8,192892.0,95574.5,0.5283993115318416,1.0664350846721666,0,0,0,False,-0.44596776409195416,False,False,1.2504729950981668,False,False,-0.5933128095740826,False,False,1.089921974873682,False,False,0.0742761530530156,False,False,-0.07625540742491804,False,False,-0.0012455160407861385,False,False,-0.500825645301973,False,False,-1.5842573571577512,False,0,0,False,57.25,False,0.5283993115318416,False,False,False,No rule triggered,False
res-60OEWXWF,Cloud Functions,108.4167,Hours,us-west1,57.84,47.91,47845396038,50461064734.0,2024-06-08 10:40:00,2024-10-08 23:05:00,8.94,969.25,969,80427,2940.4166666666665,98306460772.0,52.875,9.930000000000009,52.875,47.125,741.832208506623,27.35224599688253,8.181252724226596e-07,10,5,6,2024,8,32868.0,83996.0,2.446969696969697,0.9575098814229248,0,0,0,False,-0.5688230519163222,False,False,-0.9250320260358121,False,False,0.21989699688219685,False,False,-0.03422798515167019,False,False,-0.12947745456436102,False,False,-0.2031628738570402,False,False,-0.16664168115199016,False,False,-0.5038205766940042,False,False,1.3570472172430796,False,0,0,False,52.875,False,2.446969696969697,True,False,False,No rule triggered,False
res-FNMVRLU5,Cloud SQL,747.5286,GB,asia-southeast1,99.27,57.33,89313187681,94130910810.0,2024-06-08 14:09:00,2024-08-08 11:15:00,5.84,4365.57,4366,362378,1461.1,183444098491.0,78.3,41.94,78.3,21.700000000000003,484.7680744255137,248.01724727944705,1.975413779897524e-06,14,5,6,2024,8,250494.0,136369.0,1.446653412856196,2.657334144856969,0,0,0,False,1.042526032019501,False,False,1.216156984402516,False,False,1.6677389513937415,False,False,0.2964869624885177,False,False,1.2844619529047276,False,False,1.2758280187192566,False,False,1.2816453688663934,False,False,1.1870178986543112,False,False,0.11207772857957177,False,0,0,False,78.3,False,1.446653412856196,True,False,False,No rule triggered,False
res-Z56ZPSDU,Compute Engine,125.2833,Hours,us-east1,28.85,92.55,20719596409,29680737705.0,2024-06-08 15:30:00,2024-11-08 20:47:00,2.45,306.94,307,25481,3677.283333333333,50400334114.0,60.7,63.7,60.7,39.3,203.38704360437504,6.929300162710697,5.05572045263922e-07,15,5,6,2024,8,33947.0,137074.5,0.7506112469437652,0.1858916136845292,0,0,0,False,-0.8828392702164444,False,False,-0.8685245841254688,False,False,-0.793207957529816,False,False,1.5329817030285828,False,False,-1.05439376997244,False,False,-0.9069417323206322,False,False,-0.9815788195809326,False,False,-0.6603107423100447,False,False,-1.2506592370932554,False,0,0,False,60.7,False,0.7506112469437652,False,False,False,No rule triggered,False
res-B4TR1ASK,Cloud Storage,257.9384,GB,us-central1,71.17,8.79,71763559810,72012540203.0,2024-06-08 18:06:00,2024-08-08 12:30:00,1.23,317.26,317,26311,1458.4,143776100013.0,39.98,62.38,39.98,60.02,102.0049748312,18.041003839824462,1.8299981706014424e-07,18,5,6,2024,8,158364.0,42579.0,0.1661425576519916,0.6179337231968811,0,0,0,False,-0.878095822810098,False,False,-0.42409592883271424,False,False,0.6857365637091072,False,False,-1.4076429269440425,False,False,0.6860671638392359,False,False,0.5267328964362736,False,False,0.6068480637608137,False,False,-0.5751676702563351,False,False,-1.7416557067927738,False,0,0,False,39.980000000000004,False,0.16614255765199162,False,False,False,No rule triggered,False
res-EO8OTO8A,Pub/Sub,569.517,GB,asia-southeast1,47.53,47.88,68319038330,77502869111.0,2024-06-08 18:40:00,2024-08-08 16:32:00,1.67,951.09,951,78933,1461.8666666666666,145821907441.0,47.705,0.3500000000000014,47.705,52.295,138.59638957221645,53.99466435607443,5.412972672294562e-07,18,5,6,2024,8,187829.0,136369.0,0.4202386212991604,0.5788192331101644,0,0,0,False,-0.5773612572477455,False,False,0.6197724050345785,False,False,-0.14040352329675637,False,False,-0.03528121746899542,False,False,0.5686183085354621,False,False,0.7126769100251611,False,False,0.6416495509078148,False,False,-0.29967390288430745,False,False,-1.5644423624947164,False,0,0,False,47.705,False,0.4202386212991604,False,False,False,No rule triggered,False
res-ZOGT34FS,Kubernetes Engine,83.7833,Hours,us-west1,76.93,36.58,8648174636,11656487141.0,2024-06-08 18:56:00,2024-10-08 06:43:00,3.78,316.7,317,26311,2915.7833333333333,20304661777.0,56.755,40.35000000000001,56.755,43.245,314.03632943557966,9.023647161711834,1.295810798966553e-06,18,5,6,2024,8,45027.5,83996.0,0.584331797235023,0.3132411067193676,0,0,0,False,-0.878095822810098,False,False,-1.0075602427217032,False,False,0.8870295798323634,False,False,-0.43199872366157754,False,False,-1.465996565124091,False,False,-1.5173790208623859,False,False,-1.4935400822499147,False,False,-0.644262875788127,False,False,-0.7147813508425331,False,0,0,False,56.755,False,0.584331797235023,False,False,False,No rule triggered,False
res-4IJ5Z6XM,Cloud CDN,45.4336,Requests,australia-southeast1,67.64,95.66,46536399963,53165909418.0,2024-06-08 21:27:00,2024-09-08 08:23:00,2.52,114.49,114,9462,2194.9333333333334,99702309381.0,81.65,28.02,81.65,18.349999999999994,208.25996619242147,4.310837079334224,9.490251588699056e-08,21,5,6,2024,8,178948.0,95574.5,0.0528756957328385,0.099001302648719,0,0,0,False,-0.9743878051589271,False,False,-1.136041587214908,False,False,0.5623746979252366,False,False,1.64216678659132,False,False,-0.1741106761884813,False,False,-0.11155639907104443,False,False,-0.14289672512122492,False,False,-0.6803746314719821,False,False,-1.227059523487067,False,0,0,False,81.65,False,0.05287569573283859,False,False,False,No rule triggered,False
res-TDS8CF7O,Cloud Storage,216.1408,Requests,asia-east1,44.68,72.15,54360034912,58284153066.0,2024-06-08 22:37:00,2024-09-08 15:21:00,1.84,397.7,398,33034,2200.733333333333,112644187978.0,58.415000000000006,27.47000000000001,58.415000000000006,41.585,152.8355590429942,15.010451061767291,2.932596931361582e-07,22,5,6,2024,8,158364.0,152969.0,0.2085953878406708,0.2159522517634292,0,0,0,False,-0.8396738988186934,False,False,-0.564128623862641,False,False,-0.2400016302327425,False,False,0.8167837272472848,False,False,0.09265409053164055,False,False,0.061785996691112795,False,False,0.07725919741927355,False,False,-0.598389183450225,False,False,-1.4954816278578347,False,0,0,False,58.415000000000006,False,0.20859538784067086,False,False,False,No rule triggered,False
res-4FELBDAQ,Cloud Armor,609.9901,Requests,us-east1,98.66,51.52,70591459011,75043755268.0,2024-07-07 00:52:00,2024-09-07 13:46:00,4.92,3001.15,3001,249083,1500.9,145635214279.0,75.09,47.13999999999999,75.09,24.91,408.339414033113,165.95575987740688,1.7103212381232218e-06,0,6,7,2024,7,206089.0,137074.5,1.2086186065243656,1.817135937026945,0,0,0,False,0.39504546105323707,False,False,0.7553676848883433,False,False,1.6464214618390218,False,False,0.09251097036649118,False,False,0.6461017004381516,False,False,0.6293927378923878,False,False,0.6384736900770974,False,False,0.5582243906797237,False,False,-0.25806861870488335,False,0,0,False,75.09,False,1.2086186065243656,False,False,False,No rule triggered,False
res-5K3QHZV3,Cloud Functions,65.3167,Hours,asia-southeast1,68.32,2.37,32960902132,42041161989.0,2024-07-07 00:53:00,2024-09-07 18:12:00,6.64,433.7,434,36022,1505.3166666666666,75002064121.0,35.345,65.94999999999999,35.345,64.655,551.4975496312582,23.929848647571387,4.802801152497097e-07,0,6,7,2024,7,32868.0,136369.0,1.095959595959596,0.2641509433962264,0,0,0,False,-0.8225974881558469,False,False,-1.0694280955658773,False,False,0.5861384567731207,False,False,-1.6330346428516864,False,False,-0.6369983921419363,False,False,-0.4883243890719298,False,False,-0.563075700023092,False,False,-0.5300445863127085,False,False,0.4352506244121252,False,0,0,False,35.345,False,1.095959595959596,False,False,False,No rule triggered,False
res-QC42LBFL,Cloud Interconnect,380.5532,GB,europe-north1,72.64,5.69,38592698190,43204718062.0,2024-07-07 04:23:00,2024-10-07 13:01:00,1.44,548.0,548,45484,2216.633333333333,81797416252.0,39.165,66.95,39.165,60.835,119.52073980720698,20.51940630686176,5.560566835005365e-07,4,6,7,2024,7,123504.0,140809.5,0.3682795698924731,0.3230179781903919,0,0,0,False,-0.7685221877234996,False,False,-0.013304857226797447,False,False,0.7371082188655631,False,False,-1.516476933067671,False,False,-0.44496939648695616,False,False,-0.448917590340056,False,False,-0.4474791113072439,False,False,-0.5561769910624981,False,False,-1.6568263195907105,False,0,0,False,39.165,False,0.3682795698924731,False,False,False,No rule triggered,False
res-LZN5MXKZ,Pub/Sub,793.7649,GB,asia-east1,27.33,95.49,84458700721,87023569683.0,2024-07-07 04:56:00,2024-12-07 05:15:00,2.2,1746.28,1746,144918,3672.3166666666666,171482270404.0,61.41,68.16,61.41,38.59,182.57043111883632,39.46228311828592,8.450902805204498e-07,4,6,7,2024,7,187829.0,152969.0,0.7715422006186479,0.9473684210526316,0,0,0,False,-0.20025718844321808,False,False,1.3710604644399393,False,False,-0.8463269478956753,False,False,1.6361984701264758,False,False,1.1189370926738962,False,False,1.035119755654346,False,False,1.0781612086630374,False,False,-0.41102780673160644,False,False,-1.3514747300614438,False,0,0,False,61.41,False,0.7715422006186479,False,False,False,No rule triggered,False
res-2JRVPSWP,Cloud Functions,38.2833,Hours,us-central1,1.31,91.65,62679280845,64790751395.0,2024-07-07 05:10:00,2024-08-07 19:27:00,4.98,190.65,191,15853,758.2833333333333,127470032240.0,46.48,90.34,46.48,53.52,414.097008356124,20.90643339121261,1.2436648615693488e-07,5,6,7,2024,7,32868.0,42579.0,0.4823232323232323,0.3723196881091618,0,0,0,False,-0.9378632601300609,False,False,-1.1599969286525142,False,False,-1.7556401908691341,False,False,1.50138473350882,False,False,0.37631784977793964,False,False,0.282148570296149,False,False,0.32946349654621626,False,False,-0.5532114084761398,False,False,-0.2301844127425329,False,0,0,False,46.480000000000004,False,0.4823232323232323,False,False,False,No rule triggered,False
res-G8DQRSLB,Kubernetes Engine,142.6833,Hours,europe-north1,71.19,48.74,71678352875,72257386501.0,2024-07-07 08:52:00,,4.01,572.16,572,47476,,143935739376.0,59.965,22.45,59.965,40.035,332.7369075427888,,3.298416377045839e-07,8,6,7,2024,7,45027.5,140809.5,1.0543778801843318,0.3371647509578544,0,0,0,False,-0.7571379139482686,False,False,-0.8102301152200598,False,False,0.6864354977928683,False,False,-0.005088557705666196,False,False,0.6831618380812752,False,False,0.5350252417812241,False,False,0.6095637090183105,False,False,,False,False,-0.6242138772933126,False,0,0,False,59.965,False,1.0543778801843318,False,False,False,No rule triggered,False
res-7KU20OYT,Cloud Endpoints,263.0482,Requests,asia-southeast1,48.44,61.01,69487180961,78309360135.0,2024-07-07 10:30:00,2024-12-07 00:33:00,7.5,1972.86,1973,163759,3662.05,147796541096.0,54.725,12.57,54.725,45.275000000000006,622.5437011163733,44.71784929206319,1.1080029260876392e-06,10,6,7,2024,7,328680.0,136369.0,0.4982323232323232,1.2008520998174073,0,0,0,False,-0.09258093231915808,False,False,-0.4069767864641591,False,False,-0.10860202248561708,False,False,0.42568346008043817,False,False,0.6084488091257759,False,False,0.7399907887451519,False,False,0.6752402920616388,False,False,-0.3707571999534037,False,False,0.7793293159110565,False,0,0,False,54.724999999999994,False,0.49823232323232325,False,False,False,No rule triggered,False
res-NMOO691Q,Cloud NAT,517.1946,GB,northamerica-northeast1,99.97,28.88,12227499618,13094464652.0,2024-07-07 10:32:00,,4.25,2198.08,2198,182434,,25321964270.0,64.425,71.09,64.425,35.575,352.73763492503593,,7.204575366064206e-06,10,6,7,2024,7,199573.5,92296.0,0.9141193595342066,1.9766187050359711,0,0,0,False,0.014146634323632687,False,False,0.44447892688191315,False,False,1.6922016443253873,False,False,-0.7023283517751069,False,False,-1.3439512754265215,False,False,-1.4686782391193665,False,False,-1.4081901192803032,False,False,,False,False,-0.5273497409135645,False,0,0,False,64.425,False,0.9141193595342066,False,False,False,No rule triggered,False
res-KI6SEH8K,Cloud VPN,194.6074,GB,southamerica-east1,71.48,83.84,50023921405,52243912598.0,2024-07-07 12:16:00,2024-11-07 01:58:00,7.04,1370.04,1370,113710,2941.7,102267834003.0,77.66,12.36,77.66,22.340000000000003,584.3046050664054,38.6545194955298,1.1118843095539145e-06,12,6,7,2024,7,223104.0,98106.0,0.5096726190476191,1.1590524534686972,0,0,0,False,-0.3786108109218373,False,False,-0.636271044364235,False,False,0.6965700420074075,False,False,1.2271932535650973,False,False,-0.05519563861691516,False,False,-0.14278217663369366,False,False,-0.09925426350149523,False,False,-0.4172172695118589,False,False,0.5941362004791605,False,0,0,False,77.66,False,0.5096726190476191,False,False,False,No rule triggered,False
res-V7ARIHDE,Cloud CDN,765.118,GB,asia-southeast1,77.63,99.01,60151911059,63678591085.0,2024-07-07 13:44:00,2024-12-07 12:33:00,4.05,3098.73,3099,257217,3670.8166666666666,123830502144.0,88.32,21.38000000000001,88.32,11.680000000000009,336.1795174077724,70.07078352228613,2.0771699665797003e-06,13,6,7,2024,7,178948.0,136369.0,1.4373840445269015,1.8861838101034691,0,0,0,False,0.44153124563543034,False,False,1.2750859919522175,False,False,0.9114922727640087,False,False,1.759777728692661,False,False,0.29014138375252124,False,False,0.24448242036944204,False,False,0.26755099289434875,False,False,-0.1764911568098262,False,False,-0.6075412120901449,False,0,0,False,88.32,False,1.4373840445269017,True,False,False,No rule triggered,False
res-6C3V0R66,Cloud Storage,217.4256,GB,asia-northeast1,18.53,30.3,20427670770,22033898860.0,2024-07-07 13:53:00,2024-11-07 07:22:00,9.19,1998.14,1998,165834,2945.483333333333,42461569630.0,24.415,11.77,24.415,75.58500000000001,762.7160739121796,56.30111639855373,3.9055080027666895e-06,13,6,7,2024,7,158364.0,90677.5,1.0471698113207548,1.82883295194508,1,0,0,False,-0.08072231380329244,False,False,-0.5598242138827749,False,False,-1.1538579447506498,False,False,-0.6524753554217027,False,False,-1.0643476437785548,False,False,-1.1659214637598314,False,False,-1.116626139466309,False,False,-0.28200078828841413,False,False,1.458188418166386,False,0,0,False,24.415,True,1.0471698113207548,False,False,False,No rule triggered,False
res-0XZC95XI,Cloud Interconnect,251.7631,GB,us-east1,48.02,36.94,17720150775,21629763823.0,2024-07-07 14:03:00,2024-11-07 11:10:00,5.91,1487.92,1488,123504,2949.116666666667,39349914598.0,42.48,11.080000000000004,42.48,57.52,490.55640004432735,41.87830254256925,3.1386090989452164e-06,14,6,7,2024,7,123504.0,137074.5,1.0,0.9009990917347864,0,0,0,False,-0.3226381315269515,False,False,-0.44478476985751725,False,False,-0.1232796382446043,False,False,-0.4193599358536723,False,False,-1.1566667441154845,False,False,-1.1796085291562555,False,False,-1.1695588940941064,False,False,-0.3925151355965218,False,False,0.14011076715040002,False,0,0,False,42.480000000000004,False,1.0,False,False,False,No rule triggered,False
res-366EBDKF,Cloud VPN,565.7255,GB,europe-west1,37.1,44.59,34872615846,35850067743.0,2024-07-07 15:53:00,2024-09-07 23:08:00,9.38,5306.51,5307,440481,1495.25,70722683589.0,40.845,7.490000000000002,40.845,59.155,778.6125956846562,294.5868583848855,6.228284584898177e-06,15,6,7,2024,7,223104.0,67396.0,1.9743303571428568,6.535714285714286,0,0,0,False,1.4888844329566837,False,False,0.6070699062498164,False,False,-0.5048976479782773,False,False,-0.1507856949356852,False,False,-0.5718141310823054,False,False,-0.6980016109467229,False,False,-0.6358727798181923,False,True,1.543856045988123,False,False,1.5351757608517103,False,1,0,True,40.845,False,1.9743303571428572,True,False,True,IQR outlier in 1 feature(s),False
res-F3P3S9SJ,Cloud Armor,410.0347,Requests,europe-north1,24.22,20.83,69278146151,72893012474.0,2024-07-07 17:00:00,2024-12-07 07:22:00,5.01,2054.27,2054,170482,3662.366666666667,142171158625.0,22.525,3.390000000000001,22.525,77.475,415.774567371981,46.54968098952408,1.1991320999899462e-06,17,6,7,2024,7,206089.0,140809.5,0.8272251308900523,1.210727969348659,1,0,0,False,-0.0541590083277534,False,False,0.08546573961428396,False,False,-0.9550111979205584,False,False,-0.984945690257433,False,False,0.6013212881346333,False,False,0.5565523390720157,False,False,0.5795462042007593,False,False,-0.3567208484865787,False,False,-0.22205994295743486,False,0,0,False,22.525,True,0.8272251308900523,False,False,False,No rule triggered,False
res-3L534J8F,Cloud NAT,806.7405,GB,europe-west1,31.41,66.93,33910114913,41233732659.0,2024-07-07 19:48:00,2024-09-07 11:23:00,8.45,6816.96,6817,565811,1479.5833333333333,75143847572.0,49.17,35.52000000000001,49.17,50.83,701.3544008265359,382.4123908758097,7.529704936360375e-06,19,6,7,2024,7,199573.5,67396.0,2.8351008525681016,8.395320197044335,0,1,0,False,2.2051449913149686,False,False,1.414532057010573,False,False,-0.7037443948083689,False,False,0.6335213040326584,False,False,-0.6046328066127202,False,False,-0.515670045921526,False,False,-0.5606638039276429,False,True,2.2168163640743317,False,False,1.1610119526977827,False,1,0,True,49.17,False,2.8351008525681016,True,False,True,IQR outlier in 1 feature(s),False
res-5L671N5R,Cloud Dataproc,979.532,GB,europe-north1,33.65,36.53,28103457034,34084735663.0,2024-07-07 22:25:00,,2.18,2135.38,2135,177205,,62188192697.0,35.09,2.8800000000000026,35.09,64.91,180.9078212860836,,2.8494958980943096e-06,22,6,7,2024,7,225386.5,140809.5,0.7862272141410421,1.2584733274388449,0,0,0,False,-0.015737084336348725,False,False,1.9934279606812049,False,False,-0.6254637774271027,False,False,-0.43375411085711985,False,False,-0.8026241168684453,False,False,-0.7577890914006022,False,False,-0.7810540764637416,False,False,,False,False,-1.359526800494093,False,0,0,False,35.09,False,0.7862272141410421,False,False,False,No rule triggered,False
res-OGSC78DB,Cloud CDN,258.9203,GB,asia-east1,26.6,9.73,62749645572,69290341947.0,2024-07-08 00:55:00,2024-09-08 15:42:00,7.84,2029.94,2030,168490,1502.7833333333333,132039987519.0,18.165,16.87,18.165,81.83500000000001,650.7407878022697,112.11862433040912,1.2760528319177173e-06,0,0,7,2024,8,178948.0,152969.0,0.9415584415584416,1.101465002712968,1,0,0,False,-0.06554328210298441,False,False,-0.420806311647759,False,False,-0.8718380419529629,False,False,-1.3746416476678454,False,False,0.37871709643321455,False,False,0.43453869860456346,False,False,0.40720357986381794,False,False,0.1456990710489896,False,False,0.915888671881208,False,0,0,False,18.165,True,0.9415584415584416,False,False,False,No rule triggered,False
res-0OBWMFY3,Cloud CDN,277.8297,GB,australia-southeast1,29.26,5.84,72137164877,80001823378.0,2024-07-08 01:36:00,2024-12-08 21:19:00,8.89,2469.91,2470,205010,3691.7166666666662,152138988255.0,17.55,23.42,17.55,82.45,737.8980720923645,55.53243071199939,1.3475178345236723e-06,1,0,7,2024,8,178948.0,95574.5,1.1456400742115027,2.14502822405558,1,0,0,False,0.14316840377625084,False,False,-0.35745496507764735,False,False,-0.7788798088127092,False,False,-1.5112107714810439,False,False,0.6988060849664863,False,False,0.7973103798895964,False,False,0.7491102061709105,False,False,-0.28789081763933644,False,False,1.3379940738806275,False,0,0,False,17.55,True,1.1456400742115027,False,False,False,No rule triggered,False
res-F1AKU3HS,Cloud Build,698.9762,Requests,us-east1,57.55,24.88,4379117542,9661924322.0,2024-07-08 03:26:00,2024-10-08 14:03:00,5.51,3851.36,3851,319633,2218.616666666667,14041041864.0,41.215,32.67,41.215,58.785,457.2873868952906,144.06860130561836,2.2764193932040824e-05,3,0,7,2024,8,249996.0,137074.5,1.2785524568393094,2.331819557977596,0,0,0,False,0.7982384905926688,False,False,1.0534939745126892,False,False,0.2097624526676577,False,False,-0.8427593274184987,False,False,-1.6115598521664336,False,False,-1.584929985865524,False,False,-1.6000913074104726,False,False,0.39051474205338393,False,False,-0.021012084298908943,False,0,0,False,41.214999999999996,False,1.2785524568393094,True,False,False,No rule triggered,False
res-9H929X64,Cloud Functions,73.95,Hours,asia-east1,93.44,68.76,12456947603,16300754614.0,2024-07-08 05:28:00,2024-10-08 07:25:00,5.24,387.5,388,32204,2209.95,28757702217.0,81.1,24.679999999999996,81.1,18.90000000000001,435.4834347532116,14.572275390845949,1.1198391219505268e-06,5,0,7,2024,8,32868.0,152969.0,0.9797979797979798,0.2105263157894736,0,0,0,False,-0.8444173462250396,False,False,-1.0405043232439768,False,False,1.4639996659773211,False,False,0.6977684753895101,False,False,-1.3361277204432012,False,False,-1.3600890390451545,False,False,-1.3497443494749428,False,False,-0.60174669043615,False,False,-0.12660929351753425,False,0,0,False,81.1,False,0.9797979797979798,False,False,False,No rule triggered,False
res-D2NUI8OM,Cloud Spanner,388.8883,GB,asia-northeast1,80.23,41.57,81865257366,85119583044.0,2024-07-08 07:16:00,2024-08-08 20:25:00,7.03,2733.88,2734,226922,757.15,166984840410.0,60.900000000000006,38.66,60.900000000000006,39.1,583.514597893534,299.70547447665587,1.3589377301726044e-06,7,0,7,2024,8,198951.0,90677.5,1.140592407175636,2.502517162471396,0,0,0,False,0.268395415303792,False,False,0.014619868507310358,False,False,1.0023537036529788,False,False,-0.25681108154644616,False,False,1.0305076968612943,False,False,0.970636384364985,False,False,1.0016548620790184,False,True,1.5830772771675061,False,False,0.5903101715017381,False,1,0,True,60.900000000000006,False,1.1405924071756361,False,False,True,IQR outlier in 1 feature(s),False
res-V6XDWUHS,Cloud Build,64.1684,Requests,us-west1,98.89,90.96,28166238801,33532968220.0,2024-07-08 08:44:00,2024-10-08 15:48:00,1.83,117.43,117,9711,2215.0666666666666,61699207021.0,94.925,7.930000000000007,94.925,5.075000000000003,151.33617169821906,4.384066694757118,1.5739262251287534e-07,8,0,7,2024,8,249996.0,83996.0,0.0388446215139442,0.1156126482213438,0,0,0,False,-0.9729647709370232,False,False,-1.0732751954879507,False,False,1.654459203802277,False,False,1.4771603902103345,False,False,-0.8004834286158354,False,False,-0.7764761053551946,False,False,-0.7893722732233545,False,False,-0.6798135118989989,False,False,-1.5027432067731734,False,0,0,False,94.925,False,0.03884462151394422,False,False,False,No rule triggered,False
res-P8YZ4FWM,Cloud Endpoints,601.8144,GB,northamerica-northeast1,59.89,18.97,44727126673,45239018284.0,2024-07-08 09:36:00,2024-12-08 06:28:00,7.81,4700.17,4700,390100,3668.866666666667,89966144957.0,39.43,40.92,39.43,60.57,648.2064902401804,106.32711282321516,4.336075533596013e-06,9,0,7,2024,8,328680.0,92296.0,1.1868686868686869,4.226618705035971,0,0,0,False,1.2009571753914658,False,False,0.7279769900935184,False,False,0.2915377404677306,False,False,-1.05024609393161,False,False,-0.23580199618053804,False,False,-0.38002081667458937,False,False,-0.3085198411708972,False,False,0.10132180039043776,False,False,0.9036149910300322,False,0,0,False,39.43,False,1.1868686868686869,False,False,False,No rule triggered,False
res-ZGO426P7,BigQuery,135.875,GB,europe-west1,58.92,50.88,84605460548,90889118377.0,2024-07-08 09:39:00,2024-11-08 07:46:00,2.97,403.55,404,33532,2950.116666666667,175494578925.0,54.900000000000006,8.04,54.900000000000006,45.1,246.78564857405703,11.366330145135503,1.910714291313258e-07,9,0,7,2024,8,192892.0,67396.0,0.1738382099827883,0.4975369458128079,0,0,0,False,-0.8368278303748856,False,False,-0.8330396688205596,False,False,0.2576394374053073,False,False,0.07004201426354846,False,False,1.1239412053745461,False,False,1.166036436773087,False,False,1.146415092930088,False,False,-0.626312142772499,False,False,-1.0404784616577878,False,0,0,False,54.900000000000006,False,0.1738382099827883,False,False,False,No rule triggered,False
res-FIFHP5ZQ,Dataflow,125.4,Hours,southamerica-east1,86.87,51.35,42088709475,46109484906.0,2024-07-08 12:50:00,2024-12-08 18:14:00,2.42,303.47,303,25149,3677.4,88198194381.0,69.11,35.52,69.11,30.89,200.55023923444972,6.838799151574482,2.851418918097228e-07,12,0,7,2024,8,39051.5,98106.0,0.6439957492029755,0.2563451776649746,0,0,0,False,-0.8847366491789829,False,False,-0.8681336091529827,False,False,1.2343998194617323,False,False,0.08654265390164696,False,False,-0.3257648782581061,False,False,-0.35054024090179803,False,False,-0.33859467050483255,False,False,-0.6610042033972023,False,False,-1.2643979676963741,False,0,0,False,69.11,False,0.6439957492029755,False,False,False,No rule triggered,False
res-V74BYSS7,Cloud Storage,129.8672,GB,europe-west3,5.83,72.51,97271842205,104917000000.0,2024-07-08 13:28:00,2024-08-08 21:41:00,3.89,505.18,505,41915,752.2166666666667,202188842205.0,39.17,66.68,39.17,60.83,322.7527813027462,55.72197726718809,2.073061972307168e-07,13,0,7,2024,8,158364.0,242775.0,0.2646750524109014,0.1726495726495726,0,0,0,False,-0.7889190115707885,False,False,-0.8531673418257273,False,False,-1.597681087939079,False,False,0.8294225150551899,False,False,1.5558305215228572,False,False,1.641126482349354,False,False,1.6005145588538103,False,False,-0.28643842325635777,False,False,-0.6725673070093998,False,0,0,False,39.17,False,0.26467505241090145,False,False,False,No rule triggered,False
res-3B55JMP3,Pub/Sub,778.0122,GB,northamerica-northeast1,79.14,83.42,56450611354,61528752233.0,2024-07-08 13:32:00,2024-10-08 16:22:00,5.88,4574.71,4575,379725,2210.833333333333,117979363587.0,81.28,4.280000000000001,81.28,18.72,488.0707526180181,171.75650207312475,3.2185713539638165e-06,13,0,7,2024,8,187829.0,92296.0,2.021652673442333,4.114208633093525,0,0,0,False,1.1416640828121378,False,False,1.3182848736165924,False,False,0.9642617960879875,False,False,1.2124480011225411,False,False,0.16393708628695697,False,False,0.17167263585403209,False,False,0.16801653989559942,False,False,0.6026723911922147,False,False,0.12807270039950283,False,0,0,False,81.28,False,2.021652673442333,True,False,False,No rule triggered,False
res-UCRJNM18,AI Platform,40.9833,Hours,europe-west1,47.14,18.34,63610084029,69417402995.0,2024-07-08 15:32:00,2024-09-08 08:31:00,6.12,250.82,251,20833,1480.9833333333331,133027487024.0,32.74,28.8,32.74,67.25999999999999,508.3290023009372,14.067005030441486,1.5660673193233694e-07,15,0,7,2024,8,26518.5,67396.0,0.7856025039123631,0.3091133004926108,0,0,0,False,-0.9094025756919834,False,False,-1.1509512352016749,False,False,-0.15403273793010186,False,False,-1.0723639725954444,False,False,0.4080557178994379,False,False,0.43884194557424944,False,False,0.42400205799062995,False,False,-0.6056183083223547,False,False,0.2261840251827715,False,0,0,False,32.74,False,0.7856025039123631,False,False,False,No rule triggered,False
res-C5CZKKHQ,Cloud Armor,496.1508,Requests,asia-east1,55.0,38.71,4799310440,9647490183.0,2024-07-08 20:19:00,,5.87,2912.41,2912,241696,,14446800623.0,46.855,16.29,46.855,53.145,487.1422156328277,,1.6730070989919273e-05,20,0,7,2024,8,206089.0,152969.0,1.1727748691099475,1.5800325556158437,0,0,0,False,0.35282877913675537,False,False,0.37397679212607127,False,False,0.12064835698809132,False,False,-0.3572192291314713,False,False,-1.5972324121538153,False,False,-1.5854188348549623,False,False,-1.593188894190707,False,False,,False,False,0.12357576729061208,False,0,0,False,46.855000000000004,False,1.1727748691099475,False,False,False,No rule triggered,False
res-JNJGGP0G,AI Platform,116.4333,Hours,europe-north1,5.17,44.41,32590764217,34285952731.0,2024-07-08 21:33:00,2024-12-08 17:59:00,2.3,267.8,268,22244,3668.433333333333,66876716948.0,24.79,39.24,24.79,75.21000000000001,191.04500173060453,6.063623890307397,3.326120212703597e-07,21,0,7,2024,8,26518.5,140809.5,0.838810641627543,0.1579722959033304,1,0,0,False,-0.9013387151011947,False,False,-0.8981743571032199,False,False,-1.620745912703202,False,False,-0.15710508883963806,False,False,-0.6496190927744304,False,False,-0.75097436138106,False,False,-0.7012970014691055,False,False,-0.6669439589056447,False,False,-1.3104321245696682,False,0,0,False,24.79,True,0.838810641627543,False,False,False,No rule triggered,False
res-YHWPU7BD,Cloud NAT,571.2061,Requests,asia-northeast1,96.9,91.73,15610460343,18782478171.0,2024-07-08 21:49:00,2024-10-08 00:44:00,1.9,1085.29,1085,90055,2186.9166666666665,34392938514.0,94.315,5.170000000000002,94.315,5.685000000000002,157.6576300568219,41.17898106161643,2.618415404177872e-06,21,0,7,2024,8,199573.5,90677.5,0.4512372634643377,0.9931350114416476,0,0,0,False,-0.5137990620027056,False,False,0.6254313238522867,False,False,1.5849152624680272,False,False,1.5041933530216878,False,False,-1.2286014751724452,False,False,-1.276039131190951,False,False,-1.2538826369421638,False,False,-0.3978736639528988,False,False,-1.4721281899858287,False,0,0,False,94.315,False,0.4512372634643377,False,False,False,No rule triggered,False
res-SLNI45BI,Cloud Endpoints,271.4415,GB,australia-southeast1,21.34,95.77,27734517911,28809471848.0,2024-07-08 22:23:00,2024-12-08 16:07:00,2.69,730.18,730,60590,3665.733333333333,56543989759.0,58.555,74.42999999999999,58.555,41.445,223.21568367401449,16.52875277343324,1.071555089378107e-06,22,0,7,2024,8,328680.0,95574.5,0.1843434343434343,0.6339557099435519,0,0,0,False,-0.6821914449279977,False,False,-0.3788570757823332,False,False,-1.0556577059821863,False,False,1.6460286384215133,False,False,-0.8152039419398593,False,False,-0.9364493762283552,False,False,-0.8770683216529388,False,False,-0.586755245415871,False,False,-1.154628524848494,False,0,0,False,58.555,False,0.18434343434343434,False,False,False,No rule triggered,False
res-3UMQCQ7L,Cloud NAT,490.5874,Requests,europe-north1,85.69,89.77,48701052634,51880282611.0,2024-08-07 00:22:00,2024-11-07 05:33:00,8.05,3949.23,3949,327767,2213.1833333333334,100581335245.0,87.72999999999999,4.079999999999998,87.72999999999999,12.27000000000001,668.1113293981867,148.0975367306519,3.258725877933636e-06,0,2,8,2024,7,199573.5,140809.5,1.6423372842586816,2.3277335691128798,0,0,0,False,0.8447242751748621,False,False,0.3553379732577751,False,False,1.193162708519815,False,False,1.4353821749564255,False,False,-0.10030188160979095,False,False,-0.15509743504116957,False,False,-0.1279435057276557,False,False,0.42138633016996674,False,False,1.0000147377977147,False,0,0,False,87.72999999999999,False,1.6423372842586816,True,False,False,No rule triggered,False
res-TN5WOFB9,Pub/Sub,495.8071,Requests,europe-west1,59.62,83.14,48483886400,50532876187.0,2024-08-07 00:32:00,,2.51,1244.48,1244,103252,,99016762587.0,71.38,23.520000000000003,71.38,28.620000000000005,208.2503457493852,,1.0427729336159496e-06,0,2,8,2024,7,187829.0,67396.0,0.5497127706584181,1.5320197044334976,0,0,0,False,-0.43837824824180016,False,False,0.3728253088523477,False,False,0.28210213033695286,False,False,1.2026178328275037,False,False,-0.1077066621408537,False,False,-0.20073079555786708,False,False,-0.15455864775065964,False,False,,False,False,-1.2271061155878686,False,0,0,False,71.38,False,0.5497127706584181,False,False,False,No rule triggered,False
res-J6ZAWPRX,Dataflow,67.65,Hours,asia-east1,11.6,26.83,54241583252,59300414025.0,2024-08-07 01:41:00,2024-10-07 21:20:00,9.46,639.97,640,53120,1483.65,113541997277.0,19.215,15.23,19.215,80.785,785.2180339985217,35.803592491490576,4.6784450929119276e-07,1,2,8,2024,7,39051.5,152969.0,1.3602550478214666,0.3472599023331524,1,0,1,False,-0.724882471585114,False,False,-1.0616109412959351,False,False,-1.3960386047739424,False,False,-0.7742992267923452,False,False,0.08861520967210477,False,False,0.0962042701200153,False,False,0.09253194418515663,False,False,-0.43906240598942087,False,False,1.5671661012755393,False,0,0,False,19.215,True,1.3602550478214666,True,True,True,Low utilization with cost at 1.36x the service median,True
res-8J3C2M2T,Cloud VPN,580.6282,Requests,us-east1,53.45,20.49,58478050426,61938156194.0,2024-08-07 02:20:00,,2.04,1184.48,1184,98272,,120416206620.0,36.97,32.96000000000001,36.97,63.03,169.25116623684485,,8.161027718645801e-07,2,2,8,2024,7,223104.0,137074.5,0.4404761904761904,0.716924008477142,0,0,0,False,-0.4668389326798777,False,False,0.6569977787645657,False,False,0.06648096549659022,False,False,-0.9968823231871212,False,False,0.23306726869027458,False,False,0.18553814682125377,False,False,0.20946998284018567,False,False,,False,False,-1.4159803385500818,False,0,0,False,36.97,False,0.44047619047619047,False,False,False,No rule triggered,False
res-IOPJEVUT,AI Platform,38.4,Hours,europe-west1,8.55,52.81,58846129490,59441536233.0,2024-08-07 07:00:00,2024-09-07 21:24:00,9.67,371.33,371,30793,758.4,118287665723.0,30.68,44.260000000000005,30.68,69.32,801.9010416666667,40.602584388185655,2.603229999661121e-07,7,2,8,2024,7,26518.5,67396.0,1.161189358372457,0.4568965517241379,0,0,0,False,-0.8524812068158283,False,False,-1.159605953680028,False,False,-1.5026260525475417,False,False,0.13779996001148503,False,False,0.2456177680786786,False,False,0.10098373419252471,False,False,0.17326110625925084,False,False,-0.4022902849251188,False,False,1.6479624192847508,False,0,0,False,30.68,False,1.161189358372457,False,False,False,No rule triggered,False
res-Q31L0E0M,Cloud Interconnect,132.8637,Requests,us-central1,68.3,65.19,67918645337,73433835245.0,2024-08-07 07:30:00,2024-09-07 21:19:00,1.39,184.68,185,15355,757.8166666666667,141352480582.0,66.745,3.1099999999999994,66.745,33.254999999999995,115.56956489996892,20.26215663419033,1.0862915130161025e-07,7,2,8,2024,7,123504.0,42579.0,0.1243279569892473,0.3606237816764132,0,0,0,False,-0.9407093285738687,False,False,-0.8431282972237124,False,False,0.5854395226893596,False,False,0.5724338296277827,False,False,0.5549659916686497,False,False,0.5748686837510154,False,False,0.5656195691709658,False,False,-0.5581481584057353,False,False,-1.6759619808974415,False,0,0,False,66.745,False,0.12432795698924731,False,False,False,No rule triggered,False
res-2QG7Y510,Cloud Run,46.6833,Hours,us-central1,65.91,24.26,1038679308,1207921154.0,2024-08-07 09:22:00,2024-10-07 08:03:00,7.28,339.85,340,28220,1462.6833333333334,2246600462.0,45.085,41.64999999999999,45.085,54.915,604.4988250616387,19.29330796139515,1.256120101340921e-05,9,2,8,2024,7,39508.0,42579.0,0.7142857142857143,0.6627680311890838,0,0,0,False,-0.8671858937755017,False,False,-1.1318547712499027,False,False,0.5019168996798835,False,False,-0.8645261286432243,False,False,-1.725459750620909,False,False,-1.8712463990153003,False,False,-1.8007280316885903,False,False,-0.56557193020113,False,False,0.6919374275203914,False,0,0,False,45.085,False,0.7142857142857143,False,False,False,No rule triggered,False
res-NKCZLRJU,Cloud SQL,440.8594,GB,asia-east1,63.21,81.01,78340522052,85056013216.0,2024-08-07 09:40:00,2024-11-07 04:11:00,4.18,1842.79,1843,152969,2202.516666666667,163396535268.0,72.11,17.800000000000004,72.11,27.89,346.97910490283294,69.4519148549765,9.361826415052378e-07,9,2,8,2024,7,250494.0,152969.0,0.6106693174287607,1.0,0,0,0,False,-0.1542457486016594,False,False,0.18873640143431633,False,False,0.4075607983721074,False,False,1.1278383382973978,False,False,0.9103237670232119,False,False,0.9684834297497794,False,False,0.9406137525543975,False,False,-0.1812332180691681,False,False,-0.5552384784958111,False,0,0,False,72.11,False,0.6106693174287607,False,False,False,No rule triggered,False
res-O6M9SSN4,Cloud Functions,64.4,Hours,asia-northeast1,73.65,78.18,7858161709,11020796310.0,2024-08-07 11:05:00,2024-11-07 03:29:00,3.67,236.35,236,19588,2200.4,18878958019.0,75.915,4.530000000000001,75.915,24.084999999999997,304.1614906832298,8.902017814942738,1.037557262444591e-06,11,2,8,2024,7,32868.0,90677.5,0.5959595959595959,0.2160183066361556,0,0,0,False,-0.9165177468015028,False,False,-1.0724992760052787,False,False,0.7724043900955092,False,False,1.028483423029698,False,False,-1.4929338667173833,False,False,-1.5389083147350282,False,False,-1.5177929079706494,False,False,-0.6451948567459288,False,False,-0.7626054979025374,False,0,0,False,75.915,False,0.5959595959595959,False,False,False,No rule triggered,False
res-ORDNJ24E,Kubernetes Engine,135.5667,Hours,australia-southeast1,70.13,59.73,56740180306,63344615356.0,2024-08-07 11:32:00,,6.03,817.47,817,67811,,120084795662.0,64.92999999999999,10.4,64.92999999999999,35.07000000000001,500.2039586417608,,5.646926376163899e-07,11,2,8,2024,7,45027.5,95574.5,1.5059907834101385,0.7095093356491533,0,0,0,False,-0.6409234524927853,False,False,-0.8340725530023722,False,False,0.649391991353519,False,False,0.3807455478745527,False,False,0.17381060344786997,False,False,0.23317147916133935,False,False,0.20383230940261893,False,False,,False,False,0.18683418944667501,False,0,0,False,64.92999999999999,False,1.5059907834101383,True,False,False,No rule triggered,False
res-QZVTIOPY,Cloud Storage,982.2498,Requests,asia-east1,17.08,91.07,13345361356,13858425661.0,2024-08-07 12:55:00,2024-12-07 11:48:00,8.59,8437.53,8438,700354,2926.883333333333,27203787017.0,54.075,73.99,54.075,45.925,713.0100713688106,239.2831965742855,2.5744724422461464e-05,12,2,8,2024,7,158364.0,152969.0,4.422431865828092,4.578404774823657,0,1,0,True,2.9740578158836968,False,False,2.0025332887036833,False,False,-1.2045306658233446,False,False,1.4810222420405277,False,False,-1.305835217135607,False,False,-1.4428047480008492,False,False,-1.376178196141145,False,False,1.1200935160286325,False,False,1.2174607227563377,False,1,0,True,54.074999999999996,False,4.422431865828092,True,False,True,IQR outlier in 1 feature(s),False
res-B1KP68K8,Cloud Functions,60.7,Hours,asia-southeast1,38.88,59.1,34279058769,34342664992.0,2024-08-07 14:28:00,2024-11-07 03:10:00,6.52,395.76,396,32868,2196.7,68621723761.0,48.99,20.22,48.99,51.01,541.4827018121911,14.962443665498247,4.789736864447578e-07,14,2,8,2024,7,32868.0,136369.0,1.0,0.2410225197808886,0,0,0,False,-0.8406225882999626,False,False,-1.0848952262897624,False,False,-0.4426925145235211,False,False,0.3586276692107187,False,False,-0.5920528201588223,False,False,-0.7490536557900571,False,False,-0.6716124713697021,False,False,-0.5987570385801332,False,False,0.3867484091462149,False,0,0,False,48.99,False,1.0,False,False,False,No rule triggered,False
res-5X6K6WLT,Cloud VPC,739.8663,Requests,asia-east1,96.28,35.39,75172925598,80420687118.0,2024-08-07 16:17:00,2024-12-07 19:01:00,4.92,3640.14,3640,302120,2930.733333333333,155593612716.0,65.83500000000001,60.89,65.83500000000001,34.16499999999999,408.3440481070701,103.08682696026024,1.9417249508271904e-06,16,2,8,2024,7,181604.0,152969.0,1.663619744058501,1.975040694519805,0,0,0,False,0.6981517503187628,False,False,1.1904863114660842,False,False,1.5632483058714266,False,False,-0.47377693891548656,False,False,0.8023173052413005,False,False,0.8114962704377865,False,False,0.8078772568384023,False,False,0.07649321417890836,False,False,-0.2580461757425252,False,0,0,False,65.83500000000001,False,1.663619744058501,True,False,False,No rule triggered,False
res-YDT1D7I0,Cloud NAT,564.102,Requests,asia-southeast1,18.88,49.82,3688312366,4358233797.0,2024-08-07 16:39:00,2024-11-07 15:10:00,2.9,1635.9,1636,135788,2206.516666666667,8046546163.0,34.35,30.94,34.35,65.65,240.71533162442253,61.53953063274693,1.6875314855507403e-05,16,2,8,2024,7,199573.5,136369.0,0.6803909336660429,0.995739500912964,0,0,0,False,-0.2524351099130269,False,False,0.6016307642803949,False,False,-1.1416265982848273,False,False,0.032827805718049545,False,False,-1.6351144380879363,False,False,-1.764553013843842,False,False,-1.7020644267939775,False,False,-0.2418616076956375,False,False,-1.069877192895913,False,0,0,False,34.35,False,0.6803909336660429,False,False,False,No rule triggered,False
res-IKCJY3HZ,Firestore,809.9885,GB,northamerica-northeast1,4.19,66.7,68201830951,72712157558.0,2024-08-07 17:07:00,,6.19,5013.83,5014,416162,,140913988509.0,35.445,62.510000000000005,35.445,64.555,513.7875414280572,,2.953305093435917e-06,17,2,8,2024,7,221070.5,92296.0,1.882485451473625,4.508992805755396,0,0,0,False,1.3499014239507383,False,False,1.4254136912062496,False,False,-1.6549936828075063,False,False,0.6254465229331633,False,False,0.5646218542887301,False,False,0.5504272253453463,False,False,0.5581603254348679,False,False,,False,False,0.2526198976557327,False,0,0,False,35.445,False,1.882485451473625,True,False,False,No rule triggered,False
res-X5BTK7T1,Cloud Data Fusion,328.3641,Requests,asia-southeast1,21.95,3.74,33020350100,41725728130.0,2024-08-07 17:22:00,,6.78,2226.31,2226,184758,,74746078230.0,12.845,18.21,12.845,87.155,562.6619962413674,,2.471808613576809e-06,17,2,8,2024,7,174715.0,136369.0,1.057482185273159,1.3548387096774193,1,0,0,False,0.027428287061402205,False,False,-0.1881517461435379,False,False,-1.0343402164274667,False,False,-1.5849370336938244,False,False,-0.6349713774078795,False,False,-0.4990073624870247,False,False,-0.5674303081712105,False,False,,False,False,0.48932038189534227,False,0,0,False,12.844999999999999,True,1.057482185273159,False,False,False,No rule triggered,False
res-H0FLX264,Cloud NAT,555.4361,GB,asia-southeast1,66.59,58.88,89123002558,92701686882.0,2024-08-07 17:40:00,,6.38,3543.68,3544,294152,,181824689440.0,62.735,7.710000000000001,62.735,37.265,529.5874718982076,,1.6177780966157882e-06,17,2,8,2024,7,199573.5,136369.0,1.4739030983572468,2.1570298234936094,0,0,0,False,0.6526146552178388,False,False,0.5725977735857177,False,False,0.5256806585277681,False,False,0.35090396555033215,False,False,1.2779771551986157,False,False,1.2274236994256782,False,False,1.2540973980736536,False,False,,False,False,0.3291394457002514,False,0,0,False,62.735,False,1.4739030983572468,True,False,False,No rule triggered,False
res-RZPR26RG,Cloud Storage,753.0083,GB,us-central1,26.45,34.41,72340339037,74874466857.0,2024-08-07 19:27:00,,4.34,3268.06,3268,271244,,147214805894.0,30.43,7.959999999999997,30.43,69.57,360.21382500033536,,1.842504891765476e-06,19,2,8,2024,7,158364.0,42579.0,1.7127882599580713,6.37037037037037,0,0,0,False,0.5216955068026821,False,False,1.234515386773836,False,False,-0.8770800475811728,False,False,-0.5081825279481177,False,False,0.7057337736622484,False,False,0.6236593534043368,False,False,0.6653443214642727,False,False,,False,False,-0.4911423229924788,False,0,0,False,30.43,False,1.7127882599580713,True,False,False,No rule triggered,False
res-U3CCWT2L,Cloud VPN,384.7979,Requests,northamerica-northeast1,36.67,9.41,14639390405,20917834831.0,2024-08-07 19:35:00,,1.98,761.9,762,63246,,35557225236.0,23.04,27.26,23.04,76.96000000000001,164.36160384451162,,1.7787102221904097e-06,19,2,8,2024,7,223104.0,92296.0,0.2834821428571428,0.685251798561151,1,0,0,False,-0.6670124132276897,False,False,0.0009159779549721641,False,False,-0.5199247307791454,False,False,-1.3858761257193164,False,False,-1.261712330569987,False,False,-1.2037198231025763,False,False,-1.23407680925939,False,False,,False,False,-1.4396606392389781,False,0,0,False,23.04,True,0.28348214285714285,False,False,False,No rule triggered,False
res-L0UE4NJN,Cloud Load Balancing,352.7508,GB,europe-west3,2.34,57.32,6503092444,10855614594.0,2024-08-07 21:09:00,2024-10-07 14:12:00,4.19,1478.03,1478,122674,1457.05,17358707038.0,29.83,54.98,29.83,70.17,347.7639171902657,84.19340448165815,7.067001000215855e-06,21,2,8,2024,7,360842.5,242775.0,0.3399654974123059,0.5052991452991453,1,0,0,False,-0.3273815789332977,False,False,-0.10645003781850686,False,False,-1.7196450855554268,False,False,0.29613588504940924,False,False,-1.5391380593623298,False,False,-1.5445026155062962,False,False,-1.5436540883786263,False,False,-0.06827702791727351,False,False,-0.5514376085079592,False,0,0,False,29.83,True,0.3399654974123059,False,False,False,No rule triggered,False
res-RJ0E47ZX,Cloud VPC,446.7635,Requests,asia-southeast1,38.45,58.64,89140612486,95390226085.0,2024-08-07 22:37:00,2024-10-07 00:01:00,8.27,3694.73,3695,306685,1441.4,184530838571.0,48.545,20.19,48.545,51.455,686.4593907067161,212.7688358540308,1.6619715293929044e-06,22,2,8,2024,7,181604.0,136369.0,1.6887568555758683,2.248934875228241,0,0,0,False,0.7242407110536672,False,False,0.20851665280583515,False,False,-0.45771959732438916,False,False,0.3424781070117286,False,False,1.2785776060587979,False,False,1.3184779474450372,False,False,1.300132040880887,False,False,0.9169280797587305,False,False,1.088874961674917,False,0,0,False,48.545,False,1.6887568555758683,True,False,False,No rule triggered,False
res-HGKJZW45,AI Platform,104.4167,Hours,asia-northeast1,77.76,26.69,46183519043,52895790556.0,2024-08-07 22:38:00,,4.06,423.93,424,35192,,99079309599.0,52.225,51.07000000000001,52.225,47.775,337.03421004494487,,3.5519020209599026e-07,22,2,8,2024,7,26518.5,90677.5,1.3270735524256652,0.3881006864988558,0,0,0,False,-0.8273409355621931,False,False,-0.938433053370389,False,False,0.9160353443084576,False,False,-0.7792143109398638,False,False,-0.18614296002041217,False,False,-0.12070466435496151,False,False,-0.15349465267252596,False,False,,False,False,-0.6034019094244164,False,0,0,False,52.225,False,1.3270735524256652,True,False,False,No rule triggered,False
res-M9M70ZPZ,BigQuery,435.3222,Requests,asia-east1,12.19,1.93,15463764402,20309748109.0,2024-08-07 22:55:00,2024-11-07 08:02:00,4.44,1932.83,1933,160439,2193.116666666667,35773512511.0,7.06,10.26,7.06,92.94,368.55230447700575,73.15570687073951,4.484854540092103e-06,22,2,8,2024,7,192892.0,152969.0,0.8317555938037866,1.0488334237655996,1,0,0,False,-0.11155472194454309,False,False,0.17018535929506173,False,False,-1.3754200493029838,False,False,-1.6484820501724593,False,False,-1.2336034095334873,False,False,-1.2243142333088637,False,False,-1.23039751925489,False,False,-0.15285303086892982,False,False,-0.4507588110435657,False,0,0,False,7.06,True,0.8317555938037866,False,False,False,No rule triggered,False
res-G897SS0M,Compute Engine,86.45,Hours,northamerica-northeast1,74.59,21.19,93819059399,100949000000.0,2024-08-08 00:20:00,2024-11-08 14:47:00,2.29,197.97,198,16434,2222.45,194768059399.0,47.89,53.400000000000006,47.89,52.11,190.09832272990167,7.394542059438908,8.437728470833846e-08,0,3,8,2024,8,33947.0,92296.0,0.4841075794621027,0.1780575539568345,0,0,0,False,-0.9345428469456185,False,False,-0.9986261128234242,False,False,0.8052542920322905,False,False,-0.9723069024495276,False,False,1.4380999773727152,False,False,1.5067400260396757,False,False,1.4742786903604754,False,False,-0.6567458412393726,False,False,-1.315016920016324,False,0,0,False,47.89,False,0.4841075794621027,False,False,False,No rule triggered,False
res-XKCDKTD2,Cloud Armor,807.3648,GB,northamerica-northeast1,76.75,96.32,77535591565,77780082072.0,2024-08-08 00:37:00,2024-11-08 21:32:00,7.14,5764.58,5765,478495,2228.9166666666665,155315673637.0,86.535,19.569999999999997,86.535,13.465000000000003,592.6626972094895,214.6760384342169,3.080790166215464e-06,0,3,8,2024,8,206089.0,92296.0,2.3217881594844947,5.184352517985611,0,1,0,False,1.7061343241673423,False,False,1.416623622351817,False,False,0.8807391730785114,False,False,1.6653378975724795,False,False,0.8828778170280739,False,False,0.722065435093685,False,False,0.8031492002515104,False,False,0.9315419581903758,False,False,0.6346146971732759,False,0,0,False,86.535,False,2.3217881594844947,True,False,False,No rule triggered,False
res-AQ4RAS3L,Cloud Dataproc,14.7407,Requests,us-west1,27.66,9.87,99045026637,102258000000.0,2024-08-08 01:50:00,2024-09-08 13:23:00,6.47,95.37,95,7885,755.55,201303026637.0,18.765,17.79,18.765,81.235,534.9135387057602,10.436106147839324,3.91698035132807e-08,1,3,8,2024,8,225386.5,83996.0,0.0349843491069784,0.0938735177865612,1,0,0,False,-0.9834003552309849,False,False,-1.2388706851842661,False,False,-0.8347945355136137,False,False,-1.3697265635203266,False,False,1.6162913091794555,False,False,1.5510726548978837,False,False,1.5854458389525912,False,False,-0.6334399542341209,False,False,0.35493375066499716,False,0,0,False,18.765,True,0.03498434910697846,False,False,False,No rule triggered,False
res-86KNN8SR,AI Platform,104.3167,Hours,europe-west3,68.9,78.67,97238146056,100020000000.0,2024-08-08 03:39:00,2024-12-08 11:58:00,4.78,498.63,499,41417,2936.3166666666666,197258146056.0,73.785,9.769999999999996,73.785,26.215000000000003,397.0313478091236,14.10508630427009,2.0996344550577927e-07,3,3,8,2024,8,26518.5,242775.0,1.5618153364632237,0.1705982905982906,0,0,0,False,-0.7917650800145962,False,False,-0.9387680790537535,False,False,0.6064075452021991,False,False,1.0456862175460133,False,False,1.5546815740852595,False,False,1.4752770678966085,False,False,1.5166378672812586,False,False,-0.6053265117864047,False,False,-0.3128339303846962,False,0,0,False,73.785,False,1.5618153364632237,True,False,False,No rule triggered,False
res-ORVHD3QJ,Cloud Dataproc,975.6498,Requests,us-east1,37.68,74.51,2399122689,3124427882.0,2024-08-08 03:49:00,2024-09-08 06:49:00,8.38,8175.95,8176,678608,747.0,5523550571.0,56.095,36.830000000000005,56.095,43.905,695.5446513697846,908.4444444444443,0.0001228572077465,3,3,8,2024,8,225386.5,137074.5,3.010863561038483,4.950650923402967,0,1,0,True,2.8497794938374246,False,False,1.9804215936016314,False,False,-0.48462855954919953,False,False,0.8996380028768859,False,False,-1.6790723151725329,False,False,-1.8063390029292177,False,False,-1.744983421741985,False,True,6.247520056416552,True,False,1.1328751578224905,False,2,1,True,56.095,False,3.010863561038483,True,False,True,IQR outlier in 2 feature(s); Z-score outlier in 1 feature(s),False
res-04X4P614,Cloud Storage,163.497,GB,europe-west1,88.64,51.63,1075058312,8444601500.0,2024-08-08 04:09:00,,1.08,176.58,177,14691,,9519659812.0,70.135,37.01,70.135,29.864999999999995,89.85485972219674,,1.5432274146478712e-06,4,3,8,2024,8,158364.0,67396.0,0.0927672955974842,0.2179802955665024,0,0,0,False,-0.9445040864989457,False,False,-0.7404988745616394,False,False,1.2962554858746078,False,False,0.09637282219668443,False,False,-1.7242193250925157,False,False,-1.6261577329001704,False,False,-1.6770051054619282,False,False,,False,False,-1.800499087058672,False,0,0,False,70.135,False,0.09276729559748427,False,False,False,No rule triggered,False
res-IF612JJD,Cloud Run,26.6167,Hours,us-east1,14.82,44.84,88644466509,88993172945.0,2024-08-08 04:57:00,2024-09-08 07:34:00,6.88,183.12,183,15189,746.6166666666667,177637639454.0,29.83,30.020000000000003,29.83,70.17,570.6567681192635,20.343773020514767,8.550552713200884e-08,4,3,8,2024,8,39508.0,137074.5,0.384453781512605,0.1108083560399636,1,0,0,False,-0.9416580180551379,False,False,-1.1990830350279078,False,False,-1.2835102172883721,False,False,-0.1420087589579732,False,False,1.2616603717199883,False,False,1.1018254015001532,False,False,1.1828709647948954,False,False,-0.5575227754704527,False,False,0.5280393073976651,False,0,0,False,29.830000000000002,True,0.38445378151260506,False,False,False,No rule triggered,False
res-LHH3C6YV,Cloud VPC,799.878,Requests,europe-west3,51.03,1.84,47731592778,57265004862.0,2024-08-08 05:23:00,2024-12-08 18:25:00,7.23,5783.12,5783,479989,2941.0333333333333,104996597640.0,26.435,49.19,26.435,73.565,600.0777618586834,163.20420260452676,4.571471940888313e-06,5,3,8,2024,8,181604.0,242775.0,2.643053016453382,1.977094017094017,1,1,1,False,1.7146725294987657,False,False,1.39154091948969,False,False,-0.01809005863852785,False,False,-1.6516417471244356,False,False,-0.13335783757095435,False,False,0.027269939334778878,False,False,-0.052834922491917305,False,False,0.5371406715712609,False,False,0.6705260827802664,False,0,0,False,26.435000000000002,True,2.643053016453382,True,True,True,Low utilization with cost at 2.64x the service median,True
res-K3BCF3R1,Firestore,597.1564,Requests,asia-east1,59.22,56.06,14203586534,16388689847.0,2024-08-08 06:15:00,,4.38,2615.55,2616,217128,,30592276381.0,57.64,3.1599999999999966,57.64,42.36,363.6032369409421,,7.097477719404107e-06,6,3,8,2024,8,221070.5,152969.0,0.9821663225079782,1.4194248507867606,0,0,0,False,0.2124227359089062,False,False,0.7123714937624036,False,False,0.2681234486617268,False,False,0.2519001277217409,False,False,-1.2765720624901096,False,False,-1.3571108877478673,False,False,-1.3185361779164484,False,False,,False,False,-0.4747272969693006,False,0,0,False,57.64,False,0.9821663225079782,False,False,False,No rule triggered,False
res-4RM5Q210,Cloud CDN,483.5996,Requests,asia-northeast1,3.75,27.96,52489355406,58053628767.0,2024-08-08 06:26:00,2024-11-08 19:58:00,3.72,1798.99,1799,149317,2221.5333333333333,110542984173.0,15.855,24.21,15.855,84.145,308.7616284215289,67.21348618071602,1.3507596263759136e-06,6,3,8,2024,8,178948.0,90677.5,0.8344155844155844,1.6466819221967963,1,0,0,False,-0.17511691718958292,False,False,0.3319270485556362,False,False,-1.6703702326502547,False,False,-0.7346274761730869,False,False,0.02886898485132146,False,False,0.053978702428037525,False,False,0.04151535554436892,False,False,-0.19838510579383728,False,False,-0.7403268896933309,False,0,0,False,15.855,True,0.8344155844155844,False,False,False,No rule triggered,False
res-KEQ8NILK,Dataflow,91.2833,Hours,southamerica-east1,49.39,55.98,22028437577,27660730423.0,2024-08-08 06:32:00,2024-12-08 01:49:00,2.86,261.07,261,21663,2923.2833333333333,49689168000.0,52.685,6.589999999999996,52.685,47.315,237.3161355910665,7.410503030268477,4.359702702206646e-07,6,3,8,2024,8,39051.5,98106.0,0.5547290116896918,0.2208121827411167,0,0,0,False,-0.9046591282856371,False,False,-0.9824333164693717,False,False,-0.07540265350695495,False,False,0.24909150820887288,False,False,-1.0097658302575583,False,False,-0.9753544390614903,False,False,-0.9936765556811232,False,False,-0.6566235408137243,False,False,-1.086339603580474,False,0,0,False,52.685,False,0.5547290116896918,False,False,False,No rule triggered,False
res-05LVI8W6,Cloud Data Fusion,969.2377,GB,asia-east1,75.63,26.47,66245831479,68572243374.0,2024-08-08 07:07:00,2024-11-08 05:18:00,3.68,3566.79,3567,296061,2206.1833333333334,134818074853.0,51.05,49.16,51.05,48.95,305.4575776406552,134.19600970000982,2.1960037652429958e-06,7,3,8,2024,8,174715.0,152969.0,1.6945368171021378,1.9354313619099293,0,0,0,False,0.6635245842524351,False,False,1.9589394117586212,False,False,0.8415988643878781,False,False,-0.7869380146002505,False,False,0.4979275687994186,False,False,0.4102184560373995,False,False,0.4544619724789843,False,False,0.31486632639553275,False,False,-0.7563285090008486,False,0,0,False,51.05,False,1.6945368171021378,True,False,False,No rule triggered,False
res-1KZU3DQJ,Cloud CDN,277.6608,Requests,us-east1,66.09,22.93,73947753429,74062804247.0,2024-08-08 07:37:00,2024-10-08 13:13:00,3.82,1060.66,1061,88063,1469.6,148010557676.0,44.510000000000005,43.16,44.510000000000005,55.49,317.16036257188625,59.92310832879696,5.949778271410396e-07,7,3,8,2024,8,178948.0,137074.5,0.4921150278293135,0.6424462609748713,0,0,0,False,-0.5251833357779366,False,False,-0.3580208234568499,False,False,0.5082073064337355,False,False,-0.9112194280446522,False,False,0.7605422518312426,False,False,0.5961703257135695,False,False,0.6788809549882547,False,False,-0.2542473916126349,False,False,-0.6996515625110021,False,0,0,False,44.510000000000005,False,0.49211502782931354,False,False,False,No rule triggered,False
res-1J7E15GY,Cloud Run,115.0667,Hours,southamerica-east1,54.32,14.47,43700610779,48781743713.0,2024-08-08 10:21:00,,9.26,1065.52,1066,88478,,92482354492.0,34.395,39.85,34.395,65.60499999999999,768.9279348412704,,9.56701421433357e-07,10,3,8,2024,8,39508.0,98106.0,2.239495798319328,0.9018612521150592,0,0,0,False,-0.5228116120747635,False,False,-0.9027528180920783,False,False,0.09688459814020693,False,False,-1.208230941530426,False,False,-0.27080340853968815,False,False,-0.2600373700814708,False,False,-0.26571628469096437,False,False,,False,False,1.4882726512399072,False,0,0,False,34.395,False,2.2394957983193278,True,False,False,No rule triggered,False
res-65HI6BOX,Cloud Load Balancing,523.1705,Requests,us-east1,63.29,2.7,70920563187,77653883062.0,2024-08-08 10:27:00,,7.84,4101.66,4102,340466,,148574446249.0,32.995,60.59,32.995,67.005,650.7744607159617,,2.2915515325522644e-06,10,3,8,2024,8,360842.5,137074.5,0.9435307648073604,2.483802603693612,0,0,0,False,0.9172990204919599,False,False,0.46449972669408723,False,False,0.41035653470715255,False,False,-1.6214490873611063,False,False,0.6573232616829641,False,False,0.7177913832429568,False,False,0.6884733343378522,False,False,,False,False,0.9160517508353798,False,0,0,False,32.995,False,0.9435307648073605,False,False,False,No rule triggered,False
res-DYPURO0P,Cloud SQL,195.0857,Requests,us-east1,10.28,50.53,67920358323,72730111824.0,2024-08-08 11:47:00,,3.98,776.44,776,64408,,140650470147.0,30.405,40.25,30.405,69.595,330.15233817752915,,4.579295037740319e-07,11,3,8,2024,8,250494.0,137074.5,0.2571239231278993,0.4698758704208295,0,0,0,False,-0.6603715868588049,False,False,-0.6346686165207029,False,False,-1.4421682543021885,False,False,0.05775430389475163,False,False,0.555024399852782,False,False,0.5510352924278517,False,False,0.553677581476358,False,False,,False,False,-0.6367310260296953,False,0,0,False,30.405,False,0.2571239231278993,False,False,False,No rule triggered,False
res-FJK6RBWJ,Cloud SQL,147.5414,Requests,us-east1,83.68,54.06,53965957218,59474416324.0,2024-08-08 19:34:00,2024-11-08 02:49:00,2.2,324.59,325,26975,2191.25,113440373542.0,68.87,29.620000000000005,68.87,31.129999999999995,182.83003956855495,12.31032515687393,2.377901196703378e-07,19,3,8,2024,8,250494.0,137074.5,0.1076872100728959,0.1967907962458371,0,0,0,False,-0.874301064885021,False,False,-0.7939542324965329,False,False,1.1229198331018042,False,False,0.18168463990004496,False,False,0.07921710825999831,False,False,0.10209730246687697,False,False,0.09080321006334821,False,False,-0.6190788113556137,False,False,-1.3502174383740824,False,0,0,False,68.87,False,0.10768721007289596,False,False,False,No rule triggered,False
res-LXFL51RN,Cloud Dataproc,824.8213,GB,europe-west1,87.46,12.53,39375271299,46063949220.0,2024-08-08 21:45:00,2024-11-08 02:52:00,4.21,3472.5,3472,288176,2189.116666666667,85439220519.0,49.995,74.92999999999999,49.995,50.005,349.37992023241884,131.6403115411848,3.3728772131753627e-06,21,3,8,2024,8,225386.5,67396.0,1.2785858957834653,4.275862068965517,0,0,0,False,0.6184618338921457,False,False,1.4751073807683268,False,False,1.2550183749326904,False,False,-1.276339964717471,False,False,-0.41828577254173244,False,False,-0.3520824232297139,False,False,-0.3855279214468196,False,False,0.2952833714493391,False,False,-0.5436112561921855,False,0,0,False,49.995,False,1.2785858957834653,True,False,False,No rule triggered,False
res-F6974M69,Cloud Interconnect,139.8127,GB,us-west1,36.36,12.6,2707689102,7586503982.0,2024-08-08 23:42:00,2024-12-08 01:20:00,8.65,1209.38,1209,100347,2905.633333333333,10294193084.0,24.48,23.76,24.48,75.52,717.7244985612895,34.535327926212304,9.747922851375963e-06,23,3,8,2024,8,123504.0,83996.0,0.8125,1.1946640316205537,1,0,0,False,-0.454980314164012,False,False,-0.8198473624867189,False,False,-0.5307582090774458,False,False,-1.2738824226437115,False,False,-1.6685510360333353,False,False,-1.6552193973689582,False,False,-1.663829422676973,False,False,-0.44878044243121906,False,False,1.2402928382987954,False,0,0,False,24.48,True,0.8125,False,False,False,No rule triggered,False
res-XCM67VGG,Cloud NAT,942.5422,GB,asia-east1,88.72,54.12,72585159345,80787050908.0,2024-09-07 01:42:00,2024-10-07 02:51:00,6.33,5966.29,5966,495178,721.15,153372210253.0,71.42,34.6,71.42,28.58,525.3642754669233,686.650488802607,3.228603142532558e-06,1,5,9,2024,7,199573.5,152969.0,2.481181118735704,3.237113402061856,0,1,0,False,1.801477617034902,False,False,1.8695026304560725,False,False,1.2990512222096529,False,False,0.1837911045346957,False,False,0.7140814832342954,False,False,0.8239041160673941,False,False,0.7700887004932001,False,True,4.5480310045994905,True,False,0.3086863758063293,False,1,1,True,71.42,False,2.481181118735704,True,False,True,IQR outlier in 1 feature(s); Z-score outlier in 1 feature(s),False
res-3F8DKCVT,Cloud Build,948.4506,GB,southamerica-east1,34.32,66.1,83320723084,88800038067.0,2024-09-07 04:17:00,2024-11-07 10:11:00,6.26,5937.3,5937,492771,1469.9,172120761151.0,50.21,31.779999999999998,50.21,49.790000000000006,519.5536804974345,335.24117286890265,2.8629376067405164e-06,4,5,9,2024,7,249996.0,98106.0,1.9711155378486056,5.022842639593908,0,1,0,False,1.787721619556498,False,False,1.8892972879319758,False,False,-0.602049485621099,False,False,0.6043818765866542,False,False,1.0801351366974326,False,False,1.0952843954910247,False,False,1.0890226549658903,False,True,1.8553684232067655,False,False,0.2805454860869069,False,1,0,True,50.209999999999994,False,1.9711155378486056,True,False,True,IQR outlier in 1 feature(s),False
res-LWGX075A,Cloud Dataproc,923.9322,Requests,southamerica-east1,7.35,60.67,69202029280,73959120285.0,2024-09-07 04:45:00,2024-10-07 15:26:00,9.56,8832.79,8833,733139,730.6833333333333,143161149565.0,34.01,53.32,34.01,65.99000000000001,793.4987004457687,1003.360781004083,5.121075111702216e-06,4,5,9,2024,7,225386.5,98106.0,3.252807954336218,7.472927241962775,0,1,0,True,3.1614239884343736,True,False,1.8071543507819539,False,False,-1.5445620975732197,False,False,0.41374682715075,False,False,0.5987259089447624,False,False,0.5926588034783561,False,False,0.5963870644413242,False,True,6.974813432626401,True,False,1.6072696229491203,False,2,2,True,34.01,False,3.252807954336218,True,False,True,IQR outlier in 2 feature(s); Z-score outlier in 2 feature(s),False
res-W17TJLS5,Cloud SQL,906.43,Requests,northamerica-northeast1,97.03,1.48,16632427891,17804809971.0,2024-09-07 09:21:00,,3.33,3018.41,3018,250494,,34437237862.0,49.255,95.55,49.255,50.745,276.3522831327295,,7.273928327347336e-06,9,5,9,2024,7,250494.0,92296.0,1.0,2.714028776978417,0,0,0,False,0.4031093216440257,False,False,1.7485174856281462,False,False,1.5894583340124755,False,False,-1.664280534932341,False,False,-1.1937551490957663,False,False,-1.3091503622505936,False,False,-1.2531290551685608,False,False,,False,False,-0.8972863433189572,False,0,0,False,49.255,False,1.0,False,False,False,No rule triggered,False
res-TMUUSOKX,Cloud Memorystore,289.8287,Requests,australia-southeast1,8.77,37.92,94296289933,102776000000.0,2024-09-07 11:52:00,2024-12-07 01:05:00,5.02,1454.94,1455,120765,2173.2166666666667,197072289933.0,23.345,29.15,23.345,76.655,416.67716137152735,55.56970082749841,6.127954368473482e-07,11,5,9,2024,7,86071.0,95574.5,1.403085824493732,1.2635692574902302,1,0,1,False,-0.33829150796789415,False,False,-0.31725523333075056,False,False,-1.4949377776261672,False,False,-0.3849543468210412,False,False,1.4543722463249495,False,False,1.568616048135891,False,False,1.513476245426117,False,False,-0.2876052365779985,False,False,-0.21768865252400774,False,0,0,False,23.345,True,1.4030858244937319,True,True,True,Low utilization with cost at 1.40x the service median,True
res-MJRPXFOX,Cloud SQL,470.2063,GB,asia-northeast1,3.96,14.6,54199201379,59810008360.0,2024-09-07 12:59:00,2024-11-07 05:38:00,8.35,3926.22,3926,325858,1456.65,114009209739.0,9.28,10.64,9.28,90.72,693.0107061517466,223.7037037037037,2.85817260505518e-06,12,5,9,2024,7,250494.0,90677.5,1.3008614976805832,3.5935926773455376,1,0,1,False,0.8338143461402657,False,False,0.2870560537055893,False,False,-1.6630314247707612,False,False,-1.2036669348220157,False,False,0.08717010256553509,False,False,0.11346298404041273,False,False,0.10047975406631801,False,False,1.0007161529720294,False,False,1.1206031833843657,False,0,0,False,9.28,True,1.3008614976805832,True,True,True,Low utilization with cost at 1.30x the service median,True
res-JVCSJXZW,Firestore,230.4643,GB,europe-west1,52.02,75.19,49637105643,51071043166.0,2024-09-07 13:12:00,,6.85,1578.68,1579,131057,,100708148809.0,63.605,23.169999999999995,63.605,36.395,568.6650817501886,,1.301354473792967e-06,13,5,9,2024,7,221070.5,67396.0,0.5928289844189976,1.9445812807881773,0,0,0,False,-0.2794727601292006,False,False,-0.5161412201059383,False,False,0.01650717850765686,False,False,0.9235112687362622,False,False,-0.06838500867140442,False,False,-0.18250439605920402,False,False,-0.12578626426044395,False,False,,False,False,0.5183935092027959,False,0,0,False,63.605000000000004,False,0.5928289844189976,False,False,False,No rule triggered,False
res-WM0B0C31,Cloud Data Fusion,453.6261,GB,asia-east1,43.49,25.0,68066971596,75145648010.0,2024-09-07 13:24:00,,3.7,1678.42,1678,139274,,143212619606.0,34.245000000000005,18.49,34.245000000000005,65.755,307.0237801572705,,9.72498096768038e-07,13,5,9,2024,7,174715.0,152969.0,0.7971496437054632,0.9104720564297342,0,0,0,False,-0.23251263080637263,False,False,0.23150812535240178,False,False,-0.2815882082165401,False,False,-0.8385463981491968,False,False,0.5600235154588746,False,False,0.6328435958866057,False,False,0.597262627774315,False,False,,False,False,-0.7487433421582472,False,0,0,False,34.245000000000005,False,0.7971496437054632,False,False,False,No rule triggered,False
res-JAL9EY6P,Compute Engine,78.7,Hours,europe-west1,68.28,26.56,60327278928,66769681245.0,2024-09-07 14:33:00,2024-12-07 21:15:00,4.89,384.84,385,31955,2190.7,127096960173.0,47.42,41.72,47.42,52.58,406.0355781448538,14.586661797598945,2.5142222092884015e-07,14,5,9,2024,7,33947.0,67396.0,0.941320293398533,0.4741379310344827,0,0,0,False,-0.8458403804469435,False,False,-1.0245906032841667,False,False,0.5847405886055984,False,False,-0.7837783176482741,False,False,0.29612095321977633,False,False,0.3491700848694713,False,False,0.3231171207500846,False,False,-0.6016364550570976,False,False,-0.2692261665986152,False,0,0,False,47.42,False,0.941320293398533,False,False,False,No rule triggered,False
res-J34Y24JL,Cloud NAT,941.414,Requests,europe-west1,68.48,73.0,4028608736,10733576597.0,2024-09-07 15:25:00,,6.86,6458.1,6458,536014,,14762185333.0,70.74000000000001,4.519999999999996,70.74000000000001,29.25999999999999,569.3711799484605,,3.630993568423586e-05,15,5,9,2024,7,199573.5,67396.0,2.68579746309004,7.95320197044335,0,1,0,False,2.034855229427138,False,False,1.8657228706963551,False,False,0.5917299294432116,False,False,0.8466253095715053,False,False,-1.623511253334236,False,False,-1.5486357440224154,False,False,-1.5878238452710463,False,False,,False,False,0.5218131644417154,False,0,0,False,70.74000000000001,False,2.6857974630900396,True,False,False,No rule triggered,False
res-HX66EBRY,Dataflow,126.35,Hours,asia-northeast1,83.1,14.15,1147988415,2039725231.0,2024-09-07 16:58:00,,1.52,192.05,192,15936,,3187713646.0,48.625,68.94999999999999,48.625,51.375,126.12584091808468,,4.999194334784988e-06,16,5,9,2024,7,39051.5,90677.5,0.4080765143464399,0.1757437070938215,0,0,0,False,-0.9373889153894263,False,False,-0.8649508651610205,False,False,1.1026507446727258,False,False,-1.2194654195818972,False,False,-1.7217326060622322,False,False,-1.8430752290929282,False,False,-1.7847186370952446,False,False,,False,False,-1.6248376122512973,False,0,0,False,48.625,False,0.40807651434643993,False,False,False,No rule triggered,False
res-QW1X0I92,Compute Engine,54.4,Hours,asia-east1,20.38,81.34,94605229974,100479000000.0,2024-09-07 17:20:00,2024-11-07 23:44:00,7.52,409.09,409,33947,1470.4,195084229974.0,50.86,60.96000000000001,50.86,49.14,624.0257352941177,23.086915125136017,1.74012015243489e-07,17,5,9,2024,7,33947.0,152969.0,1.0,0.2219207813347802,0,0,0,False,-0.8344561066717125,False,False,-1.1060018443417208,False,False,-1.089206542002729,False,False,1.1394238937879775,False,False,1.4649062651672276,False,False,1.4908222754183178,False,False,1.4796571077283698,False,False,-0.5365035373181265,False,False,0.786506852906031,False,0,0,False,50.86,False,1.0,False,False,False,No rule triggered,False
res-EZZPDSGT,Compute Engine,101.5,Hours,asia-southeast1,37.57,32.15,81529079148,81835001901.0,2024-09-07 18:39:00,,9.82,996.73,997,82751,,163364081049.0,34.86,5.420000000000002,34.86,65.14,815.2807881773399,,5.065434180429134e-07,18,5,9,2024,7,33947.0,136369.0,2.437652811735941,0.6068167985392574,0,0,0,False,-0.5555413991785526,False,False,-0.948204747477079,False,False,-0.4884726970098867,False,False,-0.587526029186634,False,False,1.0190449299395556,False,False,0.8593956534503272,False,False,0.9400616697581694,False,False,,False,False,1.712760942156807,False,0,0,False,34.86,False,2.4376528117359415,True,False,False,No rule triggered,False
res-BPLHVSWK,Cloud Build,416.5054,GB,asia-southeast1,89.32,70.16,78376768286,85710609210.0,2024-09-07 19:20:00,,7.63,3177.94,3178,263774,,164087377496.0,79.74,19.16,79.74,20.260000000000005,633.3027134822262,,1.607521577986278e-06,19,5,9,2024,7,249996.0,136369.0,1.0551128818061088,1.934266585514303,0,0,0,False,0.4790044801455658,False,False,0.10714424650774555,False,False,1.3200192447224919,False,False,0.7469193168646969,False,False,0.9115596654541234,False,False,0.9906529952609113,False,False,0.9523657564768057,False,False,,False,False,0.8314355429097008,False,0,0,False,79.74,False,1.0551128818061088,False,False,False,No rule triggered,False
res-L9JQCL5H,Dataflow,80.4,Hours,southamerica-east1,50.28,11.88,77464457242,77859360072.0,2024-09-07 19:32:00,,7.93,637.57,638,52954,,155323817314.0,31.08,38.4,31.08,68.92,658.6318407960199,,3.4092646521137894e-07,19,5,9,2024,7,39051.5,98106.0,1.3560042507970245,0.5397631133671743,0,0,0,False,-0.7258311610663832,False,False,-1.0188951666669717,False,False,-0.04430008677957682,False,False,-1.299159998259522,False,False,0.8804523292331309,False,False,0.7247503870804085,False,False,0.8032877333639461,False,False,,False,False,0.9541052836452831,False,0,0,False,31.080000000000002,False,1.3560042507970245,True,False,False,No rule triggered,False
res-MOZFAE74,BigQuery,988.0913,GB,europe-west3,77.86,5.25,93395819976,97172248054.0,2024-09-07 22:53:00,2024-12-07 22:52:00,5.45,5385.1,5385,446955,2183.983333333333,190568068030.0,41.555,72.61,41.555,58.445,452.3418028273298,204.65128702142115,2.345382437993959e-06,22,5,9,2024,7,192892.0,242775.0,2.3171256454388987,1.841025641025641,0,0,0,False,1.5258833227261845,False,False,2.0221038139974157,False,False,0.9195300147272638,False,False,-1.5319243403884442,False,False,1.423668659107056,False,False,1.3788306736244487,False,False,1.4028321095898393,False,False,0.8547276229036828,False,False,-0.04496369968174116,False,0,0,False,41.555,False,2.3171256454388987,True,False,False,No rule triggered,False
res-HPZG31IQ,Pub/Sub,548.395,GB,asia-southeast1,13.18,37.74,64482162259,67883170958.0,2024-09-07 23:43:00,2024-12-07 05:03:00,8.53,4677.81,4678,388274,2165.333333333333,132365333217.0,25.46,24.56,25.46,74.53999999999999,708.0188550223835,179.31373152709358,2.933351131776043e-06,23,5,9,2024,7,187829.0,136369.0,2.067167476800707,2.8472306755934267,1,0,1,False,1.1905215910975042,False,False,0.5490082801943454,False,False,-1.340822812156799,False,False,-0.39127374072499377,False,False,0.43779122410648325,False,False,0.3868812584247512,False,False,0.4127380764016217,False,False,0.6605794188292959,False,False,1.1932881088487917,False,0,0,False,25.46,True,2.067167476800707,True,True,True,Low utilization with cost at 2.07x the service median,True
res-RDEPCFLV,Cloud Functions,31.4,Hours,us-west1,66.21,60.58,48909078248,56422763858.0,2024-09-08 01:35:00,2024-10-08 08:59:00,4.56,143.18,143,11869,727.4,105331842106.0,63.395,5.629999999999996,63.395,36.605,377.9936305732484,16.317019521583724,1.1268197501051687e-07,1,6,9,2024,8,32868.0,83996.0,0.3611111111111111,0.1413043478260869,0,0,0,False,-0.9606318076805229,False,False,-1.1830577515155374,False,False,0.512400910936303,False,False,0.4105871301987736,False,False,-0.09320877146952126,False,False,-0.0012547037817194793,False,False,-0.04713203676820673,False,False,-0.5883776446484497,False,False,-0.4050341790782368,False,0,0,False,63.394999999999996,False,0.3611111111111111,False,False,False,No rule triggered,False
res-SGGDE383,Cloud CDN,202.9644,GB,asia-southeast1,65.39,96.46,39527760122,45152662232.0,2024-09-08 02:43:00,2024-12-08 01:39:00,2.17,440.43,440,36520,2182.9333333333334,84680422354.0,80.925,31.069999999999997,80.925,19.075000000000003,179.93303259093713,16.7297825555827,4.3126851502146443e-07,2,6,9,2024,8,178948.0,136369.0,0.2040816326530612,0.2678027997565429,0,0,0,False,-0.8197514197120391,False,False,-0.6082729480054704,False,False,0.4837446135020897,False,False,1.6702529817199983,False,False,-0.41308631659060574,False,False,-0.3829454849732724,False,False,-0.3984359323499922,False,False,-0.5852148611756265,False,False,-1.3642477320534079,False,0,0,False,80.925,False,0.20408163265306123,False,False,False,No rule triggered,False
res-09E1SUAC,Cloud VPN,766.1311,Requests,europe-west3,30.35,94.56,36366480544,40273228745.0,2024-09-08 02:47:00,,8.48,6496.79,6497,539251,,76639709289.0,62.455,64.21000000000001,62.455,37.545,703.8625634698814,,7.036182743942089e-06,2,6,9,2024,8,223104.0,242775.0,2.4170386904761907,2.221196581196581,0,1,0,False,2.0533546743118882,False,False,1.278480137150382,False,False,-0.7407879012477181,False,False,1.6035482682893876,False,False,-0.5208773900059172,False,False,-0.5481999645893778,False,False,-0.5352175123532893,False,False,,False,False,1.1731590613356042,False,0,0,False,62.455,False,2.4170386904761907,True,False,False,No rule triggered,False
res-AHNBC1V6,Cloud Endpoints,388.7474,GB,europe-north1,72.75,57.96,93325878549,100975000000.0,2024-09-08 03:54:00,,2.03,789.16,789,65487,,194300878549.0,65.355,14.79,65.355,34.645,168.45643212018908,,3.370391348152607e-07,3,6,9,2024,8,328680.0,140809.5,0.1992424242424242,0.4650751547303271,0,0,0,False,-0.6542051052305548,False,False,0.014147817319449932,False,False,0.7409523563262502,False,False,0.318604841152352,False,False,1.4212838458355583,False,False,1.5076205824570275,False,False,1.4663314182350171,False,False,,False,False,-1.4198292602612845,False,0,0,False,65.355,False,0.19924242424242425,False,False,False,No rule triggered,False
res-YJD6C3D4,Kubernetes Engine,133.9833,Hours,northamerica-northeast1,48.01,77.78,86808016202,96487241274.0,2024-09-08 04:02:00,,4.8,643.12,643,53369,,183295257476.0,62.895,29.770000000000003,62.895,37.105,398.3257614941563,,2.911641072164016e-07,4,6,9,2024,8,45027.5,92296.0,1.1852534562211985,0.5782374100719424,0,0,0,False,-0.7234594373632102,False,False,-0.8393773496727643,False,False,-0.12362910528648514,False,False,1.0144403254653587,False,False,1.1990423890388602,False,False,1.3556311691606626,False,False,1.2791134156631865,False,False,,False,False,-0.3065650451925449,False,0,0,False,62.894999999999996,False,1.1852534562211983,False,False,False,No rule triggered,False
res-7LLUZT3G,Cloud Endpoints,958.0251,GB,europe-north1,21.58,24.91,14507368142,14799300079.0,2024-09-08 07:10:00,2024-11-08 00:09:00,8.34,7989.93,7990,663170,1456.9833333333331,29306668221.0,23.245,3.330000000000002,23.245,76.755,692.2261222592185,455.1664969857811,2.2628638472277737e-05,7,6,9,2024,8,328680.0,140809.5,2.017676767676768,4.709696433834365,1,1,1,True,2.7615513720793845,False,False,1.921374321985702,False,False,-1.0472704969770508,False,False,-0.8417060951011732,False,False,-1.2662139322449935,False,False,-1.4109396323588506,False,False,-1.3404058198211406,False,True,2.7742923622403963,False,False,1.1168034195200451,False,2,0,True,23.244999999999997,True,2.0176767676767677,True,True,True,IQR outlier in 2 feature(s); Low utilization with cost at 2.02x the service median,True
res-9DDBUWHQ,Kubernetes Engine,25.5,Hours,asia-southeast1,62.01,87.4,28455636699,36029218777.0,2024-09-08 07:48:00,2024-10-08 09:18:00,4.24,108.12,108,8964,721.5,64484855476.0,74.705,25.390000000000008,74.705,25.295,351.52941176470586,12.424116424116423,1.390093834254808e-07,7,6,9,2024,8,45027.5,136369.0,0.1990783410138248,0.0657334144856968,0,0,0,False,-0.9772338736027348,False,False,-1.202824266834038,False,False,0.3656247533464289,False,False,1.3521768218877162,False,False,-0.790615743933138,False,False,-0.691934203536573,False,False,-0.7419852574290478,False,False,-0.6182068894300978,False,False,-0.5332012027500606,False,0,0,False,74.705,False,0.19907834101382488,False,False,False,No rule triggered,False
res-ALXOYSRK,Cloud Data Fusion,11.9494,Requests,southamerica-east1,94.02,16.06,76472318775,81965940657.0,2024-09-08 10:19:00,,7.2,86.04,86,7138,,158438259432.0,55.04,77.96,55.04,44.96,597.3521683097059,,4.505224953612642e-08,10,6,9,2024,8,174715.0,98106.0,0.040855106888361,0.0727580372250423,0,0,0,False,-0.9876694578966966,False,False,-1.2482222570840171,False,False,1.4842687544063988,False,False,-1.152409628712178,False,False,0.8466230940465961,False,False,0.8638302289070907,False,False,0.8562678994617964,False,False,,False,False,0.6573259495951974,False,0,0,False,55.04,False,0.04085510688836105,False,False,False,No rule triggered,False
res-RNNS13FP,Compute Engine,61.4833,Hours,australia-southeast1,73.77,16.96,60202055264,68337416384.0,2024-09-08 10:49:00,2024-12-08 00:18:00,3.98,244.7,245,20335,2173.483333333333,128539471648.0,45.365,56.81,45.365,54.635000000000005,330.74021726224845,9.35594935932336,1.5820043243748937e-07,10,6,9,2024,8,33947.0,95574.5,0.5990220048899756,0.2127659574468085,0,0,0,False,-0.9122486441357911,False,False,-1.0822709701119688,False,False,0.7765979945980767,False,False,-1.1208126591924146,False,False,0.2918511653612479,False,False,0.40226544015232685,False,False,0.34765586465605014,False,False,-0.641716620886359,False,False,-0.6338839095849406,False,0,0,False,45.364999999999995,False,0.5990220048899756,False,False,False,No rule triggered,False
res-4TBQH6B1,BigQuery,357.5289,Requests,asia-northeast1,19.36,40.14,10886501175,20627001344.0,2024-09-08 11:18:00,,2.43,868.8,869,72127,,31513502519.0,29.75,20.78,29.75,70.25,201.7375378605757,,2.288764949453444e-06,11,6,9,2024,8,192892.0,90677.5,0.3739242685025817,0.7954233409610983,1,0,0,False,-0.6162575259797848,False,False,-0.09044217564167152,False,False,-1.1248521802745557,False,False,-0.30701515533895873,False,False,-1.3896756911426031,False,False,-1.2135696420779083,False,False,-1.3028650843607705,False,False,,False,False,-1.2586478440210405,False,0,0,False,29.75,True,0.37392426850258176,False,False,False,No rule triggered,False
res-LBZMB3VM,Cloud Endpoints,323.6305,GB,asia-east1,85.01,78.84,84496301651,85421901662.0,2024-09-08 12:31:00,2024-12-08 05:46:00,5.99,1938.55,1939,160937,2177.25,169918203313.0,81.92500000000001,6.170000000000002,81.92500000000001,18.07499999999999,497.2862570122408,73.91755655069468,9.471439602238728e-07,12,6,9,2024,8,328680.0,152969.0,0.4896464646464646,1.0520889853499729,0,0,0,False,-0.10870865350073534,False,False,-0.2040105218912762,False,False,1.1693989496719308,False,False,1.0516545340108576,False,False,1.1202191825701266,False,False,0.9808751766405545,False,False,1.0515546669037785,False,False,-0.14701538219871546,False,False,0.17270367093322872,False,0,0,False,81.92500000000001,False,0.48964646464646466,False,False,False,No rule triggered,False
res-XCONMZ4R,Cloud SQL,754.5171,Requests,asia-southeast1,41.13,18.29,80156463931,83917965863.0,2024-09-08 15:30:00,2024-12-08 04:40:00,4.34,3274.6,3275,271825,2173.1666666666665,164074429794.0,29.71,22.840000000000003,29.71,70.28999999999999,360.2635380960882,125.082444972774,1.6567176271237622e-06,15,6,9,2024,8,250494.0,136369.0,1.0851557322730283,1.9933049300060863,1,0,0,False,0.5250159199871245,False,False,1.2395702542844387,False,False,-0.3640624301003742,False,False,-1.0741193597909868,False,False,0.9722424678427912,False,False,0.929940548983076,False,False,0.9521455014916251,False,False,0.24503392978155655,False,False,-0.4909015609444376,False,0,0,False,29.71,True,1.0851557322730285,False,False,False,No rule triggered,False
res-170DHBTE,Kubernetes Engine,114.5333,Hours,australia-southeast1,87.12,52.29,34053044273,34139736566.0,2024-09-08 20:25:00,,5.14,588.7,589,48887,,68192780839.0,69.705,34.830000000000005,69.705,30.295,426.8365619431205,,7.168940670629043e-07,20,6,9,2024,8,45027.5,95574.5,1.0857142857142856,0.5115067303517151,0,0,0,False,-0.7490740533574799,False,False,-0.904539845087144,False,False,1.2431364955087487,False,False,0.11954393317784397,False,False,-0.5997593024645328,False,False,-0.7559263453199565,False,False,-0.6789092732985982,False,False,,False,False,-0.1684863638424085,False,0,0,False,69.705,False,1.0857142857142856,False,False,False,No rule triggered,False
res-100J1BTT,Cloud Build,568.3773,GB,europe-west1,8.79,52.74,13537126855,16002647625.0,2024-09-08 23:43:00,2024-12-08 06:08:00,5.71,3245.43,3245,269335,2166.4166666666665,29539774480.0,30.765,43.95,30.765,69.235,473.86656715530336,124.32280647767053,9.117706710400043e-06,23,6,9,2024,8,249996.0,67396.0,1.0773572377158034,3.996305418719212,0,0,0,False,0.5107855777680856,False,False,0.615954117321274,False,False,-1.4942388435424059,False,False,0.13534241793772567,False,False,-1.2992965328872779,False,False,-1.3701851937459757,False,False,-1.3364404199670572,False,False,0.23921322424415273,False,False,0.0592813943870585,False,0,0,False,30.765,False,1.0773572377158034,False,False,False,No rule triggered,False
res-Q845DRSP,Cloud CDN,502.9505,Requests,asia-southeast1,87.46,31.97,9878243182,10546174477.0,2024-10-07 00:12:00,2024-12-07 11:39:00,5.53,2781.32,2781,230823,1475.45,20424417659.0,59.715,55.49,59.715,40.285,458.9378079950214,156.44244128909824,1.1301325886189373e-05,0,0,10,2024,7,178948.0,136369.0,1.2898886827458256,1.6926354230066951,0,0,0,False,0.29068961811361943,False,False,0.39675753351780163,False,False,1.2550183749326904,False,False,-0.5938454230905866,False,False,-1.4240545585168691,False,False,-1.554982595537466,False,False,-1.4915028998977737,False,False,0.48532889296207304,False,False,-0.013019044274262735,False,0,0,False,59.714999999999996,False,1.2898886827458256,True,False,False,No rule triggered,False
res-PAQEKYLT,Container Registry,755.6246,GB,europe-west1,40.49,63.72,94863560207,102431000000.0,2024-10-07 00:19:00,,7.33,5538.73,5539,459737,,197294560207.0,52.105,23.23,52.105,47.895,608.4198423397015,,2.330206162388093e-06,0,0,10,2024,7,151807.0,67396.0,3.02843083652269,6.821428571428571,0,1,0,False,1.598932412783917,False,False,1.2432806637276994,False,False,-0.38642832078073597,False,False,0.5208254460788362,False,False,1.4737146265992507,False,False,1.556931741828724,False,False,1.5172573129781757,False,False,,False,False,0.7109270345037225,False,0,0,False,52.105000000000004,False,3.02843083652269,True,False,False,No rule triggered,False
res-L5LC38CL,AI Platform,32.3167,Hours,us-central1,76.49,69.71,33326456106,38389861466.0,2024-10-07 01:36:00,2024-11-07 09:55:00,1.71,55.26,55,4565,752.3166666666667,71716317572.0,73.1,6.780000000000001,73.1,26.90000000000001,141.25823490641062,6.067923525111322,6.365357500985662e-08,1,0,10,2024,7,26518.5,42579.0,0.1721439749608763,0.1072124756335282,0,0,0,False,-1.0023741448563699,False,False,-1.1799865710761357,False,False,0.8716530299896142,False,False,0.7311208321048153,False,False,-0.6245339914850283,False,False,-0.6119850085799048,False,False,-0.6189699473155243,False,False,-0.6669110130922435,False,False,-1.5515509638697824,False,0,0,False,73.1,False,0.17214397496087636,False,False,False,No rule triggered,False
res-1C1MLL0U,Firestore,98.5522,Requests,asia-northeast1,38.11,0.95,27363451299,35833738864.0,2024-10-07 02:26:00,2024-12-07 07:00:00,7.37,726.33,726,60258,1468.5666666666666,63197190163.0,19.53,37.16,19.53,80.47,611.4323170867824,41.0318451097442,9.534917588041628e-07,2,0,10,2024,7,221070.5,90677.5,0.2725736812464802,0.6645308924485126,1,0,0,False,-0.6840888238905362,False,False,-0.9580806345712954,False,False,-0.46960147674833147,False,False,-1.6828876392050902,False,False,-0.8278563086253037,False,False,-0.6985546301464002,False,False,-0.7638898938218377,False,False,-0.39900108845196564,False,False,0.7255165421333698,False,0,0,False,19.53,True,0.2725736812464802,False,False,False,No rule triggered,False
res-D79LIUCM,Cloud Endpoints,839.2951,Requests,australia-southeast1,13.28,86.26,99716836901,100070000000.0,2024-10-07 03:33:00,,6.07,5094.52,5095,422885,,199786836901.0,49.77,72.98,49.77,50.23,503.8573440974456,,2.116680991398605e-06,3,0,10,2024,7,328680.0,95574.5,1.2866161616161615,4.424663482414243,0,0,0,False,1.388323347942143,False,False,1.5235983281271266,False,False,-1.3373281417379925,False,False,1.3121539938293494,False,False,1.6391982200366717,False,False,1.476970445622285,False,False,1.5596537448934729,False,False,,False,False,0.20452764730268044,False,0,0,False,49.77,False,1.2866161616161615,True,False,False,No rule triggered,False
res-LYT5L04L,Cloud Dataproc,249.2844,Requests,northamerica-northeast1,45.3,34.28,15861339674,19799823950.0,2024-10-07 03:58:00,2024-11-07 16:23:00,3.53,879.97,880,73040,756.4166666666666,35661163624.0,39.79,11.019999999999996,39.79,60.21,292.9986794199717,96.56053762256252,2.0481664807719288e-06,3,0,10,2024,7,225386.5,92296.0,0.3240655496225373,0.7913669064748201,0,0,0,False,-0.6110397338328039,False,False,-0.45308905147107115,False,False,-0.21833467363614212,False,False,-0.5127465346565278,False,False,-1.2200471693228772,False,False,-1.2415841175615612,False,False,-1.2323087002846376,False,False,0.026485732025884747,False,False,-0.8166673353507778,False,0,0,False,39.79,False,0.3240655496225373,False,False,False,No rule triggered,False
res-9QO2FLXN,Cloud Data Fusion,609.1028,Requests,europe-west1,75.94,56.56,95693307169,103599000000.0,2024-10-07 04:21:00,2024-11-07 23:14:00,7.19,4379.45,4379,363457,762.8833333333333,199292307169.0,66.25,19.379999999999995,66.25,33.75,596.7087985804695,476.4254036222227,1.8237382323633208e-06,4,0,10,2024,7,174715.0,67396.0,2.080285035629453,5.392857142857143,0,0,0,False,1.0486925136477512,False,False,0.7523950019998509,False,False,0.8524323426861784,False,False,0.2694539996771649,False,False,1.502006751193197,False,False,1.5964890455005245,False,False,1.5512412375008133,False,True,2.937188050617841,False,False,0.6542100902564681,False,1,0,True,66.25,False,2.0802850356294535,True,False,True,IQR outlier in 1 feature(s),False
res-QF6RILJO,Cloud Spanner,419.7062,GB,asia-southeast1,57.85,68.46,80869010194,88465873107.0,2024-10-07 05:31:00,,9.1,3819.33,3819,316977,,169334883301.0,63.155,10.609999999999992,63.155,36.845,755.2354480348396,,1.871894283214876e-06,5,0,10,2024,7,198951.0,136369.0,1.593241551939925,2.3244065733414487,0,0,0,False,0.7830594588923608,False,False,0.11786774858087395,False,False,0.22024646392407746,False,False,0.6872361522162553,False,False,0.9965383659599171,False,False,1.0839670454917139,False,False,1.0416317369044226,False,False,,False,False,1.4219595175199173,False,0,0,False,63.155,False,1.593241551939925,True,False,False,No rule triggered,False
res-N1V5L3PF,Cloud VPN,804.0664,GB,northamerica-northeast1,75.7,97.66,77064605414,81678867817.0,2024-10-07 07:36:00,,4.28,3441.4,3441,285603,,158743473231.0,86.68,21.959999999999997,86.68,13.319999999999991,355.1982771572099,,1.7991479850286303e-06,7,0,10,2024,7,223104.0,92296.0,1.2801339285714286,3.094424460431654,0,0,0,False,0.6037571469324723,False,False,1.4055731352117253,False,False,0.844045133681043,False,False,1.712382274413016,False,False,0.8668184646274378,False,False,0.8541077738490375,False,False,0.8614599297367915,False,False,,False,False,-0.5154327750850803,False,0,0,False,86.68,False,1.2801339285714286,True,False,False,No rule triggered,False
res-Q1HJ9CE1,Cloud SQL,829.9321,GB,asia-northeast1,95.97,44.27,12624630979,14756357058.0,2024-10-07 08:31:00,,7.56,6274.29,6274,520742,,27380988037.0,70.12,51.7,70.12,29.879999999999995,627.4513300545913,,1.9018378712131204e-05,8,0,10,2024,7,250494.0,90677.5,2.078860172299536,5.74279176201373,0,1,0,False,1.9475757971503669,False,False,1.4922298733937158,False,False,1.5524148275731262,False,False,-0.16202017298715654,False,False,-1.3304101713789775,False,False,-1.4123940074635435,False,False,-1.3731638073303691,False,False,,False,False,0.803097113435995,False,0,0,False,70.12,False,2.078860172299536,True,False,False,No rule triggered,False
res-HL2D36SZ,Cloud Build,31.2755,Requests,europe-north1,22.99,75.22,65622960511,66341293879.0,2024-10-07 08:55:00,,3.65,114.16,114,9462,,131964254390.0,49.105,52.23,49.105,50.895,302.53712970216304,,7.170123488165604e-08,8,0,10,2024,7,249996.0,140809.5,0.0378486055776892,0.0671971706454465,0,0,0,False,-0.9743878051589271,False,False,-1.183474858491326,False,False,-0.9979956440718787,False,False,0.9245645010535878,False,False,0.4766893554167128,False,False,0.3346616523985597,False,False,0.4059152740929897,False,False,,False,False,-0.7704723279729101,False,0,0,False,49.105,False,0.037848605577689244,False,False,False,No rule triggered,False
res-1KB82DYG,Pub/Sub,517.2012,GB,australia-southeast1,51.35,48.91,88995413371,94138735210.0,2024-10-07 09:36:00,2024-11-07 13:39:00,7.47,3863.49,3863,320629,748.05,183134148581.0,50.13,2.440000000000005,50.13,49.870000000000005,619.9308895648347,428.619744669474,1.7507876192636251e-06,9,0,10,2024,7,187829.0,95574.5,1.7070260715863896,3.3547546678245768,0,0,0,False,0.8039306274802843,False,False,0.444501038577015,False,False,-0.006907113298346948,False,False,0.0008797587591777675,False,False,1.2736267094112115,False,False,1.276093012012792,False,False,1.2763727720122386,False,True,2.570878726407514,False,False,0.7666753893999908,False,1,0,True,50.129999999999995,False,1.7070260715863896,True,False,True,IQR outlier in 1 feature(s),False
res-FGBS0WGH,Cloud Build,549.3916,GB,northamerica-northeast1,12.45,61.62,20227287540,27147217840.0,2024-10-07 10:15:00,,6.11,3356.78,3357,278631,,47374505380.0,37.035,49.17,37.035,62.965,507.1628324859717,,5.881454545330812e-06,10,0,10,2024,7,249996.0,92296.0,1.1145418326693226,3.018884892086331,0,0,0,False,0.5639121887191637,False,False,0.5523471461547554,False,False,-1.3663339062140867,False,False,0.4470991838660554,False,False,-1.0711801693186693,False,False,-0.9927458544596253,False,False,-1.0330515722721638,False,False,,False,False,0.22053622898816774,False,0,0,False,37.035,False,1.1145418326693226,False,False,False,No rule triggered,False
res-R6V5BB2L,Cloud Load Balancing,805.2556,Requests,northamerica-northeast1,1.32,59.95,10002349370,18870602491.0,2024-10-07 11:03:00,,8.36,6731.94,6732,558756,,28872951861.0,30.635,58.63,30.635,69.365,693.886512555765,,1.9352229820143087e-05,11,0,10,2024,7,360842.5,92296.0,1.5484761357101782,6.053956834532374,0,1,0,False,2.1648256883610255,False,False,1.4095572606382947,False,False,-1.7552907238272535,False,False,0.3884692515349395,False,False,-1.4198228735640102,False,False,-1.2730545759793834,False,False,-1.3477838233034822,False,False,,False,False,1.124844740670747,False,0,0,False,30.635,False,1.5484761357101782,True,False,False,No rule triggered,False
res-PVXWL5C0,Dataflow,86.9833,Hours,us-central1,95.91,89.27,70761031842,79512127244.0,2024-10-07 12:05:00,,7.63,663.68,664,55112,,150273159086.0,92.59,6.640000000000001,92.59,7.409999999999997,633.5928850710424,,3.6674546762179857e-07,12,0,10,2024,7,39051.5,42579.0,1.4112646121147716,1.2943469785575048,0,0,0,False,-0.713498197809883,False,False,-0.9968394208540418,False,False,1.5503180253218423,False,False,1.4178283030010015,False,False,0.6518836748015603,False,False,0.7807255693762876,False,False,0.7173703517961842,False,False,,False,False,0.8328408528174578,False,0,0,False,92.59,False,1.4112646121147716,True,False,False,No rule triggered,False
res-P3JCTDOS,AI Platform,28.6667,Hours,europe-west1,23.39,56.76,78184512938,86307836887.0,2024-10-07 13:02:00,2024-11-07 17:42:00,8.07,231.34,231,19173,748.6666666666666,164492349825.0,40.075,33.37,40.075,59.925,668.8248036920887,25.60952804986643,1.1655861212024605e-07,13,0,10,2024,7,26518.5,67396.0,0.7230046948356808,0.2844827586206896,0,0,0,False,-0.9188894705046758,False,False,-1.1922150085189371,False,False,-0.9840169623966525,False,False,0.2764755484593343,False,False,0.9050042786813202,False,False,1.0108796361686965,False,False,0.9592547916370517,False,False,-0.517174096914103,False,False,1.003470115694086,False,0,0,False,40.075,False,0.7230046948356808,False,False,False,No rule triggered,False
res-GTEJU4UK,Cloud NAT,238.7864,Requests,northamerica-northeast1,5.93,62.48,57070039373,58938060747.0,2024-10-07 13:30:00,,8.27,1974.76,1975,163925,,116008100120.0,34.205,56.55,34.205,65.795,686.4921955354241,,1.4130478805396717e-06,13,0,10,2024,7,199573.5,92296.0,0.8213765855687253,1.7760791366906474,0,0,0,False,-0.09163224283788882,False,False,-0.488260047710668,False,False,-1.5941864175202725,False,False,0.47729184362938465,False,False,0.185057904431669,False,False,0.08393225072419482,False,False,0.13448312943319818,False,False,,False,False,1.089033836466876,False,0,0,False,34.205,False,0.8213765855687253,False,False,False,No rule triggered,False
res-0XF3LPGM,Cloud SQL,931.8438,GB,southamerica-east1,38.82,30.39,87922833079,97539696374.0,2024-10-07 16:07:00,,6.22,5796.07,5796,481068,,185462529453.0,34.605000000000004,8.43,34.605000000000004,65.395,516.2539043560735,,2.5938824484862453e-06,16,0,10,2024,7,250494.0,98106.0,1.9204771371769385,4.903553299492386,0,1,0,False,1.7208390111270158,False,False,1.8336602427470134,False,False,-0.4447893167748051,False,False,-0.6493156584697264,False,False,1.237054625814628,False,False,1.391275249632953,False,False,1.3159811515113042,False,False,,False,False,0.26456456898970476,False,0,0,False,34.605000000000004,False,1.9204771371769385,True,False,False,No rule triggered,False
res-4N1DTK2I,BigQuery,528.3413,Requests,us-east1,0.05,75.85,37307285450,40101055025.0,2024-10-07 17:13:00,,9.16,4839.61,4840,401720,,77408340475.0,37.95,75.8,37.95,62.05,760.3418472112628,,5.189621654913795e-06,17,0,10,2024,7,192892.0,137074.5,2.082616179001721,2.930669088707236,0,0,0,False,1.2673654390803135,False,False,0.481823234729495,False,False,-1.7996730381460966,False,False,0.9466823797174218,False,False,-0.48879849024714006,False,False,-0.5540310674372747,False,False,-0.5221422306946858,False,False,,False,False,1.446689965407204,False,0,0,False,37.949999999999996,False,2.0826161790017212,True,False,False,No rule triggered,False
res-OXE22REJ,Cloud Endpoints,295.4871,Requests,asia-east1,38.52,27.02,3592743618,7584104509.0,2024-10-07 17:18:00,2024-12-07 06:23:00,3.76,1111.03,1111,92213,1453.0833333333333,11176848127.0,32.77,11.500000000000004,32.77,67.22999999999999,312.0711530215701,63.460228250272415,8.250358146787405e-06,17,0,10,2024,7,328680.0,152969.0,0.2805555555555555,0.6028214867064569,0,0,0,False,-0.5014660987462053,False,False,-0.2982981400632583,False,False,-0.45527332803122456,False,False,-0.767628755449284,False,False,-1.6383730736112123,False,False,-1.6553006616515895,False,False,-1.6488144668635463,False,False,-0.22714432397440368,False,False,-0.7242987605116357,False,0,0,False,32.77,False,0.28055555555555556,False,False,False,No rule triggered,False
res-O31OVWGU,Cloud Spanner,479.4566,Requests,us-central1,49.46,31.14,2200590863,5869948955.0,2024-10-07 17:49:00,2024-12-07 07:36:00,5.7,2732.9,2733,226839,1453.7833333333333,8070539818.0,40.3,18.32,40.3,59.7,473.1168577093318,156.03356758801746,2.8107041798378e-05,17,0,10,2024,7,198951.0,42579.0,1.1401752190237795,5.32748538011696,0,0,0,False,0.2679210705631574,False,False,0.3180469344938482,False,False,-0.07295638421379037,False,False,-0.6229848505365904,False,False,-1.6858417128495267,False,False,-1.713354918321351,False,False,-1.7016562677147486,False,False,0.48219591137764783,False,False,0.05565052853743773,False,0,0,False,40.3,False,1.1401752190237797,False,False,False,No rule triggered,False
res-WYVJMQ5V,Cloud Endpoints,177.7278,GB,southamerica-east1,40.15,7.95,92640197584,92794051251.0,2024-10-07 18:36:00,2024-12-07 10:07:00,6.65,1181.89,1182,98106,1455.5166666666669,185434248835.0,24.05,32.2,24.05,75.95,552.001431402403,67.40286954231601,5.290608429475994e-07,18,0,10,2024,7,328680.0,98106.0,0.2984848484848484,1.0,1,0,0,False,-0.46778762216114694,False,False,-0.6928220396134156,False,False,-0.39831020020467833,False,False,-1.4371334318291547,False,False,1.3979039816336847,False,False,1.2305518547278933,False,False,1.3155000663659646,False,False,-0.19693396187648343,False,False,0.43769093929001135,False,0,0,False,24.05,True,0.29848484848484846,False,False,False,No rule triggered,False
res-Z20WG5ZX,Container Registry,797.4945,Requests,europe-north1,65.91,16.06,92687205187,97209143636.0,2024-10-07 18:39:00,,7.3,5821.71,5822,483226,,189896348823.0,40.985,49.85,40.985,59.015,605.9301976377267,,2.544682944117103e-06,18,0,10,2024,7,151807.0,140809.5,3.1831601968288683,3.431771293840259,0,1,0,False,1.7331719743835161,False,False,1.3835555823266987,False,False,0.5019168996798835,False,False,-1.152409628712178,False,False,1.3995068136075832,False,False,1.380080236759142,False,False,1.3914054097798492,False,False,,False,False,0.6988696088241314,False,0,0,False,40.985,False,3.1831601968288683,True,False,False,No rule triggered,False
res-MD82YFPZ,Kubernetes Engine,31.2833,Hours,asia-east1,94.2,76.15,30211701461,34831933503.0,2024-10-07 20:29:00,2024-12-07 03:46:00,7.86,245.89,246,20418,1447.2833333333333,65043634964.0,85.17500000000001,18.05,85.17500000000001,14.824999999999989,652.6805036553048,14.10781118647581,3.139123453248092e-07,20,0,10,2024,7,45027.5,152969.0,0.4534562211981567,0.1334780249593054,0,0,0,False,-0.9117742993951565,False,False,-1.1834487264880236,False,False,1.490559161160251,False,False,0.9572147028906766,False,False,-0.7307386906664549,False,False,-0.7324833278220121,False,False,-0.732479789366176,False,False,-0.6053056324641404,False,False,0.9252827752723244,False,0,0,False,85.17500000000001,False,0.4534562211981567,False,False,False,No rule triggered,False
res-TDYG7ESV,Cloud NAT,306.7861,GB,europe-north1,19.59,95.71,98160908124,106232000000.0,2024-10-07 23:15:00,2024-12-07 02:51:00,8.51,2610.75,2611,216713,1443.6,204392908124.0,57.65,76.11999999999999,57.65,42.35,706.3977148899511,150.11983929066224,1.0602765134518549e-06,23,0,10,2024,7,199573.5,140809.5,1.0858806404657932,1.5390509873268494,0,0,0,False,0.21005101220573305,False,False,-0.2604435880999126,False,False,-1.1168144383113006,False,False,1.6439221737868623,False,False,1.5861452619250995,False,False,1.685662316534643,False,False,1.6380082010712547,False,False,0.43688215849519485,False,False,1.185436877447178,False,0,0,False,57.65,False,1.0858806404657932,False,False,False,No rule triggered,False
res-8VF7SQNS,Cloud VPN,77.1615,Requests,europe-west1,14.81,29.94,9666482890,12995923970.0,2024-10-07 23:29:00,,8.18,631.18,631,52373,,22662406860.0,22.375,15.13,22.375,77.625,678.7452291622117,,2.311007843233117e-06,23,0,10,2024,7,223104.0,67396.0,0.2347470238095238,0.7770935960591133,1,0,0,False,-0.7291515742508257,False,False,-1.0297449734227284,False,False,-1.2838596843302525,False,False,-0.6651141432296079,False,False,-1.4312750110640813,False,False,-1.4720155710388017,False,False,-1.4534321844688682,False,False,,False,False,1.0515150406269687,False,0,0,False,22.375,True,0.2347470238095238,False,False,False,No rule triggered,False
res-US4RKQ3B,Cloud SQL,438.1467,Requests,us-east1,80.25,53.74,66205049163,75089217569.0,2024-10-08 00:14:00,,2.69,1178.61,1179,97857,,141294266732.0,66.995,26.51,66.995,33.004999999999995,223.34300361043455,,6.92575872067126e-07,0,1,10,2024,8,250494.0,137074.5,0.3906560636182902,0.7138964577656676,0,0,0,False,-0.4692106563830508,False,False,0.17964815972168977,False,False,1.00305263773674,False,False,0.17045016184857362,False,False,0.4965370022552271,False,False,0.6309324348498158,False,False,0.5646292860559352,False,False,,False,False,-1.1540119104899482,False,0,0,False,66.995,False,0.39065606361829025,False,False,False,No rule triggered,False
res-67NUV63U,Pub/Sub,881.6954,GB,europe-north1,29.61,41.17,52142857257,54045175891.0,2024-10-08 02:40:00,,8.63,7609.03,7609,631547,,106188033148.0,35.39,11.560000000000002,35.39,64.61,716.2870533293018,,5.947440415623659e-06,2,1,10,2024,8,187829.0,140809.5,3.3623508616880247,4.485116416150899,0,1,0,False,2.580826025897592,False,False,1.6656502229506904,False,False,-0.7666484623468864,False,False,-0.2708541791107853,False,False,0.01705433622705843,False,False,-0.08177779386479964,False,False,-0.03256726340013364,False,False,,False,False,1.2333312469362103,False,0,0,False,35.39,False,3.3623508616880247,True,False,False,No rule triggered,False
res-8ZPK23NO,Kubernetes Engine,109.6333,Hours,us-west1,97.05,97.65,61917587897,67635412141.0,2024-10-08 03:36:00,,7.78,852.95,853,70799,,129553000038.0,97.35,0.6000000000000085,97.35,2.6500000000000057,645.780068647026,,5.464867658736849e-07,3,1,10,2024,8,45027.5,83996.0,1.5723502304147463,0.8428853754940712,0,0,0,False,-0.6238470418299388,False,False,-0.9209561035720005,False,False,1.5901572680962368,False,False,1.7120311969739077,False,False,0.3503461827829767,False,False,0.3784902731837965,False,False,0.3648971234152816,False,False,,False,False,0.8918637568062865,False,0,0,False,97.35,False,1.5723502304147465,True,False,False,No rule triggered,False
res-S0A3I6KB,Cloud CDN,226.5132,Requests,us-central1,54.61,56.86,63126220369,67059945319.0,2024-10-08 04:48:00,,5.25,1189.19,1189,98687,,130186165688.0,55.735,2.25,55.735,44.265,435.6788037076868,,7.580452153150444e-07,4,1,10,2024,8,178948.0,42579.0,0.5514842300556586,2.317738791423002,0,0,0,False,-0.46446720897670457,False,False,-0.5293784198813499,False,False,0.10701914235474583,False,False,0.2799863228504192,False,False,0.39155727731195333,False,False,0.35900061921898496,False,False,0.37566798382414196,False,False,,False,False,-0.12566311567664967,False,0,0,False,55.735,False,0.5514842300556586,False,False,False,No rule triggered,False
res-RY520DKS,Cloud Armor,255.9859,GB,northamerica-northeast1,18.18,17.51,68083241730,70085717043.0,2024-10-08 04:58:00,2024-12-08 02:34:00,3.26,834.51,835,69305,1461.6,138168958773.0,17.845,0.6699999999999982,17.845,82.155,270.73756796761074,47.417214012041605,5.015960213890176e-07,4,1,10,2024,8,206089.0,92296.0,0.3362867498993153,0.7508992805755396,1,0,0,False,-0.632385247161362,False,False,-0.43063730530040456,False,False,-1.1660892912164726,False,False,-1.101503400041448,False,False,0.5605782829715856,False,False,0.46147610802704586,False,False,0.5114642797718938,False,False,-0.3500734046029448,False,False,-0.9244785811357799,False,0,0,False,17.845,True,0.33628674989931534,False,False,False,No rule triggered,False
res-1GXD61J7,Cloud Data Fusion,153.8323,GB,southamerica-east1,34.89,39.97,88229925390,93405272504.0,2024-10-08 05:23:00,,7.86,1209.12,1209,100347,,181635197894.0,37.43,5.079999999999998,37.43,62.57,652.3142408973928,,5.524645066787179e-07,5,1,10,2024,8,174715.0,98106.0,0.5743467933491686,1.0228426395939083,0,0,0,False,-0.454980314164012,False,False,-0.7728781017817606,False,False,-0.5821298642339017,False,False,-0.3129834718038029,False,False,1.247525642067237,False,False,1.2512524238336975,False,False,1.250873933581186,False,False,,False,False,0.9235089534979869,False,0,0,False,37.43,False,0.5743467933491686,False,False,False,No rule triggered,False
