Resource_ID,Service_Name,Usage_Quantity,Usage_Unit,Region_Zone,CPU_Utilization,Memory_Utilization,Network_Inbound_Data_Bytes,Network_Outbound_Data_Bytes,Usage_Start_Date,Usage_End_Date,Cost_per_Quantity,Unrounded_Cost,Rounded_Cost,Total_Cost_INR,Usage_Duration_Hours,Total_Network_Data_Bytes,CPU_Memory_Avg,CPU_Memory_Gap,Utilization_Score,Idle_Score,Cost_per_Usage_Unit,Cost_per_Hour,Cost_per_Network_Byte,Usage_Start_Hour,Usage_Day_of_Week,Usage_Month,Usage_Year,Usage_Day,Service_Median_Cost,Region_Median_Cost,Cost_vs_Service_Median,Cost_vs_Region_Median,Is_Low_Utilization,Is_High_Cost,Potential_Optimization
res-EWB6WO2A,BigQuery,233.0245,Requests,us-east1,68.7,40.39,52144618310,58883692028.0,2024-01-07 00:13:00,2024-05-07 22:14:00,8.49,1978.38,1978,164174,2926.016666666667,111028310338.0,54.545,28.310000000000002,54.545,45.455,704.5353600157923,56.108361196393275,1.4786679136177992e-06,0,6,1,2024,7,192892.0,137074.5,0.851118760757315,1.1976990614592795,0,0,0
res-BZ5W9M5K,AI Platform,42.3,Hours,asia-northeast1,59.91,83.97,23645124707,29861999523.0,2024-01-07 02:06:00,2024-02-07 20:24:00,9.01,381.12,381,31623,762.3,53507124230.0,71.94,24.060000000000002,71.94,28.060000000000002,747.5886524822696,41.48366784730421,5.910054119909109e-07,2,6,1,2024,7,26518.5,90677.5,1.192488262910798,0.34874141876430204,0,0,0
res-P7GN3K3R,Cloud NAT,369.9806,GB,europe-west1,60.36,66.74,37635039600,38102762007.0,2024-01-07 02:48:00,2024-05-07 04:10:00,5.75,2127.39,2127,176541,2905.366666666667,75737801607.0,63.55,6.3799999999999955,63.55,36.45,477.1628566470783,60.76375902066291,2.330949621644198e-06,2,6,1,2024,7,199573.5,67396.0,0.8845913911416095,2.6194581280788176,0,0,0
res-RF559IVM,Cloud Spanner,933.6444,Requests,us-west1,92.88,35.54,38215807762,45909593430.0,2024-01-07 02:57:00,2024-05-07 07:28:00,2.74,2558.19,2558,212314,2908.516666666667,84125401192.0,64.21,57.339999999999996,64.21,35.790000000000006,227.40349537789763,72.99734687211694,2.523779940323069e-06,2,6,1,2024,7,198951.0,83996.0,1.0671672924488944,2.527667984189723,0,0,0
res-M3ZBKI2V,Cloud Memorystore,717.5885,Requests,us-central1,79.24,95.25,81736099653,88202065814.0,2024-01-07 03:32:00,2024-02-07 14:33:00,1.08,775.0,775,64325,755.0166666666667,169938165467.0,87.245,16.010000000000005,87.245,12.754999999999995,89.64051124007702,85.19679477274232,3.785200329968912e-07,3,6,1,2024,7,86071.0,42579.0,0.7473481195756991,1.510721247563353,0,0,0
res-A7Y0GW1C,Cloud Functions,34.2833,Hours,europe-west1,10.03,96.22,94135245422,98449735815.0,2024-01-07 04:28:00,2024-02-07 14:45:00,6.14,210.5,210,17430,754.2833333333333,192584981237.0,53.125,86.19,53.125,46.875,508.4108005938752,23.108027487460504,9.050549989954927e-08,4,6,1,2024,7,32868.0,67396.0,0.5303030303030303,0.25862068965517243,0,0,0
res-5LLLKIJS,BigQuery,668.9061,Requests,northamerica-northeast1,64.24,46.71,66275745278,75243804180.0,2024-01-07 07:41:00,2024-04-07 10:25:00,5.96,3986.68,3987,330921,2186.733333333333,141519549458.0,55.474999999999994,17.529999999999994,55.474999999999994,44.525000000000006,494.71966244589487,151.33120941434714,2.3383412487347577e-06,7,6,1,2024,7,192892.0,92296.0,1.7155765920826163,3.585431654676259,0,0,0
res-65KB06P4,Dataflow,103.9167,Hours,asia-east1,93.48,32.8,32475050333,40333849858.0,2024-01-07 08:59:00,2024-05-07 16:54:00,8.52,885.37,885,73455,2911.9166666666665,72808900191.0,63.14,60.68000000000001,63.14,36.86,706.8642479986373,25.225653206650833,1.0088739124929107e-06,8,6,1,2024,7,39051.5,152969.0,1.8809776833156218,0.4801953336950624,0,0,0
res-BPP2I4JY,Cloud Spanner,531.0639,Requests,asia-east1,75.38,12.43,39898883632,48932096910.0,2024-01-07 09:54:00,2024-05-07 10:35:00,2.85,1513.53,1514,125662,2904.6833333333334,88830980542.0,43.905,62.949999999999996,43.905,56.095,236.62312576697457,43.261858722408064,1.4146190803397245e-06,9,6,1,2024,7,198951.0,152969.0,0.6316228619107217,0.8214867064568638,0,0,0
res-OPE31JB2,Kubernetes Engine,58.8167,Hours,europe-north1,92.84,49.35,38117025024,46310224844.0,2024-01-07 09:56:00,2024-03-07 20:45:00,9.93,584.05,584,48472,1450.8166666666666,84427249868.0,71.095,43.49,71.095,28.905,824.1196802948823,33.410148307275215,5.741274301340482e-07,9,6,1,2024,7,45027.5,140809.5,1.0764976958525345,0.3442381373415856,0,0,0
res-LWK6DJPU,Dataflow,98.0667,Hours,australia-southeast1,32.91,22.82,99728008625,99735769398.0,2024-01-07 10:58:00,2024-05-07 13:02:00,6.66,653.12,653,54199,2906.0666666666666,199463778023.0,27.865,10.089999999999996,27.865,72.135,552.6748631288705,18.650294785620886,2.7172352061711354e-07,10,6,1,2024,7,39051.5,95574.5,1.38788522848034,0.5670864090316978,1,0,1
res-DXKGGUD7,Cloud SQL,439.1355,GB,asia-east1,0.69,57.08,35134645139,37251592742.0,2024-01-07 11:10:00,2024-06-07 21:17:00,7.67,3368.17,3368,279544,3658.116666666667,72386237881.0,28.884999999999998,56.39,28.884999999999998,71.11500000000001,636.5780038279756,76.417464360076,3.861839048184254e-06,11,6,1,2024,7,250494.0,152969.0,1.115970841616965,1.8274552360282148,1,0,0
res-MZB1S515,Cloud Storage,805.6513,Requests,southamerica-east1,53.72,31.97,51944180329,58006946262.0,2024-01-07 15:32:00,2024-03-07 12:43:00,6.4,5156.17,5156,427948,1437.1833333333334,109951126591.0,42.845,21.75,42.845,57.155,531.1826592968944,297.76855191288513,3.892165667314131e-06,15,6,1,2024,7,158364.0,98106.0,2.70230607966457,4.362098138747885,0,0,0
res-0PKXQAXF,Cloud Endpoints,716.3448,GB,us-east1,85.67,57.03,13501372933,20403329092.0,2024-01-07 15:41:00,2024-04-07 16:28:00,6.11,4376.87,4377,363291,2184.7833333333333,33904702025.0,71.35,28.64,71.35,28.650000000000006,507.1454416923247,166.28239260948837,1.071506246337524e-05,15,6,1,2024,7,328680.0,137074.5,1.1053030303030302,2.6503178928247046,0,0,0
res-3ECMMHD3,Cloud Armor,882.3972,Requests,asia-east1,38.05,9.48,45169397512,54583521857.0,2024-01-07 16:40:00,2024-05-07 20:30:00,7.81,6891.52,6892,572036,2907.8333333333335,99752919369.0,23.765,28.569999999999997,23.765,76.235,648.2749491952151,196.72241646128273,5.73452891021624e-06,16,6,1,2024,7,206089.0,152969.0,2.7756745871929116,3.7395550732501355,1,1,1
res-WK1ERI38,Compute Engine,134.2333,Hours,asia-east1,64.78,85.55,86766791508,90442562221.0,2024-01-07 17:03:00,2024-07-07 07:17:00,4.61,618.82,619,51377,4358.233333333334,177209353729.0,75.16499999999999,20.769999999999996,75.16499999999999,24.835000000000008,382.74407319197246,11.788492278981543,2.8992261931370184e-07,17,6,1,2024,7,33947.0,152969.0,1.5134474327628362,0.3358654367878459,0,0,0
res-5O0LZKYC,BigQuery,477.7508,Requests,europe-north1,63.32,46.75,88256196324,95036019889.0,2024-01-07 19:51:00,2024-04-07 21:24:00,7.49,3578.35,3578,296974,2185.55,183292216213.0,55.035,16.57,55.035,44.965,621.6085875732704,135.88067076937153,1.6202215573349432e-06,19,6,1,2024,7,192892.0,140809.5,1.5395869191049913,2.1090480400825227,0,0,0
res-BIZLO9XV,Cloud Load Balancing,749.4753,Requests,europe-west3,85.61,27.21,34512266113,42396858117.0,2024-01-07 20:11:00,2024-07-07 03:39:00,6.92,5186.37,5186,430438,4351.466666666666,76909124230.0,56.41,58.4,56.41,43.59,574.3191269945788,98.91791273440374,5.596709159146799e-06,20,6,1,2024,7,360842.5,242775.0,1.1928694652098908,1.772991452991453,0,0,0
res-DJYS3EO0,Cloud Build,113.9094,GB,europe-north1,60.01,78.71,25364257534,35178408351.0,2024-01-07 21:22:00,2024-07-07 12:29:00,4.63,527.4,527,43741,4359.116666666667,60542665885.0,69.36,18.699999999999996,69.36,30.64,383.9981599411462,10.034372407253763,7.224822257263243e-07,21,6,1,2024,7,249996.0,140809.5,0.1749667994687915,0.31063955201886234,0,0,0
res-A1U5Y9Z5,Cloud VPC,466.6962,Requests,europe-west3,40.42,70.42,79766617491,88136650406.0,2024-01-08 00:18:00,2024-03-08 23:54:00,7.6,3546.89,3547,294401,1463.6,167903267897.0,55.42,30.0,55.42,44.58,630.8193638602586,201.1485378518721,1.7533964864853007e-06,0,0,1,2024,8,181604.0,242775.0,1.6211151736745886,1.2126495726495727,0,0,0
res-LHZFUPDP,Cloud VPN,335.9038,GB,asia-southeast1,63.9,21.88,95554380366,98928289894.0,2024-01-08 01:40:00,2024-02-08 12:34:00,2.1,705.4,705,58515,754.9,194482670260.0,42.89,42.019999999999996,42.89,57.11,174.20166130898193,77.51357795734535,3.008751366986707e-07,1,0,1,2024,8,223104.0,136369.0,0.2622767857142857,0.42909312233718805,0,0,0
res-TH2HV714,Firestore,668.343,GB,europe-west3,57.12,76.38,36394756934,46156760944.0,2024-01-08 03:28:00,2024-06-08 02:35:00,8.9,5948.25,5948,493684,3647.116666666667,82551517878.0,66.75,19.259999999999998,66.75,33.25,738.6686177606409,135.36282085848637,5.980314023172757e-06,3,0,1,2024,8,221070.5,242775.0,2.2331518678430635,2.0335042735042737,0,1,0
res-OZF4OSTM,Cloud Functions,111.4167,Hours,europe-west1,29.83,54.6,81505567289,83707185300.0,2024-01-08 04:26:00,2024-05-08 19:51:00,7.29,812.23,812,67396,2919.4166666666665,165212752589.0,42.215,24.770000000000003,42.215,57.785,604.9003425877808,23.08543373390803,4.079346112443337e-07,4,0,1,2024,8,32868.0,67396.0,2.0505050505050506,1.0,0,0,0
res-7DE9JX1O,Cloud VPN,470.6748,GB,northamerica-northeast1,0.67,93.53,75117876119,78971281541.0,2024-01-08 04:56:00,2024-05-08 03:45:00,9.45,4447.88,4448,369184,2902.8166666666666,154089157660.0,47.1,92.86,47.1,52.9,784.3717148230583,127.18130092037045,2.395911598235938e-06,4,0,1,2024,8,223104.0,92296.0,1.6547619047619047,4.0,0,0,0
res-88OPB1KK,Pub/Sub,601.8522,Requests,asia-east1,31.71,70.24,28038913731,37441336007.0,2024-01-08 05:07:00,2024-05-08 04:53:00,3.76,2262.96,2263,187829,2903.766666666667,65480249738.0,50.974999999999994,38.529999999999994,50.974999999999994,49.025000000000006,312.08492716318057,64.68460505320675,2.8684832564252978e-06,5,0,1,2024,8,187829.0,152969.0,1.0,1.2278893109061313,0,0,0
res-JWK1VY6C,Cloud VPC,217.147,GB,southamerica-east1,27.43,84.27,83416670685,88105164618.0,2024-01-08 06:24:00,2024-05-08 01:48:00,7.5,1628.6,1629,135207,2899.4,171521835303.0,55.849999999999994,56.839999999999996,55.849999999999994,44.150000000000006,622.6519362459533,46.63275160378009,7.882786454631363e-07,6,0,1,2024,8,181604.0,98106.0,0.7445155393053017,1.3781725888324874,0,0,0
res-13MDNGII,BigQuery,920.6326,GB,europe-west3,98.57,99.09,54809300779,55666754879.0,2024-01-08 08:09:00,2024-04-08 16:19:00,8.89,8184.42,8184,679272,2192.1666666666665,110476055658.0,98.83,0.5200000000000102,98.83,1.1700000000000017,737.8317908794453,309.86330114802706,6.148590261973309e-06,8,0,1,2024,8,192892.0,242775.0,3.521514629948365,2.797948717948718,0,1,0
res-VTF7HJFJ,Cloud Armor,175.9606,Requests,northamerica-northeast1,90.66,58.44,47065624520,47532415414.0,2024-01-08 10:35:00,2024-06-08 13:35:00,2.38,418.79,419,34777,3651.0,94598039934.0,74.55,32.22,74.55,25.450000000000003,197.64083550522105,9.525335524513832,3.676291815799093e-07,10,0,1,2024,8,206089.0,92296.0,0.16874748288360855,0.3767985611510791,0,0,0
res-F5EMGMM8,Cloud SQL,948.2171,GB,northamerica-northeast1,22.26,20.26,97371163399,98298454729.0,2024-01-08 11:01:00,2024-06-08 12:24:00,5.6,5310.02,5310,440730,3649.383333333333,195669618128.0,21.26,2.0,21.26,78.74,464.79862048469704,120.76834899046871,2.2524191758359254e-06,11,0,1,2024,8,250494.0,92296.0,1.7594433399602385,4.775179856115108,1,0,1
res-VYZLUG57,Firestore,821.4108,Requests,asia-southeast1,95.03,33.02,31067732424,31349574604.0,2024-01-08 11:19:00,2024-05-08 09:12:00,4.18,3433.5,3434,285022,2901.883333333333,62417307028.0,64.025,62.01,64.025,35.974999999999994,346.99081141859835,98.21966194368025,4.566393738713222e-06,11,0,1,2024,8,221070.5,136369.0,1.2892810212126902,2.0900791235544736,0,0,0
res-SJ11891I,Cloud CDN,920.1814,GB,asia-southeast1,11.67,6.75,41021653388,41645168947.0,2024-01-08 16:15:00,2024-03-08 21:48:00,5.78,5318.65,5319,441477,1445.55,82666822335.0,9.21,4.92,9.21,90.78999999999999,479.7717058832095,305.4041714226419,5.340437524149089e-06,16,0,1,2024,8,178948.0,136369.0,2.467068645640074,3.237370663420572,1,0,1
res-0IP8J7AC,Compute Engine,109.15,Hours,northamerica-northeast1,46.61,20.63,79400349492,80102703395.0,2024-01-08 16:24:00,2024-06-08 05:33:00,8.91,972.53,973,80759,3637.15,159503052887.0,33.62,25.98,33.62,66.38,739.8900595510764,22.20392340156441,5.06316327733324e-07,16,0,1,2024,8,33947.0,92296.0,2.3789731051344742,0.875,0,0,0
res-Z35RBDV4,Cloud Endpoints,851.9663,Requests,asia-east1,16.04,92.44,15703469920,22933387070.0,2024-01-08 16:37:00,2024-03-08 21:30:00,7.58,6457.9,6458,536014,1444.8833333333334,38636856990.0,54.239999999999995,76.4,54.239999999999995,45.760000000000005,629.1492985109857,370.973896393019,1.387312638133923e-05,16,0,1,2024,8,328680.0,152969.0,1.6308080808080807,3.5040694519804667,0,1,0
res-P7E29M8B,Cloud Data Fusion,546.5469,Requests,us-east1,98.75,78.64,49438110444,55728177096.0,2024-01-08 16:45:00,2024-04-08 13:19:00,3.32,1814.54,1815,150645,2180.5666666666666,105166287540.0,88.695,20.11,88.695,11.305000000000007,275.63050856202824,69.08525306877418,1.4324457345012029e-06,16,0,1,2024,8,174715.0,137074.5,0.8622327790973872,1.0990009082652135,0,0,0
res-IZW2W4XT,Cloud VPN,160.4866,Requests,us-central1,34.35,88.63,60339419641,64894726306.0,2024-01-08 20:57:00,2024-03-08 10:49:00,2.85,457.39,457,37931,1429.8666666666666,125234145947.0,61.489999999999995,54.279999999999994,61.489999999999995,38.510000000000005,236.34995071239592,26.527648265572548,3.0288065377994175e-07,20,0,1,2024,8,223104.0,42579.0,0.17001488095238096,0.8908382066276803,0,0,0
res-ST6BAJ2N,Cloud Dataproc,954.9843,Requests,europe-north1,92.72,70.42,77097035547,82685933273.0,2024-01-08 22:24:00,2024-07-08 06:54:00,5.24,5004.12,5004,415332,4352.5,159782968820.0,81.57,22.299999999999997,81.57,18.430000000000007,434.90976762654634,95.42377943710511,2.5993508761743136e-06,22,0,1,2024,8,225386.5,140809.5,1.8427545571717916,2.949602122015915,0,0,0
res-IPSRXLS0,Cloud Spanner,587.1242,GB,europe-west1,24.73,11.63,38218995247,46836316447.0,2024-02-07 00:58:00,2024-06-07 01:13:00,6.25,3669.53,3670,304610,2904.25,85055311694.0,18.18,13.1,18.18,81.82,518.8169726269161,104.8842213996729,3.5813166036694204e-06,0,2,2,2024,7,198951.0,67396.0,1.5310805173133084,4.519704433497537,1,0,1
res-FKBX47G9,Cloud Run,38.2167,Hours,europe-north1,41.18,81.14,21583247587,25875971843.0,2024-02-07 01:26:00,2024-03-07 15:39:00,4.71,180.0,180,14940,710.2166666666667,47459219430.0,61.16,39.96,61.16,38.84,390.9285731107081,21.035834135123082,3.147965807156976e-07,1,2,2,2024,7,39508.0,140809.5,0.37815126050420167,0.10610079575596817,0,0,0
res-5RZ6TIFT,Kubernetes Engine,82.9,Hours,asia-northeast1,44.88,94.96,13212279998,17308367361.0,2024-02-07 02:21:00,2024-05-07 13:15:00,6.66,552.11,552,45816,2170.9,30520647359.0,69.92,50.07999999999999,69.92,30.08,552.6658624849216,21.104610990833294,1.5011477135818245e-06,2,2,2,2024,7,45027.5,90677.5,1.017511520737327,0.5052631578947369,0,0,0
res-MHZNFQHE,Cloud VPC,178.9791,GB,asia-northeast1,74.45,59.61,51923213434,61022206143.0,2024-02-07 07:10:00,2024-07-07 00:59:00,2.1,375.86,376,31208,3617.8166666666666,112945419577.0,67.03,14.840000000000003,67.03,32.97,174.36672773524955,8.626197199968674,2.7631045257859345e-07,7,2,2,2024,7,181604.0,90677.5,0.17184643510054845,0.34416475972540045,0,0,0
res-58DCP6N2,Cloud Build,304.946,GB,europe-west1,53.64,27.09,63037904388,70624945076.0,2024-02-07 08:08:00,2024-06-07 11:58:00,5.61,1710.75,1711,142013,2907.8333333333335,133662849464.0,40.365,26.55,40.365,59.635,465.69884504141714,48.838081045451936,1.0624717381791938e-06,8,2,2,2024,7,249996.0,67396.0,0.5680610889774237,2.107142857142857,0,0,0
res-AOZJGYUX,Pub/Sub,290.508,Requests,europe-west3,64.4,61.47,82517483439,90231208571.0,2024-02-07 08:34:00,2024-06-07 15:44:00,9.99,2902.17,2902,240866,2911.1666666666665,172748692010.0,62.935,2.930000000000007,62.935,37.065,829.1200242334119,82.73865002576287,1.3943144645405295e-06,8,2,2,2024,7,187829.0,242775.0,1.2823685373398144,0.9921367521367521,0,0,0
res-A4ULLZJW,Cloud Storage,340.1787,GB,us-west1,13.58,33.18,50524366416,59630573021.0,2024-02-07 09:16:00,2024-07-07 09:25:00,5.29,1799.55,1800,149400,3624.15,110154939437.0,23.38,19.6,23.38,76.62,439.1809363725595,41.223459293903396,1.3562714551302086e-06,9,2,2,2024,7,158364.0,83996.0,0.9433962264150944,1.7786561264822134,1,0,0
res-EJM2VMLK,Cloud Spanner,87.8738,GB,europe-west1,97.45,80.05,89316801399,89912632274.0,2024-02-07 11:06:00,2024-08-07 02:42:00,2.5,219.68,220,18260,4359.6,179229433673.0,88.75,17.400000000000006,88.75,11.25,207.7980012244833,4.188457656665749,1.0188058750057177e-07,11,2,2,2024,7,198951.0,67396.0,0.0917813934084272,0.270935960591133,0,0,0
res-3SESG8V7,Cloud Memorystore,346.6752,GB,asia-east1,80.96,95.33,28698797112,36231433469.0,2024-02-07 11:20:00,2024-08-07 05:14:00,1.54,533.88,534,44322,4361.9,64930230581.0,88.145,14.370000000000005,88.145,11.855000000000004,127.84877603012848,10.161168298218668,6.826096196394778e-07,11,2,2,2024,7,86071.0,152969.0,0.5149469623915139,0.2897449810092241,0,0,0
res-UEL2KJBD,Cloud VPC,298.0653,GB,us-west1,66.82,57.94,24527235493,26241930001.0,2024-02-07 12:35:00,2024-05-07 16:16:00,7.34,2187.8,2188,181604,2163.6833333333334,50769165494.0,62.379999999999995,8.879999999999995,62.379999999999995,37.620000000000005,609.2758868610335,83.93279977815608,3.5770530839523515e-06,12,2,2,2024,7,181604.0,83996.0,1.0,2.1620553359683794,0,0,0
res-9VSL8AKL,Cloud CDN,687.6223,GB,asia-southeast1,71.14,94.07,38892223577,40407543548.0,2024-02-07 14:58:00,2024-06-07 07:24:00,2.39,1643.42,1643,136369,2896.4333333333334,79299767125.0,82.60499999999999,22.929999999999993,82.60499999999999,17.39500000000001,198.31962983166775,47.08169818052087,1.7196645708308566e-06,14,2,2,2024,7,178948.0,136369.0,0.7620593692022264,1.0,0,0,0
res-1RO85N0I,Compute Engine,67.75,Hours,southamerica-east1,40.24,94.45,97156852662,98079959949.0,2024-02-07 16:06:00,2024-05-07 11:51:00,4.51,305.55,306,25398,2155.75,195236812611.0,67.345,54.21,67.345,32.655,374.8782287822878,11.781514554099502,1.3008817169436328e-07,16,2,2,2024,7,33947.0,98106.0,0.7481662591687042,0.25888324873096447,0,0,0
res-8DMDOAEB,Cloud Load Balancing,992.0661,GB,southamerica-east1,59.72,17.93,49573513144,57377379156.0,2024-02-07 16:07:00,2024-04-07 01:47:00,4.63,4593.27,4593,381219,1425.6666666666667,106950892300.0,38.825,41.79,38.825,61.175,384.2677418369603,267.3970072480711,3.5644302894703385e-06,16,2,2,2024,7,360842.5,98106.0,1.0564692351926395,3.8857868020304567,0,0,0
res-J8G7NJAD,Cloud Storage,145.9373,Requests,northamerica-northeast1,9.59,28.75,81987854667,83659890497.0,2024-02-07 17:05:00,2024-04-07 13:56:00,6.25,912.11,912,75696,1436.85,165647745164.0,19.17,19.16,19.17,80.83,518.6885052690436,52.681908341162966,4.569696975051304e-07,17,2,2,2024,7,158364.0,92296.0,0.4779874213836478,0.8201438848920863,1,0,0
res-C7XKMCFZ,Cloud Memorystore,360.35,Requests,asia-east1,93.46,86.06,11333949670,12295147258.0,2024-02-07 17:46:00,2024-05-07 10:19:00,8.21,2958.47,2958,245514,2152.55,23629096928.0,89.75999999999999,7.3999999999999915,89.75999999999999,10.240000000000009,681.3209379769668,114.05728089939838,1.0390325146496433e-05,17,2,2,2024,7,86071.0,152969.0,2.8524590163934427,1.604991861096039,0,0,0
res-YFTXHZ6V,Cloud VPC,531.6863,GB,us-west1,53.93,12.52,3696418486,12776658300.0,2024-02-07 18:46:00,2024-07-07 02:27:00,9.6,5104.19,5104,423632,3607.6833333333334,16473076786.0,33.225,41.41,33.225,66.775,796.7705769360618,117.42494028947478,2.5716628745398237e-05,18,2,2,2024,7,181604.0,83996.0,2.3327239488117,5.043478260869565,0,0,0
res-C2BO9C9A,Cloud Build,359.6147,GB,asia-northeast1,15.22,33.29,74126443926,83900514981.0,2024-02-07 19:13:00,2024-04-07 20:08:00,3.06,1100.42,1100,91300,1440.9166666666667,158026958907.0,24.255,18.07,24.255,75.745,253.8828362689289,63.36244288936441,5.77749522179508e-07,19,2,2,2024,7,249996.0,90677.5,0.3652058432934927,1.0068649885583525,1,0,0
res-C2XM3T1J,Dataflow,40.4833,Hours,asia-east1,85.18,32.81,24102967462,28484820198.0,2024-02-07 20:56:00,2024-04-07 13:25:00,6.88,278.53,279,23157,1432.4833333333333,52587787660.0,58.995000000000005,52.370000000000005,58.995000000000005,41.004999999999995,572.0136451326844,16.16563310800591,4.4034938586347824e-07,20,2,2,2024,7,39051.5,152969.0,0.5929861849096706,0.15138361367335865,0,0,0
res-6N22OLZ8,Cloud Spanner,358.3231,Requests,asia-northeast1,59.61,29.73,4720168247,9704777665.0,2024-02-07 23:29:00,2024-04-07 10:37:00,6.24,2235.94,2236,185588,1427.1333333333334,14424945912.0,44.67,29.88,44.67,55.33,517.9347912540386,130.04250945952256,1.2865767478934586e-05,23,2,2,2024,7,198951.0,90677.5,0.9328327075511056,2.0466819221967962,0,0,0
res-T0HRH0Q7,Cloud Build,825.9177,GB,us-east1,95.54,1.83,97624944269,101582000000.0,2024-02-08 00:36:00,2024-07-08 16:46:00,5.26,4344.33,4344,360552,3640.1666666666665,199206944269.0,48.685,93.71000000000001,48.685,51.315,436.54712812184556,99.04821207820156,1.809936904173014e-06,0,3,2,2024,8,249996.0,137074.5,1.4422310756972112,2.630336058128974,0,0,0
res-HLWAGRJX,Pub/Sub,565.1884,GB,us-east1,5.46,98.89,87565187937,92048056617.0,2024-02-08 00:52:00,2024-03-08 16:36:00,7.16,4046.75,4047,335901,711.7333333333333,179613244554.0,52.175,93.43,52.175,47.825,594.3168684990704,471.9478269014612,1.8701349159082347e-06,0,3,2,2024,8,187829.0,137074.5,1.7883340698188246,2.4504995458673933,0,0,0
res-AVUOMRX1,Cloud SQL,575.5324,GB,us-east1,45.97,23.87,1791250551,5271422916.0,2024-02-08 01:07:00,2024-06-08 02:30:00,6.94,3994.19,3994,331502,2905.383333333333,7062673467.0,34.92,22.099999999999998,34.92,65.08,575.9918989791017,114.09922959104651,4.693718342620922e-05,1,3,2,2024,8,250494.0,137074.5,1.3233929754804505,2.4184075083257643,0,0,0
res-VVSWUAAE,Cloud VPC,371.4837,GB,us-central1,92.77,41.13,33496707994,39632106621.0,2024-02-08 01:39:00,2024-05-08 08:21:00,1.13,419.78,420,34860,2166.7,73128814615.0,66.95,51.63999999999999,66.95,33.05,93.83991814445695,16.088983246411594,4.7669308170147205e-07,1,3,2,2024,8,181604.0,42579.0,0.19195612431444242,0.8187134502923976,0,0,0
res-U0XU6E1T,Cloud Dataproc,779.1763,Requests,asia-east1,80.81,91.42,95372099760,96841264412.0,2024-02-08 02:38:00,2024-03-08 06:37:00,4.23,3295.92,3296,273568,699.9833333333333,192213364172.0,86.11500000000001,10.61,86.11500000000001,13.884999999999991,351.0989746479712,390.8207338269959,1.4232517139401437e-06,2,3,2,2024,8,225386.5,152969.0,1.2137727858589578,1.7883884970157353,0,0,0
res-PJBYZUOO,Cloud Dataproc,376.8075,Requests,us-east1,20.6,1.99,39391998186,44986088106.0,2024-02-08 03:07:00,2024-07-08 04:02:00,1.35,508.69,509,42247,3624.9166666666665,84378086292.0,11.295,18.610000000000003,11.295,88.705,112.11825666951958,11.654612749718385,5.006868709228536e-07,3,3,2,2024,8,225386.5,137074.5,0.1874424599521267,0.3082046624280957,1,0,0
res-283P4R0H,Firestore,32.4517,GB,northamerica-northeast1,43.53,85.79,88791419619,89178594951.0,2024-02-08 04:11:00,2024-05-08 05:28:00,7.17,232.68,233,19339,2161.2833333333333,177970014570.0,64.66,42.260000000000005,64.66,35.34,595.9318001830412,8.947924458462179,1.0866437274124903e-07,4,3,2,2024,8,221070.5,92296.0,0.08747888117139102,0.20953237410071943,0,0,0
res-GZ7OSG7F,Cloud Interconnect,402.6602,Requests,europe-north1,34.9,34.24,4051874744,6569214624.0,2024-02-08 04:53:00,2024-07-08 01:59:00,9.57,3853.46,3853,319799,3621.1,10621089368.0,34.57,0.6599999999999966,34.57,65.43,794.215569355998,88.31542901328326,3.0109811613440892e-05,4,3,2,2024,8,123504.0,140809.5,2.5893817204301075,2.27114647804303,0,0,0
res-OIFGN9S6,Cloud CDN,624.6729,Requests,australia-southeast1,37.12,15.38,36700200498,39984223729.0,2024-02-08 05:59:00,2024-06-08 03:48:00,4.7,2935.96,2936,243688,2901.8166666666666,76684424227.0,26.25,21.739999999999995,26.25,73.75,390.10496533465755,83.97773808361428,3.1778030865647332e-06,5,3,2,2024,8,178948.0,95574.5,1.3617810760667903,2.5497177594442033,1,0,1
res-TZCL1KUV,Dataflow,138.45,Hours,europe-west3,1.0,52.13,8497823584,12491610322.0,2024-02-08 09:11:00,2024-08-08 03:38:00,6.43,890.23,890,73870,4362.45,20989433906.0,26.565,51.13,26.565,73.435,533.5500180570604,16.93314536556293,3.5193898192215492e-06,9,3,2,2024,8,39051.5,242775.0,1.8916046758767269,0.30427350427350425,1,0,1
res-J4TRG8XL,Cloud Functions,28.6167,Hours,asia-east1,88.9,43.58,51467578269,54120045491.0,2024-02-08 15:38:00,2024-03-08 20:15:00,4.45,127.34,127,10541,700.6166666666667,105587623760.0,66.24000000000001,45.32000000000001,66.24000000000001,33.75999999999999,368.35134729021865,15.045317220543806,9.983177596608885e-08,15,3,2,2024,8,32868.0,152969.0,0.3207070707070707,0.06890938686923494,0,0,0
res-WZAXU5QI,Cloud CDN,450.6231,Requests,us-west1,60.91,22.03,98546508449,103155000000.0,2024-02-08 15:50:00,2024-05-08 08:45:00,5.7,2568.55,2569,213227,2152.9166666666665,201701508449.0,41.47,38.879999999999995,41.47,58.53,473.1825776352788,99.04099090381267,1.0571413255142522e-06,15,3,2,2024,8,178948.0,83996.0,1.1915584415584415,2.5385375494071147,0,0,0
res-UWUK1WBC,Cloud Interconnect,395.8666,Requests,us-west1,31.76,4.0,90103791429,96109228818.0,2024-02-08 15:51:00,2024-04-08 14:00:00,6.32,2501.88,2502,207666,1438.15,186213020247.0,17.880000000000003,27.76,17.880000000000003,82.12,524.5858074411935,144.39801133400547,1.1152066580765618e-06,15,3,2,2024,8,123504.0,83996.0,1.6814516129032258,2.472332015810277,1,0,1
res-ZZQL1YQ2,Cloud Run,30.7,Hours,australia-southeast1,93.43,60.69,90173241605,93835895466.0,2024-02-08 17:51:00,2024-04-08 00:33:00,8.96,275.07,275,22825,1422.7,184009137071.0,77.06,32.74000000000001,77.06,22.939999999999998,743.485342019544,16.043438532368032,1.2404275332910758e-07,17,3,2,2024,8,39508.0,95574.5,0.5777310924369747,0.23881893182805036,0,0,0
res-8RTLG18B,Compute Engine,39.0333,Hours,asia-east1,28.36,60.41,17071073345,19720613386.0,2024-02-08 18:25:00,2024-04-08 09:27:00,4.19,163.55,164,13612,1431.0333333333333,36791686731.0,44.385,32.05,44.385,55.615,348.72788106565423,9.512007640166779,3.6997488317193075e-07,18,3,2,2024,8,33947.0,152969.0,0.40097799511002447,0.08898534997287032,0,0,0
res-7MPLP0WF,Cloud Run,139.5333,Hours,us-central1,55.83,51.05,75535230544,77049187501.0,2024-02-08 20:27:00,2024-08-08 15:59:00,1.89,263.72,264,21912,4363.533333333334,152584418045.0,53.44,4.780000000000001,53.44,46.56,157.03778237883,5.0216185659939185,1.4360575136537035e-07,20,3,2,2024,8,39508.0,42579.0,0.5546218487394958,0.5146198830409356,0,0,0
res-2SCCW6WM,Pub/Sub,725.2437,Requests,southamerica-east1,8.5,97.79,53813909020,59457074076.0,2024-02-08 20:29:00,2024-05-08 20:48:00,1.08,783.26,783,64989,2160.3166666666666,113270983096.0,53.145,89.29,53.145,46.855,89.60987872076655,30.083089670495838,5.737479999173327e-07,20,3,2,2024,8,187829.0,98106.0,0.3460008837825895,0.6624365482233503,0,0,0
res-736OPXF9,Cloud Run,110.5,Hours,australia-southeast1,54.59,9.18,32991739742,39729741599.0,2024-02-08 22:30:00,2024-07-08 13:00:00,9.73,1075.16,1075,89225,3614.5,72721481341.0,31.885,45.410000000000004,31.885,68.115,807.4660633484162,24.685295338221053,1.2269414532634857e-06,22,3,2,2024,8,39508.0,95574.5,2.258403361344538,0.9335649153278333,0,0,0
res-XK8ZUWJA,Firestore,812.9251,GB,europe-west1,54.66,80.7,28070401971,36292263633.0,2024-02-08 23:18:00,2024-05-08 04:17:00,8.7,7072.45,7072,586976,2140.983333333333,64362665604.0,67.68,26.040000000000006,67.68,32.31999999999999,722.0542212314517,274.1618726597592,9.119821164826348e-06,23,3,2,2024,8,221070.5,67396.0,2.6551529941805896,8.70935960591133,0,1,0
res-NNEGV70F,Container Registry,401.5322,Requests,asia-southeast1,65.74,16.9,50360694511,55594084151.0,2024-02-08 23:28:00,2024-05-08 21:54:00,2.44,979.74,980,81340,2158.4333333333334,105954778662.0,41.31999999999999,48.839999999999996,41.31999999999999,58.68000000000001,202.57404013924662,37.68474047534477,7.67685997999938e-07,23,3,2,2024,8,151807.0,136369.0,0.5358119190814653,0.5964698721850273,0,0,0
res-SPITPRK0,Compute Engine,103.5667,Hours,us-central1,64.54,62.33,76959968688,84668376889.0,2024-02-08 23:55:00,2024-07-08 07:29:00,4.88,505.41,505,41915,3607.5666666666666,161628345577.0,63.435,2.210000000000008,63.435,36.565,404.71502905856806,11.618634906261839,2.5932951209991586e-07,23,3,2,2024,8,33947.0,42579.0,1.234718826405868,0.9844054580896686,0,0,0
res-359KKTUA,Cloud Spanner,586.1986,Requests,southamerica-east1,58.98,64.55,14979783091,18422117013.0,2024-03-07 00:41:00,2024-04-07 07:48:00,1.79,1049.3,1049,87067,751.1166666666667,33401900104.0,61.765,5.57,61.765,38.235,148.52816093385414,115.91674617791288,2.606648116691224e-06,0,3,3,2024,7,198951.0,98106.0,0.43763037129745513,0.8874788494077834,0,0,0
res-TIDGZD5D,Cloud Memorystore,116.0494,Requests,southamerica-east1,66.47,81.04,33771852558,37369213590.0,2024-03-07 02:50:00,2024-07-07 04:55:00,8.94,1037.48,1037,86071,2930.0833333333335,71141066148.0,73.755,14.570000000000007,73.755,26.245000000000005,741.6755278355596,29.374932453570715,1.2098637912024001e-06,2,3,3,2024,7,86071.0,98106.0,1.0,0.877326565143824,0,0,0
res-J19CN3NN,Cloud Functions,100.2167,Hours,southamerica-east1,51.68,40.39,87228922486,88742671577.0,2024-03-07 03:00:00,2024-07-07 07:13:00,7.25,726.57,727,60341,2932.2166666666667,175971594063.0,46.035,11.29,46.035,53.965,602.1052379493638,20.578629364587655,3.429019343792338e-07,3,3,3,2024,7,32868.0,98106.0,1.8358585858585859,0.6150592216582065,0,0,0
res-73GWCHWA,Cloud Dataproc,79.2424,GB,us-central1,75.84,48.46,94036329618,98895434764.0,2024-03-07 03:46:00,2024-08-07 15:53:00,8.07,639.49,639,53037,3684.116666666667,192931764382.0,62.150000000000006,27.380000000000003,62.150000000000006,37.849999999999994,669.3007783711749,14.39612390125177,2.749003004761211e-07,3,3,3,2024,7,225386.5,42579.0,0.23531577978272877,1.2456140350877194,0,0,0
res-DH7HJH9O,Kubernetes Engine,28.7833,Hours,northamerica-northeast1,25.53,26.24,39254762176,43503289304.0,2024-03-07 04:12:00,2024-04-07 08:59:00,8.12,233.72,234,19422,748.7833333333333,82758051480.0,25.884999999999998,0.7099999999999973,25.884999999999998,74.11500000000001,674.7662707194797,25.938077325439046,2.3468411414560287e-07,4,3,3,2024,7,45027.5,92296.0,0.4313364055299539,0.210431654676259,1,0,0
res-6LM9YMD7,Cloud NAT,987.5483,Requests,southamerica-east1,64.58,63.3,26239273306,34223805256.0,2024-03-07 04:28:00,2024-07-07 19:51:00,3.21,3170.03,3170,263110,2943.383333333333,60463078562.0,63.94,1.2800000000000011,63.94,36.06,266.42747499033715,89.39032745763096,4.351581266742843e-06,4,3,3,2024,7,199573.5,98106.0,1.3183614056976503,2.6818950930626055,0,0,0
res-UMMHRIG7,Cloud SQL,28.625,GB,asia-southeast1,62.21,85.89,13767173260,23195002465.0,2024-03-07 04:47:00,2024-04-07 17:05:00,3.13,89.6,90,7470,756.3,36962175725.0,74.05,23.68,74.05,25.950000000000003,260.96069868995636,9.877032923443078,2.0209849267470306e-07,4,3,3,2024,7,250494.0,136369.0,0.02982107355864811,0.054777845404747415,0,0,0
res-ZNB547LC,Cloud Memorystore,153.5011,Requests,us-east1,26.65,8.78,47511595763,54074999234.0,2024-03-07 05:37:00,2024-05-07 22:48:00,3.08,472.78,473,39259,1481.1833333333334,101586594997.0,17.715,17.869999999999997,17.715,82.285,255.75712486750908,26.505159163281608,3.864584692612187e-07,5,3,3,2024,7,86071.0,137074.5,0.4561234329797493,0.28640629730547984,1,0,0
res-VF6FXCMT,Firestore,10.5402,Requests,us-central1,84.79,69.28,6183948417,12748356367.0,2024-03-07 07:41:00,2024-06-07 06:09:00,1.32,13.91,14,1162,2206.4666666666667,18932304784.0,77.035,15.510000000000005,77.035,22.965000000000003,110.2445873892336,0.526633833882225,6.137657370601941e-08,7,3,3,2024,7,221070.5,42579.0,0.005256241787122208,0.02729044834307992,0,0,0
res-VH870SCG,Cloud Functions,138.2667,Hours,asia-southeast1,88.59,93.78,46054613143,50682032060.0,2024-03-07 08:36:00,2024-09-07 02:52:00,5.26,727.28,727,60341,4410.266666666666,96736645203.0,91.185,5.189999999999998,91.185,8.814999999999998,436.41021301586,13.681939111769509,6.237656874845676e-07,8,3,3,2024,7,32868.0,136369.0,1.8358585858585859,0.4424832623250152,0,0,0
res-2AKD3D5G,Cloud CDN,435.086,GB,asia-northeast1,95.51,84.66,74957443833,77986352608.0,2024-03-07 08:42:00,2024-06-07 00:54:00,1.29,561.26,561,46563,2200.2,152943796441.0,90.08500000000001,10.850000000000009,90.08500000000001,9.914999999999992,107.02022128958413,21.163076083992365,3.0444516929434443e-07,8,3,3,2024,7,178948.0,90677.5,0.2602040816326531,0.5135011441647597,0,0,0
res-UGEUXAAR,Kubernetes Engine,112.4333,Hours,us-central1,52.52,97.7,35401774619,44386018898.0,2024-03-07 09:09:00,2024-08-07 01:35:00,4.63,520.57,521,43243,3664.4333333333334,79787793517.0,75.11,45.18,75.11,24.89,384.61025336799685,11.800733173842248,5.419751329604876e-07,9,3,3,2024,7,45027.5,42579.0,0.96036866359447,1.0155945419103314,0,0,0
res-TXE03SK4,BigQuery,296.8281,GB,southamerica-east1,7.52,70.95,67249581572,68679044281.0,2024-03-07 11:56:00,2024-09-07 11:19:00,7.83,2324.16,2324,192892,4415.383333333333,135928625853.0,39.235,63.43000000000001,39.235,60.765,649.8441353766708,43.68635414818645,1.419068270495157e-06,11,3,3,2024,7,192892.0,98106.0,1.0,1.9661590524534687,0,0,0
res-C7QGGDW5,BigQuery,994.506,Requests,europe-west3,10.4,68.25,52643788421,53796037302.0,2024-03-07 12:29:00,2024-07-07 03:42:00,7.54,7498.58,7499,622417,2919.2166666666667,106439825723.0,39.325,57.85,39.325,60.675,625.8554498414288,213.21370458970156,5.847595068595695e-06,12,3,3,2024,7,192892.0,242775.0,3.226764199655766,2.563760683760684,0,1,0
res-G35CH69Y,Container Registry,661.8909,GB,northamerica-northeast1,97.45,33.87,47400717792,50656729309.0,2024-03-07 12:49:00,2024-07-07 00:02:00,1.89,1250.97,1251,103833,2915.2166666666667,98057447101.0,65.66,63.580000000000005,65.66,34.34,156.87328531031324,35.617592746108066,1.058899686558749e-06,12,3,3,2024,7,151807.0,92296.0,0.6839803171131766,1.125,0,0,0
res-UPEK7TGF,Cloud Armor,339.41,Requests,europe-west3,88.22,64.11,90527835813,92142710021.0,2024-03-07 12:51:00,2024-09-07 12:26:00,4.35,1476.43,1476,122508,4415.583333333333,182670545834.0,76.16499999999999,24.11,76.16499999999999,23.835000000000008,360.94399104328096,27.74446562364354,6.706499914404805e-07,12,3,3,2024,7,206089.0,242775.0,0.594442207007652,0.5046153846153846,0,0,0
res-2XJ967QZ,Cloud Armor,809.6094,Requests,us-central1,87.85,37.18,83122842259,92891585359.0,2024-03-07 13:01:00,2024-06-07 22:46:00,5.54,4485.24,4485,372255,2217.75,176014427618.0,62.515,50.669999999999995,62.515,37.485,459.7957978254699,167.85255326344267,2.114911857156939e-06,13,3,3,2024,7,206089.0,42579.0,1.806282722513089,8.742690058479532,0,0,0
res-PNEPCKHW,Cloud NAT,142.5774,GB,us-east1,61.06,25.1,89802450137,94186930893.0,2024-03-07 13:45:00,2024-07-07 20:21:00,6.06,864.02,864,71712,2934.6,183989381030.0,43.08,35.96,43.08,56.92,502.9689137268599,24.436720507053774,3.8976162427714863e-07,13,3,3,2024,7,199573.5,137074.5,0.3593262632563943,0.5231607629427792,0,0,0
res-AP3286AB,Cloud VPC,509.2785,GB,europe-west3,76.47,34.82,95064475095,103174000000.0,2024-03-07 14:36:00,2024-08-07 09:23:00,2.24,1140.78,1141,94703,3666.7833333333333,198238475095.0,55.644999999999996,41.65,55.644999999999996,44.355000000000004,185.95522881880936,25.82726913234579,4.77722601299351e-07,14,3,3,2024,7,181604.0,242775.0,0.5214808043875686,0.39008547008547007,0,0,0
res-X1LNU5KK,Cloud Dataproc,996.4919,GB,us-east1,48.72,36.85,79133661223,86555528164.0,2024-03-07 15:25:00,2024-05-07 00:28:00,7.31,7284.36,7284,604572,1449.05,165689189387.0,42.785,11.869999999999997,42.785,57.215,606.7003655523944,417.2195576412132,3.648831901687334e-06,15,3,3,2024,7,225386.5,137074.5,2.6823789357392744,4.410535876475931,0,1,0
res-35L3HOZL,Compute Engine,64.3167,Hours,europe-west3,10.75,31.36,64401229845,68443558418.0,2024-03-07 18:48:00,2024-06-07 11:07:00,9.0,578.85,579,48057,2200.3166666666666,132844788263.0,21.055,20.61,21.055,78.945,747.1931862175765,21.840947136397034,3.617529948172221e-07,18,3,3,2024,7,33947.0,242775.0,1.4156479217603912,0.19794871794871796,1,0,1
res-0CUDY9AM,Compute Engine,67.9333,Hours,europe-west3,36.04,12.92,87765223697,94004249669.0,2024-03-07 18:57:00,2024-06-07 14:53:00,8.64,586.94,587,48721,2203.9333333333334,181769473366.0,24.48,23.119999999999997,24.48,75.52,717.1887719277585,22.10638555310203,2.6803730625273005e-07,18,3,3,2024,7,33947.0,242775.0,1.43520782396088,0.20068376068376068,1,0,1
res-FFU623P2,Cloud Interconnect,377.6054,GB,europe-west1,31.21,54.64,25009594193,34804350306.0,2024-03-07 20:09:00,2024-06-07 13:01:00,5.68,2144.8,2145,178035,2200.866666666667,59813944499.0,42.925,23.43,42.925,57.075,471.4842531383291,80.89313300820888,2.9764798407999404e-06,20,3,3,2024,7,123504.0,67396.0,1.4415322580645162,2.6416256157635467,0,0,0
res-1JUX8LS9,Cloud Functions,118.1,Hours,us-central1,84.66,59.16,4773068726,5717129990.0,2024-03-07 20:46:00,2024-08-07 18:52:00,3.34,394.45,394,32702,3670.1,10490198716.0,71.91,25.5,71.91,28.090000000000003,276.9009314140559,8.910383913244871,3.11738613207792e-06,20,3,3,2024,7,32868.0,42579.0,0.9949494949494949,0.7680311890838206,0,0,0
res-3PG1IW3C,Container Registry,250.3807,Requests,asia-east1,78.41,51.91,56910738249,57959808540.0,2024-03-07 21:21:00,2024-07-07 19:42:00,3.77,943.94,944,78352,2926.35,114870546789.0,65.16,26.5,65.16,34.84,312.9314679605896,26.774651015770498,6.820895537645598e-07,21,3,3,2024,7,151807.0,152969.0,0.5161290322580645,0.5122083559413999,0,0,0
res-C9KNE491,Cloud Spanner,28.6273,Requests,asia-southeast1,76.01,55.07,30942391610,38113531186.0,2024-03-07 22:36:00,2024-06-07 14:02:00,4.9,140.27,140,11620,2199.4333333333334,69055922796.0,65.54,20.940000000000005,65.54,34.459999999999994,405.9062503274846,5.283179000651683,1.6826941889295957e-07,22,3,3,2024,7,198951.0,136369.0,0.05840634125990822,0.0852099817407182,0,0,0
res-GL3BFL4Z,Cloud Interconnect,30.4465,GB,asia-southeast1,99.65,0.11,1657331870,2827341389.0,2024-03-07 22:41:00,2024-06-07 18:20:00,1.52,46.28,46,3818,2203.65,4484673259.0,49.88,99.54,49.88,50.12,125.40029231602976,1.7325800376647833,8.513440733587231e-07,22,3,3,2024,7,123504.0,136369.0,0.030913978494623656,0.02799756542909312,0,0,0
res-ID3TQL0D,Cloud NAT,335.0037,Requests,asia-southeast1,69.96,68.23,43868885858,52444783637.0,2024-03-07 23:07:00,2024-06-07 01:26:00,6.48,2170.82,2171,180193,2186.3166666666666,96313669495.0,69.095,1.7299999999999898,69.095,30.905,537.8836114347395,82.41852735575054,1.8708974639301277e-06,23,3,3,2024,7,199573.5,136369.0,0.9028904138074444,1.3213633597078516,0,0,0
res-PMFSLBBH,Cloud Run,70.2667,Hours,northamerica-northeast1,81.57,85.12,88789753885,96741542761.0,2024-03-07 23:16:00,2024-06-07 21:32:00,4.31,302.85,303,25149,2206.266666666667,185531296646.0,83.345,3.5500000000000114,83.345,16.655,357.9077998539849,11.398894059346103,1.3555125444945896e-07,23,3,3,2024,7,39508.0,92296.0,0.6365546218487395,0.27248201438848924,0,0,0
res-XACLYR7O,Cloud CDN,657.3878,Requests,us-east1,43.57,32.42,64719533732,74457276259.0,2024-03-07 23:38:00,2024-08-07 06:34:00,3.28,2156.23,2156,178948,3654.9333333333334,139176809991.0,37.995000000000005,11.149999999999999,37.995000000000005,62.004999999999995,272.2107103295802,48.96067415730337,1.2857601780898113e-06,23,3,3,2024,7,178948.0,137074.5,1.0,1.3054798667877687,0,0,0
res-EM2XFZ8L,AI Platform,91.8667,Hours,asia-east1,71.61,22.98,68957858292,72151157511.0,2024-03-07 23:57:00,2024-07-07 19:49:00,8.18,751.47,751,62333,2923.866666666667,141109015803.0,47.295,48.629999999999995,47.295,52.705,678.5157189710744,21.31868758265311,4.417364804458851e-07,23,3,3,2024,7,26518.5,152969.0,2.350547730829421,0.40748779164405863,0,0,0
res-6BOEVI0R,Cloud SQL,527.927,GB,europe-west3,3.09,72.71,37778937466,46123023685.0,2024-03-08 00:59:00,2024-08-08 18:04:00,2.43,1282.86,1283,106489,3689.0833333333335,83901961151.0,37.9,69.61999999999999,37.9,62.1,201.71160027806874,28.865978449931102,1.2692075195757303e-06,0,4,3,2024,8,250494.0,242775.0,0.42511597084161695,0.4386324786324786,0,0,0
res-919DA5VW,Cloud Dataproc,163.075,Requests,europe-north1,20.21,93.53,78724192890,83475645504.0,2024-03-08 02:12:00,2024-08-08 05:54:00,3.32,541.41,541,44903,3675.7,162199838394.0,56.870000000000005,73.32,56.870000000000005,43.129999999999995,275.3518319791507,12.216176510596622,2.768375138014997e-07,2,4,3,2024,8,225386.5,140809.5,0.19922666175658257,0.3188918361332154,0,0,0
res-3KHNOERC,Cloud Interconnect,607.4707,GB,southamerica-east1,18.05,9.28,69669692064,76918930113.0,2024-03-08 02:49:00,2024-05-08 21:27:00,2.75,1670.54,1671,138693,1482.6333333333334,146588622177.0,13.665,8.770000000000001,13.665,86.33500000000001,228.3122461708853,93.54504372850108,9.461375510613208e-07,2,4,3,2024,8,123504.0,98106.0,1.122983870967742,1.4137055837563453,1,0,0
res-UATET0ZG,BigQuery,195.4914,Requests,europe-west1,61.71,91.21,22600367510,23271333009.0,2024-03-08 05:06:00,2024-09-08 04:25:00,2.4,469.18,469,38927,4415.316666666667,45871700519.0,76.46,29.499999999999993,76.46,23.540000000000006,199.12384892634662,8.816355187812125,8.486059936643614e-07,5,4,3,2024,8,192892.0,67396.0,0.20180722891566266,0.5775862068965517,0,0,0
res-X0NWEN6B,Cloud Interconnect,577.1848,GB,australia-southeast1,38.24,36.55,30752391797,39657922545.0,2024-03-08 05:30:00,2024-07-08 01:48:00,7.42,4282.71,4283,355489,2924.3,70410314342.0,37.394999999999996,1.6900000000000048,37.394999999999996,62.605000000000004,615.9015275523541,121.56379304448927,5.048819953754269e-06,5,4,3,2024,8,123504.0,95574.5,2.8783602150537635,3.7194963091619626,0,0,0
res-73GJ8ZUQ,Cloud Functions,113.7167,Hours,australia-southeast1,22.19,50.81,72922188358,73740836405.0,2024-03-08 05:48:00,2024-07-08 23:31:00,8.26,939.3,939,77937,2945.7166666666667,146663024763.0,36.5,28.62,36.5,63.5,685.36107713291,26.457738071663375,5.314018316882679e-07,5,4,3,2024,8,32868.0,95574.5,2.371212121212121,0.8154580981328702,0,0,0
res-NXRJ4YNL,Cloud VPC,661.2917,Requests,us-central1,24.84,34.47,91385878855,94431571544.0,2024-03-08 06:01:00,2024-09-08 01:43:00,6.55,4331.46,4331,359473,4411.7,185817450399.0,29.655,9.629999999999999,29.655,70.345,543.5921848104248,81.48174173221207,1.934549199916988e-06,6,4,3,2024,8,181604.0,42579.0,1.979433272394881,8.442495126705653,1,0,1
res-MHUZ0UCB,Cloud NAT,593.7,GB,southamerica-east1,25.5,89.97,32996592113,40478716789.0,2024-03-08 07:49:00,2024-04-08 15:05:00,5.58,3312.85,3313,274979,751.2666666666667,73475308902.0,57.735,64.47,57.735,42.265,463.16152939194876,366.0204987132842,3.7424681040369883e-06,7,4,3,2024,8,199573.5,98106.0,1.3778332293616136,2.802876480541455,0,0,0
res-M8RGW39R,Cloud Storage,376.4622,GB,europe-west3,13.08,0.58,42831912294,43777704078.0,2024-03-08 09:32:00,2024-06-08 16:14:00,9.62,3621.57,3622,300626,2214.7,86609616372.0,6.83,12.5,6.83,93.17,798.555605317081,135.741183907527,3.471046433328728e-06,9,4,3,2024,8,158364.0,242775.0,1.89832285115304,1.2382905982905983,1,0,1
res-ALHVTEHO,Kubernetes Engine,110.3167,Hours,us-east1,49.67,26.17,79950895147,87873607051.0,2024-03-08 09:57:00,2024-08-08 00:16:00,7.61,839.51,840,69720,3662.3166666666666,167824502198.0,37.92,23.5,37.92,62.08,631.9986003932315,19.03713041380911,4.1543397469902265e-07,9,4,3,2024,8,45027.5,137074.5,1.5483870967741935,0.508628519527702,0,0,0
res-X2N9B19G,Container Registry,302.3678,GB,asia-east1,90.78,86.3,17717813072,18693727301.0,2024-03-08 14:06:00,2024-05-08 04:14:00,9.77,2954.13,2954,245182,1454.1333333333334,36411540373.0,88.53999999999999,4.480000000000004,88.53999999999999,11.460000000000008,810.8733800358372,168.6103979460847,6.733634377682305e-06,14,4,3,2024,8,151807.0,152969.0,1.6150902132312739,1.602821486706457,0,0,0
res-RMKORSAL,Cloud Run,136.75,Hours,europe-west1,4.02,94.8,6223155302,10482162987.0,2024-03-08 15:34:00,2024-09-08 08:19:00,7.49,1024.26,1024,84992,4408.75,16705318289.0,49.41,90.78,49.41,50.59,621.5137111517367,19.278026651545222,5.0877210795776895e-06,15,4,3,2024,8,39508.0,67396.0,2.1512605042016806,1.2610837438423645,0,0,0
res-QZSVFSSA,Cloud Spanner,325.0195,Requests,southamerica-east1,7.74,32.63,4134917123,11405712912.0,2024-03-08 16:43:00,2024-08-08 22:03:00,9.87,3207.94,3208,266264,3677.3333333333335,15540630035.0,20.185000000000002,24.89,20.185000000000002,79.815,819.2246926722859,72.40681653372009,1.7133410897777673e-05,16,4,3,2024,8,198951.0,98106.0,1.338339591155611,2.7140439932318103,1,0,1
res-YB8GRSNJ,Cloud Functions,110.75,Hours,europe-north1,53.2,42.02,53292001133,58798521388.0,2024-03-08 19:23:00,2024-08-08 10:08:00,1.54,170.56,171,14193,3662.75,112090522521.0,47.61,11.18,47.61,52.39,128.15349887133183,3.87495734079585,1.2662087463586371e-07,19,4,3,2024,8,32868.0,140809.5,0.4318181818181818,0.10079575596816977,0,0,0
res-J1A4NFH8,Cloud VPN,789.3788,GB,us-east1,32.32,14.03,97102223452,103176000000.0,2024-03-08 23:10:00,2024-05-08 17:38:00,6.17,4870.47,4870,404210,1458.4666666666667,200278223452.0,23.175,18.29,23.175,76.825,512.060876223177,277.14723225305113,2.018242388178941e-06,23,4,3,2024,8,223104.0,137074.5,1.8117559523809523,2.9488343929760825,1,0,1
res-2UBLDDOC,Cloud Endpoints,957.9646,GB,australia-southeast1,92.23,25.12,82309446703,88424557528.0,2024-03-08 23:28:00,2024-09-08 14:42:00,6.52,6245.93,6246,518418,4407.233333333334,170734004231.0,58.675000000000004,67.11,58.675000000000004,41.324999999999996,541.1661349490367,117.62889794807022,3.036407435853199e-06,23,4,3,2024,8,328680.0,95574.5,1.5772727272727274,5.424229266174555,0,1,0
res-UB3MG63E,Cloud NAT,144.2559,Requests,us-west1,99.71,0.93,91717311680,95042899077.0,2024-04-07 01:20:00,2024-08-07 10:05:00,4.99,719.84,720,59760,2936.75,186760210757.0,50.32,98.77999999999999,50.32,49.68,414.26381867223455,20.34902528305099,3.199825046125898e-07,1,6,4,2024,7,199573.5,83996.0,0.2994385527136619,0.7114624505928854,0,0,0
res-6OMQ4VML,Cloud Armor,324.2647,GB,northamerica-northeast1,40.23,67.49,55430618756,56713923891.0,2024-04-07 01:45:00,2024-07-07 11:41:00,2.94,953.34,953,79099,2193.9333333333334,112144542647.0,53.86,27.259999999999998,53.86,46.14,243.9334284613774,36.05351119754474,7.053308001708275e-07,1,6,4,2024,7,206089.0,92296.0,0.3838099073701168,0.8570143884892086,0,0,0
res-L7CEPN9U,Kubernetes Engine,112.6667,Hours,asia-northeast1,99.25,14.54,48787684778,49550324250.0,2024-04-07 02:25:00,2024-08-07 19:05:00,2.71,305.33,305,25315,2944.6666666666665,98338009028.0,56.894999999999996,84.71000000000001,56.894999999999996,43.105000000000004,224.6892826363069,8.596898347294545,2.574284373887619e-07,2,6,4,2024,7,45027.5,90677.5,0.5622119815668203,0.2791762013729977,0,0,0
res-SXWYPIJP,Cloud Storage,670.2735,Requests,asia-northeast1,46.23,64.83,19597849520,29080373672.0,2024-04-07 07:15:00,2024-07-07 20:33:00,8.42,5643.7,5644,468452,2197.3,48678223192.0,55.53,18.6,55.53,44.47,698.8967936223049,213.19437491466797,9.623440817720469e-06,7,6,4,2024,7,158364.0,90677.5,2.958071278825996,5.166132723112129,0,1,0
res-U8V4KCX7,Cloud Armor,734.7722,Requests,australia-southeast1,26.61,62.42,11961130390,21953273498.0,2024-04-07 09:30:00,2024-09-07 08:16:00,7.1,5216.88,5217,433011,3670.766666666667,33914403888.0,44.515,35.81,44.515,55.485,589.3132592659331,117.96200612042897,1.2767760902712288e-05,9,6,4,2024,7,206089.0,95574.5,2.1010873942811115,4.530612244897959,0,0,0
res-R4MY6SNT,AI Platform,40.5167,Hours,australia-southeast1,72.28,1.07,66864225934,75372480341.0,2024-04-07 09:45:00,2024-06-07 02:16:00,1.69,68.47,68,5644,1456.5166666666667,142236706275.0,36.675,71.21000000000001,36.675,63.325,139.30058469717426,3.87499856964676,3.9680333915268736e-08,9,6,4,2024,7,26518.5,95574.5,0.21283255086071987,0.059053408597481545,0,0,0
res-AK01OOOD,Cloud Build,527.2681,Requests,asia-northeast1,61.56,43.96,26482469626,27726221853.0,2024-04-07 11:56:00,2024-08-07 22:22:00,8.95,4719.05,4719,391677,2938.4333333333334,54208691479.0,52.760000000000005,17.6,52.760000000000005,47.239999999999995,742.8422087359353,133.29449933638105,7.225354261718943e-06,11,6,4,2024,7,249996.0,90677.5,1.5667330677290836,4.319450800915332,0,0,0
res-CFVZ9YM8,Cloud VPC,636.7192,Requests,europe-north1,69.63,29.21,3777085117,6701606221.0,2024-04-07 12:00:00,2024-10-07 08:40:00,1.12,713.13,713,59179,4388.666666666667,10478691338.0,49.42,40.419999999999995,49.42,50.58,92.94363983369749,13.484505544584534,5.647556368550799e-06,12,6,4,2024,7,181604.0,140809.5,0.32586837294332727,0.42027704096669616,0,0,0
res-79FPROWE,Cloud Data Fusion,216.1677,Requests,europe-north1,53.52,54.18,68550645302,76772333973.0,2024-04-07 17:08:00,2024-09-07 13:45:00,9.74,2105.47,2105,174715,3668.616666666667,145322979275.0,53.85,0.6599999999999966,53.85,46.15,808.2382335566322,47.624218029502494,1.202253083935063e-06,17,6,4,2024,7,174715.0,140809.5,1.0,1.2407898614795168,0,0,0
res-20XGKVRF,Cloud Endpoints,727.624,Requests,australia-southeast1,75.76,98.84,28995209715,34724604400.0,2024-04-07 19:24:00,2024-06-07 21:39:00,6.77,4926.01,4926,408858,1466.25,63719814115.0,87.30000000000001,23.08,87.30000000000001,12.699999999999989,561.9083482677867,278.84603580562657,6.416497061057065e-06,19,6,4,2024,7,328680.0,95574.5,1.243939393939394,4.277898393399913,0,0,0
res-U7QQJ58L,Cloud Storage,698.7765,GB,europe-west1,53.88,17.8,15702113681,16748005664.0,2024-04-07 21:28:00,2024-09-07 22:23:00,2.73,1907.66,1908,158364,3672.9166666666665,32450119345.0,35.84,36.08,35.84,64.16,226.63040328345326,43.11668746454907,4.880228584564548e-06,21,6,4,2024,7,158364.0,67396.0,1.0,2.3497536945812807,0,0,0
res-IGDCS3TU,Cloud Load Balancing,960.8627,GB,europe-north1,15.27,94.05,93545537622,98590543085.0,2024-04-08 02:23:00,2024-06-08 22:53:00,1.81,1739.16,1739,144337,1484.5,192136080707.0,54.66,78.78,54.66,45.34,150.21605063866045,97.22937015830246,7.512227764243212e-07,2,0,4,2024,8,360842.5,140809.5,0.4,1.0250515767757147,0,0,0
res-8YQ9D8TD,Kubernetes Engine,73.45,Hours,europe-west1,56.31,71.53,93719184439,100431000000.0,2024-04-08 04:48:00,2024-07-08 06:15:00,7.25,532.51,533,44239,2185.45,194150184439.0,63.92,15.219999999999999,63.92,36.08,602.3008849557522,20.242512983596058,2.2785968567492885e-07,4,0,4,2024,8,45027.5,67396.0,0.9824884792626728,0.6564039408866995,0,0,0
res-AGO278CW,Compute Engine,127.7333,Hours,asia-southeast1,14.64,17.36,5838993983,8497442468.0,2024-04-08 05:25:00,2024-09-08 13:09:00,7.8,996.32,996,82668,3679.733333333333,14336436451.0,16.0,2.719999999999999,16.0,84.0,647.1922356973475,22.465758388289007,5.766286502405813e-06,5,0,4,2024,8,33947.0,136369.0,2.43520782396088,0.6062081558125381,1,0,1
res-5QMXZ068,Pub/Sub,468.1951,GB,asia-southeast1,92.1,60.77,81939046283,86683174597.0,2024-04-08 06:10:00,2024-08-08 16:29:00,1.54,721.02,721,59843,2938.3166666666666,168622220880.0,76.435,31.32999999999999,76.435,23.564999999999998,127.81637398597293,20.366422951916913,3.548939142640475e-07,6,0,4,2024,8,187829.0,136369.0,0.3186036235086169,0.4388314059646987,0,0,0
res-1M0Q8CHS,Cloud Spanner,313.9518,Requests,asia-southeast1,87.12,92.54,8742956924,16294699180.0,2024-04-08 06:28:00,2024-08-08 13:38:00,1.28,401.86,402,33366,2935.1666666666665,25037656104.0,89.83000000000001,5.420000000000002,89.83000000000001,10.169999999999987,106.27746042545385,11.36766793481347,1.3326327297334143e-06,6,0,4,2024,8,198951.0,136369.0,0.1677096370463079,0.2446743761412051,0,0,0
res-723DJQ6D,Cloud Data Fusion,967.0035,Requests,asia-northeast1,7.96,10.82,65566056958,69139290269.0,2024-04-08 06:46:00,2024-08-08 05:39:00,8.99,8693.36,8693,721519,2926.883333333333,134705347227.0,9.39,2.8600000000000003,9.39,90.61,746.1389746779613,246.514437997187,5.356275863230027e-06,6,0,4,2024,8,174715.0,90677.5,4.1296912114014255,7.956979405034325,1,1,1
res-78Q0LVMD,Cloud Spanner,788.1574,GB,southamerica-east1,13.67,83.33,57395783635,66477797434.0,2024-04-08 07:26:00,2024-06-08 16:56:00,2.61,2057.09,2057,170731,1473.5,123873581069.0,48.5,69.66,48.5,51.5,216.6204364762673,115.86766202918221,1.3782680578589192e-06,7,0,4,2024,8,198951.0,98106.0,0.8581560283687943,1.7402707275803722,0,0,0
res-0DCGVMQZ,Dataflow,34.35,Hours,australia-southeast1,43.47,0.06,63239879907,65056157071.0,2024-04-08 08:13:00,2024-05-08 18:34:00,1.06,36.41,36,2988,730.35,128296036978.0,21.765,43.41,21.765,78.235,86.98689956331877,4.091189155884165,2.328988541175576e-08,8,0,4,2024,8,39051.5,95574.5,0.0765143464399575,0.03126356925749023,1,0,0
res-7HPPI6FR,Cloud Run,82.8667,Hours,europe-west1,58.16,83.44,40399318096,48297071888.0,2024-04-08 09:27:00,2024-07-08 20:19:00,8.17,677.02,677,56191,2194.866666666667,88696389984.0,70.8,25.28,70.8,29.200000000000003,678.0890273173663,25.601099535279285,6.335207104836661e-07,9,0,4,2024,8,39508.0,67396.0,1.4222689075630253,0.833743842364532,0,0,0
res-6KHDCRDB,Kubernetes Engine,26.9667,Hours,europe-west1,52.87,12.57,32172473599,36455010138.0,2024-04-08 10:51:00,2024-05-08 13:49:00,5.68,153.17,153,12699,722.9666666666667,68627483737.0,32.72,40.3,32.72,67.28,470.9141274238227,17.565125178661994,1.8504248310583807e-07,10,0,4,2024,8,45027.5,67396.0,0.2820276497695853,0.18842364532019704,0,0,0
res-82OZQF0P,Cloud Interconnect,60.418,GB,europe-west1,73.04,7.02,65950112568,67804396568.0,2024-04-08 14:38:00,2024-05-08 23:00:00,7.09,428.36,428,35524,728.3666666666667,133754509136.0,40.03,66.02000000000001,40.03,59.97,587.970472375782,48.772138574893596,2.6559104608488093e-07,14,0,4,2024,8,123504.0,67396.0,0.28763440860215056,0.5270935960591133,0,0,0
res-CUF8T9GJ,Compute Engine,90.0333,Hours,us-central1,27.91,20.82,35168275881,35549490094.0,2024-04-08 16:44:00,2024-08-08 10:46:00,2.56,230.49,230,19090,2922.0333333333333,70717765975.0,24.365000000000002,7.09,24.365000000000002,75.63499999999999,212.03265902727102,6.533121912823263,2.6994631033379447e-07,16,0,4,2024,8,33947.0,42579.0,0.5623471882640587,0.44834307992202727,1,0,0
res-WN4BM9FD,BigQuery,804.4451,Requests,australia-southeast1,99.56,53.42,50602995142,59486535960.0,2024-05-07 01:13:00,2024-06-07 07:09:00,6.8,5470.23,5470,454010,749.9333333333333,110089531102.0,76.49000000000001,46.14,76.49000000000001,23.50999999999999,564.3766119030372,605.4004800426706,4.124007028237329e-06,1,1,5,2024,7,192892.0,95574.5,2.3537005163511187,4.750325662179765,0,1,0
res-MMDE8EPH,Cloud Memorystore,314.7352,Requests,asia-southeast1,39.3,69.62,21937055382,31689047998.0,2024-05-07 01:50:00,2024-10-07 11:08:00,3.65,1148.78,1149,95367,3681.3,53626103380.0,54.46,30.320000000000007,54.46,45.54,303.00709930125385,25.905794148806127,1.778369002950294e-06,1,1,5,2024,7,86071.0,136369.0,1.1080038572806172,0.6993304930006087,0,0,0
res-SQ9YX98C,Cloud CDN,598.3014,Requests,europe-west3,43.99,26.46,84689113235,91029191150.0,2024-05-07 07:36:00,2024-09-07 18:27:00,6.56,3924.86,3925,325775,2962.85,175718304385.0,35.225,17.53,35.225,64.775,544.4998123019602,109.95325446782658,1.8539616640405587e-06,7,1,5,2024,7,178948.0,242775.0,1.8205009276437847,1.3418803418803418,0,0,0
res-4DX4UZEY,Firestore,533.6245,Requests,australia-southeast1,96.4,52.4,72632018521,72843203438.0,2024-05-07 09:25:00,2024-10-07 21:26:00,5.08,2710.81,2711,225013,3684.016666666667,145475221959.0,74.4,44.00000000000001,74.4,25.599999999999994,421.6691699875099,61.07817101804642,1.5467445037713469e-06,9,1,5,2024,7,221070.5,95574.5,1.0178336774920218,2.3543204515848895,0,0,0
res-RD9ZXRO7,Cloud Functions,129.45,Hours,us-west1,8.92,70.83,11207230058,17444929033.0,2024-05-07 10:24:00,2024-10-07 19:51:00,7.82,1012.3,1012,83996,3681.45,28652159091.0,39.875,61.91,39.875,60.125,648.8682889146389,22.816009996061336,2.931576630341418e-06,10,1,5,2024,7,32868.0,83996.0,2.5555555555555554,1.0,0,0,0
res-73ZAL0VC,Cloud Build,364.2323,GB,asia-northeast1,58.32,34.34,69480115831,74023232018.0,2024-05-07 13:27:00,2024-09-07 10:25:00,4.75,1730.1,1730,143590,2948.9666666666667,143503347849.0,46.33,23.979999999999997,46.33,53.67,394.22643186779425,48.69163209711876,1.0006038336547463e-06,13,1,5,2024,7,249996.0,90677.5,0.5743691899070386,1.5835240274599542,0,0,0
res-4QU0YIQZ,Cloud VPC,453.4353,GB,europe-west3,9.78,85.01,37576289546,45693849488.0,2024-05-07 14:57:00,2024-11-07 02:10:00,6.45,2924.66,2925,242775,4403.216666666666,83270139034.0,47.395,75.23,47.395,52.605,535.4126597554271,55.13582873126843,2.915510924040521e-06,14,1,5,2024,7,181604.0,242775.0,1.336837294332724,1.0,0,0,0
res-8EKE64Y9,Cloud Spanner,961.1396,Requests,us-central1,55.96,8.8,13441390615,15127259133.0,2024-05-07 15:29:00,2024-11-07 07:37:00,8.81,8467.64,8468,702844,4408.133333333333,28568649748.0,32.38,47.16,32.38,67.62,731.2610988039614,159.44254559753185,2.4601932754949465e-05,15,1,5,2024,7,198951.0,42579.0,3.532749269920734,16.50682261208577,0,1,0
res-RJHBOG4O,Cloud Build,475.9021,Requests,asia-east1,52.04,45.49,13042409238,19758151862.0,2024-05-07 16:26:00,2024-08-07 00:55:00,6.33,3012.46,3012,249996,2192.483333333333,32800561100.0,48.765,6.549999999999997,48.765,51.235,525.3097223147365,114.02412789150812,7.621698886120579e-06,16,1,5,2024,7,249996.0,152969.0,1.0,1.6342919153553987,0,0,0
res-VN7DLO1M,Cloud Interconnect,506.0399,Requests,asia-southeast1,2.5,40.41,64079190131,66145003338.0,2024-05-07 18:19:00,2024-11-07 03:18:00,4.0,2024.16,2024,167992,4400.983333333334,130224193469.0,21.455,37.91,21.455,78.545,331.9738226175446,38.171469254977104,1.2900214278538855e-06,18,1,5,2024,7,123504.0,136369.0,1.3602150537634408,1.2318928788800974,1,0,1
res-K27AH0K9,Cloud CDN,187.2887,Requests,europe-north1,81.86,14.13,32806148614,40584125808.0,2024-05-07 19:28:00,2024-07-07 02:42:00,8.83,1653.76,1654,137282,1447.2333333333333,73390274422.0,47.995,67.73,47.995,52.005,732.9967050868526,94.85823525347215,1.870574828629437e-06,19,1,5,2024,7,178948.0,140809.5,0.7671614100185529,0.9749484232242853,0,0,0
res-RL3ZN00U,Cloud Armor,61.0941,GB,asia-east1,47.88,61.95,86373536028,91987231536.0,2024-05-07 20:36:00,2024-10-07 08:09:00,9.86,602.39,602,49966,3659.55,178360767564.0,54.915000000000006,14.07,54.915000000000006,45.084999999999994,817.8531151125886,13.653591288546405,2.801400817142763e-07,20,1,5,2024,7,206089.0,152969.0,0.24244865082561418,0.32664134563212155,0,0,0
res-332C4VUK,BigQuery,868.9443,GB,europe-north1,7.93,58.75,21532985039,26104172138.0,2024-05-07 21:34:00,2024-08-07 06:45:00,6.41,5569.93,5570,462310,2193.1833333333334,47637157177.0,33.34,50.82,33.34,66.66,532.0364032539255,210.79405126490414,9.704819250280763e-06,21,1,5,2024,7,192892.0,140809.5,2.3967297762478483,3.283230179781904,0,1,0
res-GN2VQM09,Cloud Functions,93.35,Hours,us-west1,39.94,64.89,44483443936,52798878897.0,2024-05-07 23:57:00,2024-09-07 21:18:00,6.69,624.51,625,51875,2949.35,97282322833.0,52.415,24.950000000000003,52.415,47.585,555.7043385109802,17.588621221625104,5.332417903821168e-07,23,1,5,2024,7,32868.0,83996.0,1.5782828282828283,0.6175889328063241,0,0,0
res-7I5BNPH4,Kubernetes Engine,128.65,Hours,australia-southeast1,35.24,50.33,83290683034,91928101174.0,2024-05-08 00:53:00,2024-10-08 09:32:00,5.13,659.97,660,54780,3680.65,175218784208.0,42.785,15.089999999999996,42.785,57.215,425.80645161290323,14.883240731935935,3.1263771317446966e-07,0,2,5,2024,8,45027.5,95574.5,1.2165898617511521,0.5731654363873209,0,0,0
res-K7ZK8W1L,Cloud CDN,618.0578,GB,europe-west3,37.03,47.91,88779763311,89159125555.0,2024-05-08 04:10:00,2024-07-08 13:35:00,9.39,5803.56,5804,481732,1473.4166666666667,177938888866.0,42.47,10.879999999999995,42.47,57.53,779.4287200970524,326.9489282280414,2.7072890196744834e-06,4,2,5,2024,8,178948.0,242775.0,2.692022263450835,1.9842735042735042,0,1,0
res-3LCAI3LD,Cloud VPC,551.7888,Requests,europe-north1,22.38,66.68,91262089886,96432298119.0,2024-05-08 04:32:00,2024-09-08 18:36:00,1.84,1015.29,1015,84245,2966.0666666666666,187694388005.0,44.53,44.30000000000001,44.53,55.47,152.6761688530104,28.402935425142164,4.488413366826705e-07,4,2,5,2024,8,181604.0,140809.5,0.4638939670932358,0.5982905982905983,0,0,0
res-B5CBCS7N,Cloud Build,169.6846,Requests,europe-west1,9.72,54.35,77891960564,80290494361.0,2024-05-08 06:06:00,2024-10-08 00:38:00,3.27,554.87,555,46065,3666.5333333333333,158182454925.0,32.035000000000004,44.63,32.035000000000004,67.965,271.474252819643,12.5636386777701,2.912143449906696e-07,6,2,5,2024,8,249996.0,67396.0,0.18426294820717132,0.6834975369458128,0,0,0
res-6TMZ7XGI,Cloud Interconnect,33.5644,GB,us-central1,64.51,55.66,14816960426,16678511128.0,2024-05-08 06:07:00,2024-06-08 19:21:00,5.34,179.23,179,14857,757.2333333333333,31495471554.0,60.085,8.850000000000009,60.085,39.915,442.6416083707738,19.620108288946604,4.71718608007732e-07,6,2,5,2024,8,123504.0,42579.0,0.12029569892473119,0.3489278752436647,0,0,0
res-R357HHSJ,BigQuery,108.1187,Requests,us-east1,65.62,2.46,16232800047,19510703401.0,2024-05-08 11:05:00,2024-07-08 16:37:00,5.04,544.92,545,45235,1469.5333333333333,35743503448.0,34.04,63.160000000000004,34.04,65.96000000000001,418.38275894919195,30.78188086921018,1.2655446622855067e-06,11,2,5,2024,8,192892.0,137074.5,0.2345094664371773,0.3300030275507115,0,0,0
res-7G3IAMPQ,Cloud Interconnect,30.7914,GB,asia-east1,99.67,25.22,31693150202,35848821301.0,2024-05-08 12:29:00,2024-06-08 20:02:00,3.39,104.38,104,8632,751.55,67541971503.0,62.445,74.45,62.445,37.555,280.3380164591412,11.485596434036326,1.2780201418338218e-07,12,2,5,2024,8,123504.0,152969.0,0.06989247311827956,0.05642973412913728,0,0,0
res-12TS2RYR,Cloud Run,110.8,Hours,us-central1,17.24,65.59,4984717928,7461405073.0,2024-05-08 12:56:00,2024-10-08 03:44:00,6.1,675.88,676,56108,3662.8,12446123001.0,41.415,48.35000000000001,41.415,58.585,506.3898916967509,15.318335699464889,4.508070504806351e-06,12,2,5,2024,8,39508.0,42579.0,1.4201680672268908,1.3177387914230019,0,0,0
res-EJ3TCI72,Compute Engine,90.7333,Hours,northamerica-northeast1,22.41,61.79,35788463783,41202319167.0,2024-05-08 13:18:00,2024-09-08 08:02:00,8.75,793.92,794,65902,2946.733333333333,76990782950.0,42.1,39.379999999999995,42.1,57.9,726.3264975483091,22.364426144204884,8.559725914568063e-07,13,2,5,2024,8,33947.0,92296.0,1.941320293398533,0.7140287769784173,0,0,0
res-ETVN9GGT,Dataflow,76.6833,Hours,asia-northeast1,66.18,54.39,6641579564,6709560828.0,2024-05-08 14:21:00,2024-08-08 19:02:00,1.59,121.93,122,10126,2212.6833333333334,13351140392.0,60.285000000000004,11.790000000000006,60.285000000000004,39.714999999999996,132.0496118450823,4.576343956432988,7.584370849749656e-07,14,2,5,2024,8,39051.5,90677.5,0.2592986184909671,0.11167048054919909,0,0,0
res-O0TIM29P,Container Registry,320.712,GB,asia-east1,51.38,64.92,6365195429,8569198627.0,2024-05-08 14:45:00,2024-10-08 04:45:00,7.23,2318.75,2319,192477,3662.0,14934394056.0,58.150000000000006,13.54,58.150000000000006,41.849999999999994,600.1552795031056,52.5606226105953,1.2888169367853996e-05,14,2,5,2024,8,151807.0,152969.0,1.2679059595407327,1.258274552360282,0,0,0
res-VA3KJDZY,Cloud Endpoints,315.848,GB,us-east1,40.42,3.39,22470722254,31363688005.0,2024-05-08 17:04:00,2024-08-08 06:08:00,1.1,347.43,347,28801,2197.0666666666666,53834410259.0,21.905,37.03,21.905,78.095,91.1862668118842,13.108842092486952,5.349923935534349e-07,17,2,5,2024,8,328680.0,137074.5,0.08762626262626262,0.21011201937632457,1,0,0
res-YXBRWF8R,Compute Engine,137.0667,Hours,southamerica-east1,28.29,4.12,38561687282,45947923845.0,2024-05-08 20:18:00,2024-11-08 13:22:00,2.9,397.49,397,32951,4409.066666666667,84509611127.0,16.205,24.169999999999998,16.205,83.795,240.40120612811137,7.473463771622112,3.899083141026604e-07,20,2,5,2024,8,33947.0,98106.0,0.9706601466992665,0.33587140439932317,1,0,0
res-0IY5CRHC,Cloud Endpoints,446.8464,Requests,us-central1,53.22,40.17,77665417376,82152580105.0,2024-06-07 00:15:00,2024-07-07 06:00:00,7.93,3543.49,3543,294069,725.75,159817997481.0,46.695,13.049999999999997,46.695,53.305,658.0986218082992,405.19324836376165,1.8400243066176603e-06,0,4,6,2024,7,328680.0,42579.0,0.8946969696969697,6.906432748538012,0,0,0
res-URCNWFQT,Container Registry,134.4698,GB,southamerica-east1,73.31,17.42,78806557651,81285853739.0,2024-06-07 00:29:00,2024-07-07 23:32:00,3.22,432.99,433,35939,743.05,160092411390.0,45.365,55.89,45.365,54.635,267.264471279053,48.36686629432744,2.2448909156880182e-07,0,4,6,2024,7,151807.0,98106.0,0.23674138873701475,0.3663282571912014,0,0,0
res-5JQE0V7N,Container Registry,227.7202,GB,us-west1,54.59,42.02,79528411554,87175086484.0,2024-06-07 00:54:00,2024-08-07 02:20:00,8.03,1828.59,1829,151807,1465.4333333333334,166703498038.0,48.30500000000001,12.57,48.30500000000001,51.69499999999999,666.6382692444499,103.59188408434365,9.106407591122992e-07,0,4,6,2024,7,151807.0,83996.0,1.0,1.8073122529644268,0,0,0
res-BCMWHPZX,Cloud Endpoints,477.7968,GB,asia-east1,43.56,38.53,16295257581,24012462997.0,2024-06-07 02:37:00,2024-08-07 00:39:00,9.77,4668.07,4668,387444,1462.0333333333333,40307720578.0,41.045,5.030000000000001,41.045,58.955,810.8970173094503,265.00353389115617,9.61215356373854e-06,2,4,6,2024,7,328680.0,152969.0,1.1787878787878787,2.532826912642431,0,0,0
res-LN6R2D91,Kubernetes Engine,33.5167,Hours,asia-east1,76.81,64.04,43593721610,52263568746.0,2024-06-07 02:55:00,2024-07-07 12:26:00,8.29,277.85,278,23074,729.5166666666667,95857290356.0,70.42500000000001,12.769999999999996,70.42500000000001,29.57499999999999,688.4329304495967,31.629160859930092,2.40711999205345e-07,2,4,6,2024,7,45027.5,152969.0,0.5124423963133641,0.15084102007596312,0,0,0
res-KC83Q99Y,Cloud Run,80.2667,Hours,europe-west1,31.15,9.74,93211993022,101672000000.0,2024-06-07 03:49:00,2024-09-07 12:05:00,7.62,611.63,612,50796,2216.266666666667,194883993022.0,20.445,21.409999999999997,20.445,79.555,632.8402687540412,22.91962459391168,2.606473687875728e-07,3,4,6,2024,7,39508.0,67396.0,1.2857142857142858,0.7536945812807881,1,0,1
res-IP58UFOC,Cloud Load Balancing,922.2978,Requests,asia-northeast1,34.33,16.97,65971441196,72148237230.0,2024-06-07 10:10:00,2024-12-07 09:43:00,6.19,5709.02,5709,473847,4391.55,138119678426.0,25.65,17.36,25.65,74.35,513.7678957924436,107.89971650100762,3.4306986911634876e-06,10,4,6,2024,7,360842.5,90677.5,1.3131684876365728,5.2256292906178485,1,1,1
res-SRHDS40W,Pub/Sub,45.1096,Requests,southamerica-east1,6.62,2.48,5964998640,14068838454.0,2024-06-07 10:53:00,2024-08-07 06:09:00,7.8,351.85,352,29216,1459.2666666666667,20033837094.0,4.55,4.140000000000001,4.55,95.45,647.6670154468228,20.02101512175065,1.4583327129454395e-06,10,4,6,2024,7,187829.0,98106.0,0.15554573574900574,0.29780033840947545,1,0,0
res-ASTO68FD,Cloud Dataproc,107.9329,Requests,southamerica-east1,97.14,54.14,91345077372,95871025046.0,2024-06-07 11:18:00,2024-12-07 02:04:00,4.22,455.48,455,37765,4382.766666666666,187216102418.0,75.64,43.0,75.64,24.36,349.8933133456064,8.616703300046394,2.0171875983018576e-07,11,4,6,2024,7,225386.5,98106.0,0.16755661940710734,0.3849407783417936,0,0,0
res-Y50DHQFX,Cloud Run,92.4167,Hours,us-central1,81.9,53.13,87648117518,89269249455.0,2024-06-07 12:26:00,2024-10-07 08:51:00,2.56,236.59,237,19671,2924.4166666666665,176917366973.0,67.515,28.770000000000003,67.515,32.485,212.85114054061657,6.72646966631522,1.1118750146785794e-07,12,4,6,2024,7,39508.0,42579.0,0.49789915966386555,0.4619883040935672,0,0,0
res-GXCYBT0U,Cloud Load Balancing,156.8948,GB,northamerica-northeast1,52.3,67.42,71864987424,75402314789.0,2024-06-07 15:58:00,2024-11-07 20:24:00,5.12,803.3,803,66649,3676.4333333333334,147267302213.0,59.86,15.120000000000005,59.86,40.14,424.8005670041327,18.128711704278604,4.525716095729264e-07,15,4,6,2024,7,360842.5,92296.0,0.18470385278895918,0.7221223021582733,0,0,0
res-ACEAM0OK,Cloud Dataproc,876.9623,Requests,australia-southeast1,69.75,67.91,48325139711,48893087132.0,2024-06-07 16:34:00,2024-09-07 09:33:00,9.61,8427.61,8428,699524,2200.983333333333,97218226843.0,68.83,1.8400000000000034,68.83,31.17,797.6671289062255,317.82339711795487,7.1953996973188755e-06,16,4,6,2024,7,225386.5,95574.5,3.103664150248573,7.319148936170213,0,1,0
res-ZKMC08Q6,Cloud VPN,749.8458,GB,us-central1,37.77,12.91,51132749322,59370257849.0,2024-06-07 19:49:00,2024-09-07 22:12:00,5.91,4431.59,4432,367856,2210.383333333333,110503007171.0,25.340000000000003,24.860000000000003,25.340000000000003,74.66,490.5755289954281,166.4218122045196,3.3289229806276145e-06,19,4,6,2024,7,223104.0,42579.0,1.6488095238095237,8.639376218323587,1,0,1
res-CX98PG3J,Cloud CDN,334.1195,GB,asia-southeast1,89.13,2.68,84348089965,91125972851.0,2024-06-07 20:33:00,2024-10-07 10:18:00,7.71,2576.06,2576,213808,2917.75,175474062816.0,45.905,86.44999999999999,45.905,54.095,639.9147610360964,73.27838231514009,1.2184592786467621e-06,20,4,6,2024,7,178948.0,136369.0,1.1948051948051948,1.567863664029215,0,0,0
res-DXFGDOXR,Cloud SQL,248.0948,Requests,europe-west3,3.98,48.93,89767050146,95190480103.0,2024-06-08 01:01:00,2024-11-08 15:41:00,4.93,1223.11,1223,101509,3686.6666666666665,184957530249.0,26.455,44.95,26.455,73.545,409.1540814237139,27.534086799276675,5.48823288585996e-07,1,5,6,2024,8,250494.0,242775.0,0.40523525513585157,0.4181196581196581,1,0,0
res-4ZQSMUOB,Cloud VPC,388.3619,Requests,northamerica-northeast1,28.47,9.27,16624322226,21659815981.0,2024-06-08 02:02:00,2024-07-08 16:03:00,1.0,388.36,388,32204,734.0166666666667,38284138207.0,18.869999999999997,19.2,18.869999999999997,81.13,82.922655389213,43.8736631774937,8.41183882104775e-07,2,5,6,2024,8,181604.0,92296.0,0.1773308957952468,0.3489208633093525,1,0,0
res-6P1VN6A6,Cloud Run,117.0833,Hours,australia-southeast1,87.35,70.7,51699509941,56177287267.0,2024-06-08 05:50:00,2024-11-08 02:55:00,5.94,695.47,695,57685,3669.0833333333335,107876797208.0,79.025,16.64999999999999,79.025,20.974999999999994,492.68341428709306,15.721910558949782,5.347303729158373e-07,5,5,6,2024,8,39508.0,95574.5,1.4600840336134453,0.6035605731654364,0,0,0
res-2QQ6HOHO,BigQuery,851.117,GB,northamerica-northeast1,27.67,10.1,93663664453,101510000000.0,2024-06-08 06:00:00,2024-12-08 04:45:00,2.21,1880.97,1881,156123,4390.75,195173664453.0,18.885,17.57,18.885,81.115,183.43306501926293,35.55725103911632,7.999183723764953e-07,6,5,6,2024,8,192892.0,92296.0,0.8093803786574871,1.691546762589928,1,0,0
res-WVOZ77BZ,Cloud VPN,510.126,GB,asia-east1,47.74,44.67,30086018529,39239617577.0,2024-06-08 06:27:00,2024-10-08 01:25:00,5.27,2688.36,2688,223104,2922.9666666666667,69325636106.0,46.205,3.0700000000000003,46.205,53.795,437.3507721621717,76.327931667598,3.2182034313954282e-06,6,5,6,2024,8,223104.0,152969.0,1.0,1.4584915897992403,0,0,0
res-0C0LFDHN,Cloud Interconnect,747.7278,GB,asia-southeast1,29.11,28.36,57109742860,66197385049.0,2024-06-08 06:33:00,2024-08-08 14:03:00,7.86,5877.14,5877,487791,1471.5,123307127909.0,28.735,0.75,28.735,71.265,652.3644031959224,331.49235474006116,3.95590269817968e-06,6,5,6,2024,8,123504.0,136369.0,3.9495967741935485,3.576993304930006,1,1,1
res-9DNO9QPT,Cloud SQL,140.6604,Requests,us-central1,5.09,86.08,22144116941,24072541629.0,2024-06-08 07:40:00,2024-11-08 03:35:00,7.48,1052.14,1052,87316,3667.9166666666665,46216658570.0,45.585,80.99,45.585,54.415,620.7575124199846,23.80533908894695,1.8892754842445114e-06,7,5,6,2024,8,250494.0,42579.0,0.34857521537442016,2.050682261208577,0,0,0
res-JEOTOEFV,BigQuery,757.7714,Requests,australia-southeast1,34.57,79.93,53821049664,54208234208.0,2024-06-08 09:33:00,2024-11-08 11:24:00,1.62,1227.59,1228,101924,3673.85,108029283872.0,57.25,45.36000000000001,57.25,42.75,134.50494436712708,27.74310328402085,9.43484917670713e-07,9,5,6,2024,8,192892.0,95574.5,0.5283993115318416,1.0664350846721666,0,0,0
res-60OEWXWF,Cloud Functions,108.4167,Hours,us-west1,57.84,47.91,47845396038,50461064734.0,2024-06-08 10:40:00,2024-10-08 23:05:00,8.94,969.25,969,80427,2940.4166666666665,98306460772.0,52.875,9.930000000000007,52.875,47.125,741.832208506623,27.35224599688253,8.181252724226596e-07,10,5,6,2024,8,32868.0,83996.0,2.446969696969697,0.9575098814229249,0,0,0
res-FNMVRLU5,Cloud SQL,747.5286,GB,asia-southeast1,99.27,57.33,89313187681,94130910810.0,2024-06-08 14:09:00,2024-08-08 11:15:00,5.84,4365.57,4366,362378,1461.1,183444098491.0,78.3,41.94,78.3,21.700000000000003,484.76807442551365,248.01724727944702,1.975413779897524e-06,14,5,6,2024,8,250494.0,136369.0,1.446653412856196,2.657334144856969,0,0,0
res-Z56ZPSDU,Compute Engine,125.2833,Hours,us-east1,28.85,92.55,20719596409,29680737705.0,2024-06-08 15:30:00,2024-11-08 20:47:00,2.45,306.94,307,25481,3677.2833333333333,50400334114.0,60.7,63.699999999999996,60.7,39.3,203.38704360437504,6.929300162710697,5.05572045263922e-07,15,5,6,2024,8,33947.0,137074.5,0.7506112469437652,0.18589161368452922,0,0,0
res-B4TR1ASK,Cloud Storage,257.9384,GB,us-central1,71.17,8.79,71763559810,72012540203.0,2024-06-08 18:06:00,2024-08-08 12:30:00,1.23,317.26,317,26311,1458.4,143776100013.0,39.980000000000004,62.38,39.980000000000004,60.019999999999996,102.0049748312,18.041003839824462,1.8299981706014422e-07,18,5,6,2024,8,158364.0,42579.0,0.16614255765199162,0.6179337231968811,0,0,0
res-EO8OTO8A,Pub/Sub,569.517,GB,asia-southeast1,47.53,47.88,68319038330,77502869111.0,2024-06-08 18:40:00,2024-08-08 16:32:00,1.67,951.09,951,78933,1461.8666666666666,145821907441.0,47.705,0.3500000000000014,47.705,52.295,138.59638957221645,53.99466435607443,5.412972672294562e-07,18,5,6,2024,8,187829.0,136369.0,0.4202386212991604,0.5788192331101644,0,0,0
res-ZOGT34FS,Kubernetes Engine,83.7833,Hours,us-west1,76.93,36.58,8648174636,11656487141.0,2024-06-08 18:56:00,2024-10-08 06:43:00,3.78,316.7,317,26311,2915.7833333333333,20304661777.0,56.755,40.35000000000001,56.755,43.245,314.03632943557966,9.023647161711834,1.295810798966553e-06,18,5,6,2024,8,45027.5,83996.0,0.584331797235023,0.3132411067193676,0,0,0
res-4IJ5Z6XM,Cloud CDN,45.4336,Requests,australia-southeast1,67.64,95.66,46536399963,53165909418.0,2024-06-08 21:27:00,2024-09-08 08:23:00,2.52,114.49,114,9462,2194.9333333333334,99702309381.0,81.65,28.019999999999996,81.65,18.349999999999994,208.25996619242147,4.310837079334224,9.490251588699055e-08,21,5,6,2024,8,178948.0,95574.5,0.05287569573283859,0.09900130264871906,0,0,0
res-TDS8CF7O,Cloud Storage,216.1408,Requests,asia-east1,44.68,72.15,54360034912,58284153066.0,2024-06-08 22:37:00,2024-09-08 15:21:00,1.84,397.7,398,33034,2200.733333333333,112644187978.0,58.415000000000006,27.470000000000006,58.415000000000006,41.584999999999994,152.8355590429942,15.010451061767291,2.932596931361582e-07,22,5,6,2024,8,158364.0,152969.0,0.20859538784067086,0.2159522517634292,0,0,0
res-4FELBDAQ,Cloud Armor,609.9901,Requests,us-east1,98.66,51.52,70591459011,75043755268.0,2024-07-07 00:52:00,2024-09-07 13:46:00,4.92,3001.15,3001,249083,1500.9,145635214279.0,75.09,47.13999999999999,75.09,24.909999999999997,408.33941403311303,165.95575987740688,1.7103212381232218e-06,0,6,7,2024,7,206089.0,137074.5,1.2086186065243656,1.817135937026945,0,0,0
res-5K3QHZV3,Cloud Functions,65.3167,Hours,asia-southeast1,68.32,2.37,32960902132,42041161989.0,2024-07-07 00:53:00,2024-09-07 18:12:00,6.64,433.7,434,36022,1505.3166666666666,75002064121.0,35.345,65.94999999999999,35.345,64.655,551.4975496312582,23.929848647571387,4.802801152497097e-07,0,6,7,2024,7,32868.0,136369.0,1.095959595959596,0.2641509433962264,0,0,0
res-QC42LBFL,Cloud Interconnect,380.5532,GB,europe-north1,72.64,5.69,38592698190,43204718062.0,2024-07-07 04:23:00,2024-10-07 13:01:00,1.44,548.0,548,45484,2216.633333333333,81797416252.0,39.165,66.95,39.165,60.835,119.52073980720698,20.519406306861757,5.560566835005365e-07,4,6,7,2024,7,123504.0,140809.5,0.3682795698924731,0.32301797819039196,0,0,0
res-LZN5MXKZ,Pub/Sub,793.7649,GB,asia-east1,27.33,95.49,84458700721,87023569683.0,2024-07-07 04:56:00,2024-12-07 05:15:00,2.2,1746.28,1746,144918,3672.3166666666666,171482270404.0,61.41,68.16,61.41,38.59,182.57043111883632,39.46228311828592,8.450902805204498e-07,4,6,7,2024,7,187829.0,152969.0,0.7715422006186479,0.9473684210526315,0,0,0
res-2JRVPSWP,Cloud Functions,38.2833,Hours,us-central1,1.31,91.65,62679280845,64790751395.0,2024-07-07 05:10:00,2024-08-07 19:27:00,4.98,190.65,191,15853,758.2833333333333,127470032240.0,46.480000000000004,90.34,46.480000000000004,53.519999999999996,414.097008356124,20.90643339121261,1.2436648615693486e-07,5,6,7,2024,7,32868.0,42579.0,0.4823232323232323,0.3723196881091618,0,0,0
res-G8DQRSLB,Kubernetes Engine,142.6833,Hours,europe-north1,71.19,48.74,71678352875,72257386501.0,2024-07-07 08:52:00,,4.01,572.16,572,47476,,143935739376.0,59.965,22.449999999999996,59.965,40.035,332.7369075427888,,3.2984163770458387e-07,8,6,7,2024,7,45027.5,140809.5,1.0543778801843318,0.3371647509578544,0,0,0
res-7KU20OYT,Cloud Endpoints,263.0482,Requests,asia-southeast1,48.44,61.01,69487180961,78309360135.0,2024-07-07 10:30:00,2024-12-07 00:33:00,7.5,1972.86,1973,163759,3662.05,147796541096.0,54.724999999999994,12.57,54.724999999999994,45.275000000000006,622.5437011163733,44.717849292063185,1.1080029260876392e-06,10,6,7,2024,7,328680.0,136369.0,0.49823232323232325,1.2008520998174073,0,0,0
res-NMOO691Q,Cloud NAT,517.1946,GB,northamerica-northeast1,99.97,28.88,12227499618,13094464652.0,2024-07-07 10:32:00,,4.25,2198.08,2198,182434,,25321964270.0,64.425,71.09,64.425,35.575,352.73763492503593,,7.204575366064206e-06,10,6,7,2024,7,199573.5,92296.0,0.9141193595342066,1.9766187050359711,0,0,0
res-KI6SEH8K,Cloud VPN,194.6074,GB,southamerica-east1,71.48,83.84,50023921405,52243912598.0,2024-07-07 12:16:00,2024-11-07 01:58:00,7.04,1370.04,1370,113710,2941.7,102267834003.0,77.66,12.36,77.66,22.340000000000003,584.3046050664054,38.6545194955298,1.1118843095539145e-06,12,6,7,2024,7,223104.0,98106.0,0.5096726190476191,1.1590524534686972,0,0,0
res-V7ARIHDE,Cloud CDN,765.118,GB,asia-southeast1,77.63,99.01,60151911059,63678591085.0,2024-07-07 13:44:00,2024-12-07 12:33:00,4.05,3098.73,3099,257217,3670.8166666666666,123830502144.0,88.32,21.38000000000001,88.32,11.680000000000007,336.1795174077724,70.07078352228613,2.0771699665797003e-06,13,6,7,2024,7,178948.0,136369.0,1.4373840445269017,1.8861838101034694,0,0,0
res-6C3V0R66,Cloud Storage,217.4256,GB,asia-northeast1,18.53,30.3,20427670770,22033898860.0,2024-07-07 13:53:00,2024-11-07 07:22:00,9.19,1998.14,1998,165834,2945.483333333333,42461569630.0,24.415,11.77,24.415,75.58500000000001,762.7160739121796,56.301116398553724,3.9055080027666895e-06,13,6,7,2024,7,158364.0,90677.5,1.0471698113207548,1.82883295194508,1,0,0
res-0XZC95XI,Cloud Interconnect,251.7631,GB,us-east1,48.02,36.94,17720150775,21629763823.0,2024-07-07 14:03:00,2024-11-07 11:10:00,5.91,1487.92,1488,123504,2949.116666666667,39349914598.0,42.480000000000004,11.080000000000005,42.480000000000004,57.519999999999996,490.55640004432735,41.878302542569244,3.1386090989452164e-06,14,6,7,2024,7,123504.0,137074.5,1.0,0.9009990917347865,0,0,0
res-366EBDKF,Cloud VPN,565.7255,GB,europe-west1,37.1,44.59,34872615846,35850067743.0,2024-07-07 15:53:00,2024-09-07 23:08:00,9.38,5306.51,5307,440481,1495.25,70722683589.0,40.845,7.490000000000002,40.845,59.155,778.6125956846562,294.5868583848855,6.228284584898177e-06,15,6,7,2024,7,223104.0,67396.0,1.9743303571428572,6.535714285714286,0,0,0
res-F3P3S9SJ,Cloud Armor,410.0347,Requests,europe-north1,24.22,20.83,69278146151,72893012474.0,2024-07-07 17:00:00,2024-12-07 07:22:00,5.01,2054.27,2054,170482,3662.366666666667,142171158625.0,22.525,3.3900000000000006,22.525,77.475,415.774567371981,46.54968098952408,1.1991320999899462e-06,17,6,7,2024,7,206089.0,140809.5,0.8272251308900523,1.210727969348659,1,0,0
res-3L534J8F,Cloud NAT,806.7405,GB,europe-west1,31.41,66.93,33910114913,41233732659.0,2024-07-07 19:48:00,2024-09-07 11:23:00,8.45,6816.96,6817,565811,1479.5833333333333,75143847572.0,49.17,35.52000000000001,49.17,50.83,701.3544008265359,382.41239087580965,7.5297049363603755e-06,19,6,7,2024,7,199573.5,67396.0,2.8351008525681016,8.395320197044335,0,1,0
res-5L671N5R,Cloud Dataproc,979.532,GB,europe-north1,33.65,36.53,28103457034,34084735663.0,2024-07-07 22:25:00,,2.18,2135.38,2135,177205,,62188192697.0,35.09,2.8800000000000026,35.09,64.91,180.90782128608356,,2.8494958980943096e-06,22,6,7,2024,7,225386.5,140809.5,0.7862272141410421,1.2584733274388447,0,0,0
res-OGSC78DB,Cloud CDN,258.9203,GB,asia-east1,26.6,9.73,62749645572,69290341947.0,2024-07-08 00:55:00,2024-09-08 15:42:00,7.84,2029.94,2030,168490,1502.7833333333333,132039987519.0,18.165,16.87,18.165,81.83500000000001,650.7407878022697,112.11862433040913,1.2760528319177173e-06,0,0,7,2024,8,178948.0,152969.0,0.9415584415584416,1.101465002712968,1,0,0
res-0OBWMFY3,Cloud CDN,277.8297,GB,australia-southeast1,29.26,5.84,72137164877,80001823378.0,2024-07-08 01:36:00,2024-12-08 21:19:00,8.89,2469.91,2470,205010,3691.7166666666667,152138988255.0,17.55,23.42,17.55,82.45,737.8980720923645,55.53243071199939,1.3475178345236723e-06,1,0,7,2024,8,178948.0,95574.5,1.1456400742115027,2.14502822405558,1,0,0
res-F1AKU3HS,Cloud Build,698.9762,Requests,us-east1,57.55,24.88,4379117542,9661924322.0,2024-07-08 03:26:00,2024-10-08 14:03:00,5.51,3851.36,3851,319633,2218.616666666667,14041041864.0,41.214999999999996,32.67,41.214999999999996,58.785000000000004,457.2873868952906,144.06860130561836,2.2764193932040824e-05,3,0,7,2024,8,249996.0,137074.5,1.2785524568393094,2.331819557977596,0,0,0
res-9H929X64,Cloud Functions,73.95,Hours,asia-east1,93.44,68.76,12456947603,16300754614.0,2024-07-08 05:28:00,2024-10-08 07:25:00,5.24,387.5,388,32204,2209.95,28757702217.0,81.1,24.679999999999993,81.1,18.900000000000006,435.4834347532116,14.572275390845949,1.1198391219505268e-06,5,0,7,2024,8,32868.0,152969.0,0.9797979797979798,0.21052631578947367,0,0,0
res-D2NUI8OM,Cloud Spanner,388.8883,GB,asia-northeast1,80.23,41.57,81865257366,85119583044.0,2024-07-08 07:16:00,2024-08-08 20:25:00,7.03,2733.88,2734,226922,757.15,166984840410.0,60.900000000000006,38.660000000000004,60.900000000000006,39.099999999999994,583.514597893534,299.70547447665587,1.3589377301726044e-06,7,0,7,2024,8,198951.0,90677.5,1.1405924071756361,2.502517162471396,0,0,0
res-V6XDWUHS,Cloud Build,64.1684,Requests,us-west1,98.89,90.96,28166238801,33532968220.0,2024-07-08 08:44:00,2024-10-08 15:48:00,1.83,117.43,117,9711,2215.0666666666666,61699207021.0,94.925,7.930000000000007,94.925,5.075000000000003,151.33617169821906,4.384066694757118,1.5739262251287532e-07,8,0,7,2024,8,249996.0,83996.0,0.03884462151394422,0.11561264822134387,0,0,0
res-P8YZ4FWM,Cloud Endpoints,601.8144,GB,northamerica-northeast1,59.89,18.97,44727126673,45239018284.0,2024-07-08 09:36:00,2024-12-08 06:28:00,7.81,4700.17,4700,390100,3668.866666666667,89966144957.0,39.43,40.92,39.43,60.57,648.2064902401804,106.32711282321516,4.336075533596013e-06,9,0,7,2024,8,328680.0,92296.0,1.1868686868686869,4.226618705035971,0,0,0
res-ZGO426P7,BigQuery,135.875,GB,europe-west1,58.92,50.88,84605460548,90889118377.0,2024-07-08 09:39:00,2024-11-08 07:46:00,2.97,403.55,404,33532,2950.116666666667,175494578925.0,54.900000000000006,8.04,54.900000000000006,45.099999999999994,246.78564857405703,11.366330145135503,1.910714291313258e-07,9,0,7,2024,8,192892.0,67396.0,0.1738382099827883,0.4975369458128079,0,0,0
res-FIFHP5ZQ,Dataflow,125.4,Hours,southamerica-east1,86.87,51.35,42088709475,46109484906.0,2024-07-08 12:50:00,2024-12-08 18:14:00,2.42,303.47,303,25149,3677.4,88198194381.0,69.11,35.52,69.11,30.89,200.55023923444975,6.838799151574482,2.8514189180972274e-07,12,0,7,2024,8,39051.5,98106.0,0.6439957492029755,0.2563451776649746,0,0,0
res-V74BYSS7,Cloud Storage,129.8672,GB,europe-west3,5.83,72.51,97271842205,104917000000.0,2024-07-08 13:28:00,2024-08-08 21:41:00,3.89,505.18,505,41915,752.2166666666667,202188842205.0,39.17,66.68,39.17,60.83,322.7527813027462,55.72197726718809,2.0730619723071676e-07,13,0,7,2024,8,158364.0,242775.0,0.26467505241090145,0.17264957264957265,0,0,0
res-3B55JMP3,Pub/Sub,778.0122,GB,northamerica-northeast1,79.14,83.42,56450611354,61528752233.0,2024-07-08 13:32:00,2024-10-08 16:22:00,5.88,4574.71,4575,379725,2210.8333333333335,117979363587.0,81.28,4.280000000000001,81.28,18.72,488.07075261801805,171.75650207312475,3.2185713539638165e-06,13,0,7,2024,8,187829.0,92296.0,2.021652673442333,4.114208633093525,0,0,0
res-UCRJNM18,AI Platform,40.9833,Hours,europe-west1,47.14,18.34,63610084029,69417402995.0,2024-07-08 15:32:00,2024-09-08 08:31:00,6.12,250.82,251,20833,1480.9833333333333,133027487024.0,32.74,28.8,32.74,67.25999999999999,508.3290023009372,14.067005030441486,1.5660673193233694e-07,15,0,7,2024,8,26518.5,67396.0,0.7856025039123631,0.3091133004926108,0,0,0
res-C5CZKKHQ,Cloud Armor,496.1508,Requests,asia-east1,55.0,38.71,4799310440,9647490183.0,2024-07-08 20:19:00,,5.87,2912.41,2912,241696,,14446800623.0,46.855000000000004,16.29,46.855000000000004,53.144999999999996,487.14221563282774,,1.6730070989919273e-05,20,0,7,2024,8,206089.0,152969.0,1.1727748691099475,1.5800325556158437,0,0,0
res-JNJGGP0G,AI Platform,116.4333,Hours,europe-north1,5.17,44.41,32590764217,34285952731.0,2024-07-08 21:33:00,2024-12-08 17:59:00,2.3,267.8,268,22244,3668.4333333333334,66876716948.0,24.79,39.239999999999995,24.79,75.21000000000001,191.04500173060455,6.063623890307397,3.3261202127035967e-07,21,0,7,2024,8,26518.5,140809.5,0.838810641627543,0.1579722959033304,1,0,0
res-YHWPU7BD,Cloud NAT,571.2061,Requests,asia-northeast1,96.9,91.73,15610460343,18782478171.0,2024-07-08 21:49:00,2024-10-08 00:44:00,1.9,1085.29,1085,90055,2186.9166666666665,34392938514.0,94.315,5.170000000000002,94.315,5.685000000000002,157.6576300568219,41.17898106161643,2.6184154041778716e-06,21,0,7,2024,8,199573.5,90677.5,0.4512372634643377,0.9931350114416476,0,0,0
res-SLNI45BI,Cloud Endpoints,271.4415,GB,australia-southeast1,21.34,95.77,27734517911,28809471848.0,2024-07-08 22:23:00,2024-12-08 16:07:00,2.69,730.18,730,60590,3665.733333333333,56543989759.0,58.555,74.42999999999999,58.555,41.445,223.21568367401446,16.52875277343324,1.0715550893781067e-06,22,0,7,2024,8,328680.0,95574.5,0.18434343434343434,0.6339557099435519,0,0,0
res-3UMQCQ7L,Cloud NAT,490.5874,Requests,europe-north1,85.69,89.77,48701052634,51880282611.0,2024-08-07 00:22:00,2024-11-07 05:33:00,8.05,3949.23,3949,327767,2213.1833333333334,100581335245.0,87.72999999999999,4.079999999999998,87.72999999999999,12.27000000000001,668.1113293981867,148.0975367306519,3.258725877933636e-06,0,2,8,2024,7,199573.5,140809.5,1.6423372842586816,2.3277335691128793,0,0,0
res-TN5WOFB9,Pub/Sub,495.8071,Requests,europe-west1,59.62,83.14,48483886400,50532876187.0,2024-08-07 00:32:00,,2.51,1244.48,1244,103252,,99016762587.0,71.38,23.520000000000003,71.38,28.620000000000005,208.2503457493852,,1.0427729336159496e-06,0,2,8,2024,7,187829.0,67396.0,0.5497127706584181,1.5320197044334976,0,0,0
res-J6ZAWPRX,Dataflow,67.65,Hours,asia-east1,11.6,26.83,54241583252,59300414025.0,2024-08-07 01:41:00,2024-10-07 21:20:00,9.46,639.97,640,53120,1483.65,113541997277.0,19.215,15.229999999999999,19.215,80.785,785.2180339985217,35.803592491490576,4.6784450929119265e-07,1,2,8,2024,7,39051.5,152969.0,1.3602550478214666,0.34725990233315246,1,0,1
res-8J3C2M2T,Cloud VPN,580.6282,Requests,us-east1,53.45,20.49,58478050426,61938156194.0,2024-08-07 02:20:00,,2.04,1184.48,1184,98272,,120416206620.0,36.97,32.96000000000001,36.97,63.03,169.25116623684485,,8.161027718645801e-07,2,2,8,2024,7,223104.0,137074.5,0.44047619047619047,0.716924008477142,0,0,0
res-IOPJEVUT,AI Platform,38.4,Hours,europe-west1,8.55,52.81,58846129490,59441536233.0,2024-08-07 07:00:00,2024-09-07 21:24:00,9.67,371.33,371,30793,758.4,118287665723.0,30.68,44.260000000000005,30.68,69.32,801.9010416666667,40.602584388185655,2.6032299996611203e-07,7,2,8,2024,7,26518.5,67396.0,1.161189358372457,0.45689655172413796,0,0,0
res-Q31L0E0M,Cloud Interconnect,132.8637,Requests,us-central1,68.3,65.19,67918645337,73433835245.0,2024-08-07 07:30:00,2024-09-07 21:19:00,1.39,184.68,185,15355,757.8166666666667,141352480582.0,66.745,3.1099999999999994,66.745,33.254999999999995,115.56956489996892,20.262156634190326,1.0862915130161023e-07,7,2,8,2024,7,123504.0,42579.0,0.12432795698924731,0.36062378167641324,0,0,0
res-2QG7Y510,Cloud Run,46.6833,Hours,us-central1,65.91,24.26,1038679308,1207921154.0,2024-08-07 09:22:00,2024-10-07 08:03:00,7.28,339.85,340,28220,1462.6833333333334,2246600462.0,45.085,41.64999999999999,45.085,54.915,604.4988250616387,19.29330796139515,1.256120101340921e-05,9,2,8,2024,7,39508.0,42579.0,0.7142857142857143,0.6627680311890838,0,0,0
res-NKCZLRJU,Cloud SQL,440.8594,GB,asia-east1,63.21,81.01,78340522052,85056013216.0,2024-08-07 09:40:00,2024-11-07 04:11:00,4.18,1842.79,1843,152969,2202.516666666667,163396535268.0,72.11,17.800000000000004,72.11,27.89,346.97910490283294,69.4519148549765,9.361826415052378e-07,9,2,8,2024,7,250494.0,152969.0,0.6106693174287607,1.0,0,0,0
res-O6M9SSN4,Cloud Functions,64.4,Hours,asia-northeast1,73.65,78.18,7858161709,11020796310.0,2024-08-07 11:05:00,2024-11-07 03:29:00,3.67,236.35,236,19588,2200.4,18878958019.0,75.915,4.530000000000001,75.915,24.084999999999994,304.1614906832298,8.902017814942738,1.037557262444591e-06,11,2,8,2024,7,32868.0,90677.5,0.5959595959595959,0.2160183066361556,0,0,0
res-ORDNJ24E,Kubernetes Engine,135.5667,Hours,australia-southeast1,70.13,59.73,56740180306,63344615356.0,2024-08-07 11:32:00,,6.03,817.47,817,67811,,120084795662.0,64.92999999999999,10.399999999999999,64.92999999999999,35.07000000000001,500.20395864176083,,5.646926376163899e-07,11,2,8,2024,7,45027.5,95574.5,1.5059907834101383,0.7095093356491533,0,0,0
res-QZVTIOPY,Cloud Storage,982.2498,Requests,asia-east1,17.08,91.07,13345361356,13858425661.0,2024-08-07 12:55:00,2024-12-07 11:48:00,8.59,8437.53,8438,700354,2926.883333333333,27203787017.0,54.074999999999996,73.99,54.074999999999996,45.925000000000004,713.0100713688106,239.2831965742855,2.5744724422461464e-05,12,2,8,2024,7,158364.0,152969.0,4.422431865828092,4.578404774823657,0,1,0
res-B1KP68K8,Cloud Functions,60.7,Hours,asia-southeast1,38.88,59.1,34279058769,34342664992.0,2024-08-07 14:28:00,2024-11-07 03:10:00,6.52,395.76,396,32868,2196.7,68621723761.0,48.99,20.22,48.99,51.01,541.4827018121911,14.962443665498249,4.789736864447578e-07,14,2,8,2024,7,32868.0,136369.0,1.0,0.24102251978088862,0,0,0
res-5X6K6WLT,Cloud VPC,739.8663,Requests,asia-east1,96.28,35.39,75172925598,80420687118.0,2024-08-07 16:17:00,2024-12-07 19:01:00,4.92,3640.14,3640,302120,2930.733333333333,155593612716.0,65.83500000000001,60.89,65.83500000000001,34.16499999999999,408.34404810707014,103.08682696026024,1.9417249508271904e-06,16,2,8,2024,7,181604.0,152969.0,1.663619744058501,1.9750406945198047,0,0,0
res-YDT1D7I0,Cloud NAT,564.102,Requests,asia-southeast1,18.88,49.82,3688312366,4358233797.0,2024-08-07 16:39:00,2024-11-07 15:10:00,2.9,1635.9,1636,135788,2206.516666666667,8046546163.0,34.35,30.94,34.35,65.65,240.71533162442253,61.53953063274693,1.6875314855507403e-05,16,2,8,2024,7,199573.5,136369.0,0.6803909336660429,0.995739500912964,0,0,0
res-IKCJY3HZ,Firestore,809.9885,GB,northamerica-northeast1,4.19,66.7,68201830951,72712157558.0,2024-08-07 17:07:00,,6.19,5013.83,5014,416162,,140913988509.0,35.445,62.510000000000005,35.445,64.555,513.7875414280572,,2.953305093435917e-06,17,2,8,2024,7,221070.5,92296.0,1.882485451473625,4.508992805755396,0,0,0
res-X5BTK7T1,Cloud Data Fusion,328.3641,Requests,asia-southeast1,21.95,3.74,33020350100,41725728130.0,2024-08-07 17:22:00,,6.78,2226.31,2226,184758,,74746078230.0,12.844999999999999,18.21,12.844999999999999,87.155,562.6619962413674,,2.471808613576809e-06,17,2,8,2024,7,174715.0,136369.0,1.057482185273159,1.3548387096774193,1,0,0
res-H0FLX264,Cloud NAT,555.4361,GB,asia-southeast1,66.59,58.88,89123002558,92701686882.0,2024-08-07 17:40:00,,6.38,3543.68,3544,294152,,181824689440.0,62.735,7.710000000000001,62.735,37.265,529.5874718982076,,1.6177780966157882e-06,17,2,8,2024,7,199573.5,136369.0,1.4739030983572468,2.1570298234936094,0,0,0
res-RZPR26RG,Cloud Storage,753.0083,GB,us-central1,26.45,34.41,72340339037,74874466857.0,2024-08-07 19:27:00,,4.34,3268.06,3268,271244,,147214805894.0,30.43,7.959999999999997,30.43,69.57,360.21382500033536,,1.8425048917654757e-06,19,2,8,2024,7,158364.0,42579.0,1.7127882599580713,6.37037037037037,0,0,0
res-U3CCWT2L,Cloud VPN,384.7979,Requests,northamerica-northeast1,36.67,9.41,14639390405,20917834831.0,2024-08-07 19:35:00,,1.98,761.9,762,63246,,35557225236.0,23.04,27.26,23.04,76.96000000000001,164.36160384451162,,1.7787102221904097e-06,19,2,8,2024,7,223104.0,92296.0,0.28348214285714285,0.685251798561151,1,0,0
res-L0UE4NJN,Cloud Load Balancing,352.7508,GB,europe-west3,2.34,57.32,6503092444,10855614594.0,2024-08-07 21:09:00,2024-10-07 14:12:00,4.19,1478.03,1478,122674,1457.05,17358707038.0,29.83,54.980000000000004,29.83,70.17,347.7639171902657,84.19340448165815,7.067001000215855e-06,21,2,8,2024,7,360842.5,242775.0,0.3399654974123059,0.5052991452991453,1,0,0
res-RJ0E47ZX,Cloud VPC,446.7635,Requests,asia-southeast1,38.45,58.64,89140612486,95390226085.0,2024-08-07 22:37:00,2024-10-07 00:01:00,8.27,3694.73,3695,306685,1441.4,184530838571.0,48.545,20.189999999999998,48.545,51.455,686.4593907067161,212.76883585403078,1.6619715293929044e-06,22,2,8,2024,7,181604.0,136369.0,1.6887568555758683,2.248934875228241,0,0,0
res-HGKJZW45,AI Platform,104.4167,Hours,asia-northeast1,77.76,26.69,46183519043,52895790556.0,2024-08-07 22:38:00,,4.06,423.93,424,35192,,99079309599.0,52.225,51.07000000000001,52.225,47.775,337.03421004494487,,3.5519020209599026e-07,22,2,8,2024,7,26518.5,90677.5,1.3270735524256652,0.3881006864988558,0,0,0
res-M9M70ZPZ,BigQuery,435.3222,Requests,asia-east1,12.19,1.93,15463764402,20309748109.0,2024-08-07 22:55:00,2024-11-07 08:02:00,4.44,1932.83,1933,160439,2193.116666666667,35773512511.0,7.06,10.26,7.06,92.94,368.55230447700575,73.15570687073951,4.484854540092103e-06,22,2,8,2024,7,192892.0,152969.0,0.8317555938037866,1.0488334237655996,1,0,0
res-G897SS0M,Compute Engine,86.45,Hours,northamerica-northeast1,74.59,21.19,93819059399,100949000000.0,2024-08-08 00:20:00,2024-11-08 14:47:00,2.29,197.97,198,16434,2222.45,194768059399.0,47.89,53.400000000000006,47.89,52.11,190.09832272990167,7.394542059438908,8.437728470833846e-08,0,3,8,2024,8,33947.0,92296.0,0.4841075794621027,0.17805755395683454,0,0,0
res-XKCDKTD2,Cloud Armor,807.3648,GB,northamerica-northeast1,76.75,96.32,77535591565,77780082072.0,2024-08-08 00:37:00,2024-11-08 21:32:00,7.14,5764.58,5765,478495,2228.9166666666665,155315673637.0,86.535,19.569999999999993,86.535,13.465000000000003,592.6626972094895,214.67603843421693,3.080790166215464e-06,0,3,8,2024,8,206089.0,92296.0,2.3217881594844947,5.184352517985611,0,1,0
res-AQ4RAS3L,Cloud Dataproc,14.7407,Requests,us-west1,27.66,9.87,99045026637,102258000000.0,2024-08-08 01:50:00,2024-09-08 13:23:00,6.47,95.37,95,7885,755.55,201303026637.0,18.765,17.79,18.765,81.235,534.9135387057602,10.436106147839324,3.91698035132807e-08,1,3,8,2024,8,225386.5,83996.0,0.03498434910697846,0.09387351778656126,1,0,0
res-86KNN8SR,AI Platform,104.3167,Hours,europe-west3,68.9,78.67,97238146056,100020000000.0,2024-08-08 03:39:00,2024-12-08 11:58:00,4.78,498.63,499,41417,2936.3166666666666,197258146056.0,73.785,9.769999999999996,73.785,26.215000000000003,397.0313478091236,14.10508630427009,2.0996344550577924e-07,3,3,8,2024,8,26518.5,242775.0,1.5618153364632237,0.1705982905982906,0,0,0
res-ORVHD3QJ,Cloud Dataproc,975.6498,Requests,us-east1,37.68,74.51,2399122689,3124427882.0,2024-08-08 03:49:00,2024-09-08 06:49:00,8.38,8175.95,8176,678608,747.0,5523550571.0,56.095,36.830000000000005,56.095,43.905,695.5446513697846,908.4444444444445,0.00012285720774656415,3,3,8,2024,8,225386.5,137074.5,3.010863561038483,4.950650923402967,0,1,0
res-04X4P614,Cloud Storage,163.497,GB,europe-west1,88.64,51.63,1075058312,8444601500.0,2024-08-08 04:09:00,,1.08,176.58,177,14691,,9519659812.0,70.135,37.01,70.135,29.864999999999995,89.85485972219674,,1.5432274146478712e-06,4,3,8,2024,8,158364.0,67396.0,0.09276729559748427,0.21798029556650247,0,0,0
res-IF612JJD,Cloud Run,26.6167,Hours,us-east1,14.82,44.84,88644466509,88993172945.0,2024-08-08 04:57:00,2024-09-08 07:34:00,6.88,183.12,183,15189,746.6166666666667,177637639454.0,29.830000000000002,30.020000000000003,29.830000000000002,70.17,570.6567681192635,20.343773020514767,8.550552713200883e-08,4,3,8,2024,8,39508.0,137074.5,0.38445378151260506,0.11080835603996367,1,0,0
res-LHH3C6YV,Cloud VPC,799.878,Requests,europe-west3,51.03,1.84,47731592778,57265004862.0,2024-08-08 05:23:00,2024-12-08 18:25:00,7.23,5783.12,5783,479989,2941.0333333333333,104996597640.0,26.435000000000002,49.19,26.435000000000002,73.565,600.0777618586834,163.20420260452676,4.571471940888313e-06,5,3,8,2024,8,181604.0,242775.0,2.643053016453382,1.977094017094017,1,1,1
res-K3BCF3R1,Firestore,597.1564,Requests,asia-east1,59.22,56.06,14203586534,16388689847.0,2024-08-08 06:15:00,,4.38,2615.55,2616,217128,,30592276381.0,57.64,3.1599999999999966,57.64,42.36,363.6032369409421,,7.097477719404107e-06,6,3,8,2024,8,221070.5,152969.0,0.9821663225079782,1.4194248507867606,0,0,0
res-4RM5Q210,Cloud CDN,483.5996,Requests,asia-northeast1,3.75,27.96,52489355406,58053628767.0,2024-08-08 06:26:00,2024-11-08 19:58:00,3.72,1798.99,1799,149317,2221.5333333333333,110542984173.0,15.855,24.21,15.855,84.145,308.7616284215289,67.21348618071602,1.3507596263759136e-06,6,3,8,2024,8,178948.0,90677.5,0.8344155844155844,1.6466819221967963,1,0,0
res-KEQ8NILK,Dataflow,91.2833,Hours,southamerica-east1,49.39,55.98,22028437577,27660730423.0,2024-08-08 06:32:00,2024-12-08 01:49:00,2.86,261.07,261,21663,2923.2833333333333,49689168000.0,52.685,6.589999999999996,52.685,47.315,237.3161355910665,7.410503030268477,4.359702702206646e-07,6,3,8,2024,8,39051.5,98106.0,0.5547290116896918,0.22081218274111675,0,0,0
res-05LVI8W6,Cloud Data Fusion,969.2377,GB,asia-east1,75.63,26.47,66245831479,68572243374.0,2024-08-08 07:07:00,2024-11-08 05:18:00,3.68,3566.79,3567,296061,2206.1833333333334,134818074853.0,51.05,49.16,51.05,48.95,305.45757764065513,134.19600970000982,2.1960037652429954e-06,7,3,8,2024,8,174715.0,152969.0,1.6945368171021378,1.9354313619099295,0,0,0
res-1KZU3DQJ,Cloud CDN,277.6608,Requests,us-east1,66.09,22.93,73947753429,74062804247.0,2024-08-08 07:37:00,2024-10-08 13:13:00,3.82,1060.66,1061,88063,1469.6,148010557676.0,44.510000000000005,43.160000000000004,44.510000000000005,55.489999999999995,317.16036257188625,59.92310832879696,5.949778271410396e-07,7,3,8,2024,8,178948.0,137074.5,0.49211502782931354,0.6424462609748713,0,0,0
res-1J7E15GY,Cloud Run,115.0667,Hours,southamerica-east1,54.32,14.47,43700610779,48781743713.0,2024-08-08 10:21:00,,9.26,1065.52,1066,88478,,92482354492.0,34.395,39.85,34.395,65.60499999999999,768.9279348412704,,9.56701421433357e-07,10,3,8,2024,8,39508.0,98106.0,2.2394957983193278,0.9018612521150592,0,0,0
res-65HI6BOX,Cloud Load Balancing,523.1705,Requests,us-east1,63.29,2.7,70920563187,77653883062.0,2024-08-08 10:27:00,,7.84,4101.66,4102,340466,,148574446249.0,32.995,60.589999999999996,32.995,67.005,650.7744607159617,,2.2915515325522644e-06,10,3,8,2024,8,360842.5,137074.5,0.9435307648073605,2.483802603693612,0,0,0
res-DYPURO0P,Cloud SQL,195.0857,Requests,us-east1,10.28,50.53,67920358323,72730111824.0,2024-08-08 11:47:00,,3.98,776.44,776,64408,,140650470147.0,30.405,40.25,30.405,69.595,330.15233817752915,,4.579295037740319e-07,11,3,8,2024,8,250494.0,137074.5,0.2571239231278993,0.46987587042082957,0,0,0
res-FJK6RBWJ,Cloud SQL,147.5414,Requests,us-east1,83.68,54.06,53965957218,59474416324.0,2024-08-08 19:34:00,2024-11-08 02:49:00,2.2,324.59,325,26975,2191.25,113440373542.0,68.87,29.620000000000005,68.87,31.129999999999995,182.83003956855498,12.31032515687393,2.377901196703378e-07,19,3,8,2024,8,250494.0,137074.5,0.10768721007289596,0.19679079624583712,0,0,0
res-LXFL51RN,Cloud Dataproc,824.8213,GB,europe-west1,87.46,12.53,39375271299,46063949220.0,2024-08-08 21:45:00,2024-11-08 02:52:00,4.21,3472.5,3472,288176,2189.116666666667,85439220519.0,49.995,74.92999999999999,49.995,50.005,349.37992023241884,131.6403115411848,3.3728772131753627e-06,21,3,8,2024,8,225386.5,67396.0,1.2785858957834653,4.275862068965517,0,0,0
res-F6974M69,Cloud Interconnect,139.8127,GB,us-west1,36.36,12.6,2707689102,7586503982.0,2024-08-08 23:42:00,2024-12-08 01:20:00,8.65,1209.38,1209,100347,2905.633333333333,10294193084.0,24.48,23.759999999999998,24.48,75.52,717.7244985612895,34.535327926212304,9.747922851375963e-06,23,3,8,2024,8,123504.0,83996.0,0.8125,1.1946640316205535,1,0,0
res-XCM67VGG,Cloud NAT,942.5422,GB,asia-east1,88.72,54.12,72585159345,80787050908.0,2024-09-07 01:42:00,2024-10-07 02:51:00,6.33,5966.29,5966,495178,721.15,153372210253.0,71.42,34.6,71.42,28.58,525.3642754669233,686.650488802607,3.228603142532558e-06,1,5,9,2024,7,199573.5,152969.0,2.481181118735704,3.2371134020618557,0,1,0
res-3F8DKCVT,Cloud Build,948.4506,GB,southamerica-east1,34.32,66.1,83320723084,88800038067.0,2024-09-07 04:17:00,2024-11-07 10:11:00,6.26,5937.3,5937,492771,1469.9,172120761151.0,50.209999999999994,31.779999999999994,50.209999999999994,49.790000000000006,519.5536804974345,335.24117286890265,2.8629376067405164e-06,4,5,9,2024,7,249996.0,98106.0,1.9711155378486056,5.022842639593908,0,1,0
res-LWGX075A,Cloud Dataproc,923.9322,Requests,southamerica-east1,7.35,60.67,69202029280,73959120285.0,2024-09-07 04:45:00,2024-10-07 15:26:00,9.56,8832.79,8833,733139,730.6833333333333,143161149565.0,34.01,53.32,34.01,65.99000000000001,793.4987004457687,1003.360781004083,5.121075111702216e-06,4,5,9,2024,7,225386.5,98106.0,3.252807954336218,7.472927241962775,0,1,0
res-W17TJLS5,Cloud SQL,906.43,Requests,northamerica-northeast1,97.03,1.48,16632427891,17804809971.0,2024-09-07 09:21:00,,3.33,3018.41,3018,250494,,34437237862.0,49.255,95.55,49.255,50.745,276.3522831327295,,7.273928327347336e-06,9,5,9,2024,7,250494.0,92296.0,1.0,2.714028776978417,0,0,0
res-TMUUSOKX,Cloud Memorystore,289.8287,Requests,australia-southeast1,8.77,37.92,94296289933,102776000000.0,2024-09-07 11:52:00,2024-12-07 01:05:00,5.02,1454.94,1455,120765,2173.2166666666667,197072289933.0,23.345,29.150000000000002,23.345,76.655,416.67716137152735,55.56970082749841,6.127954368473482e-07,11,5,9,2024,7,86071.0,95574.5,1.4030858244937319,1.2635692574902302,1,0,1
res-MJRPXFOX,Cloud SQL,470.2063,GB,asia-northeast1,3.96,14.6,54199201379,59810008360.0,2024-09-07 12:59:00,2024-11-07 05:38:00,8.35,3926.22,3926,325858,1456.65,114009209739.0,9.28,10.64,9.28,90.72,693.0107061517466,223.7037037037037,2.8581726050551796e-06,12,5,9,2024,7,250494.0,90677.5,1.3008614976805832,3.5935926773455376,1,0,1
res-JVCSJXZW,Firestore,230.4643,GB,europe-west1,52.02,75.19,49637105643,51071043166.0,2024-09-07 13:12:00,,6.85,1578.68,1579,131057,,100708148809.0,63.605000000000004,23.169999999999995,63.605000000000004,36.394999999999996,568.6650817501886,,1.301354473792967e-06,13,5,9,2024,7,221070.5,67396.0,0.5928289844189976,1.9445812807881773,0,0,0
res-WM0B0C31,Cloud Data Fusion,453.6261,GB,asia-east1,43.49,25.0,68066971596,75145648010.0,2024-09-07 13:24:00,,3.7,1678.42,1678,139274,,143212619606.0,34.245000000000005,18.490000000000002,34.245000000000005,65.755,307.0237801572705,,9.72498096768038e-07,13,5,9,2024,7,174715.0,152969.0,0.7971496437054632,0.9104720564297342,0,0,0
res-JAL9EY6P,Compute Engine,78.7,Hours,europe-west1,68.28,26.56,60327278928,66769681245.0,2024-09-07 14:33:00,2024-12-07 21:15:00,4.89,384.84,385,31955,2190.7,127096960173.0,47.42,41.72,47.42,52.58,406.03557814485384,14.586661797598943,2.5142222092884015e-07,14,5,9,2024,7,33947.0,67396.0,0.941320293398533,0.47413793103448276,0,0,0
res-J34Y24JL,Cloud NAT,941.414,Requests,europe-west1,68.48,73.0,4028608736,10733576597.0,2024-09-07 15:25:00,,6.86,6458.1,6458,536014,,14762185333.0,70.74000000000001,4.519999999999996,70.74000000000001,29.25999999999999,569.3711799484605,,3.630993568423586e-05,15,5,9,2024,7,199573.5,67396.0,2.6857974630900396,7.95320197044335,0,1,0
res-HX66EBRY,Dataflow,126.35,Hours,asia-northeast1,83.1,14.15,1147988415,2039725231.0,2024-09-07 16:58:00,,1.52,192.05,192,15936,,3187713646.0,48.625,68.94999999999999,48.625,51.375,126.12584091808469,,4.999194334784988e-06,16,5,9,2024,7,39051.5,90677.5,0.40807651434643993,0.1757437070938215,0,0,0
res-QW1X0I92,Compute Engine,54.4,Hours,asia-east1,20.38,81.34,94605229974,100479000000.0,2024-09-07 17:20:00,2024-11-07 23:44:00,7.52,409.09,409,33947,1470.4,195084229974.0,50.86,60.96000000000001,50.86,49.14,624.0257352941177,23.086915125136017,1.74012015243489e-07,17,5,9,2024,7,33947.0,152969.0,1.0,0.22192078133478024,0,0,0
res-EZZPDSGT,Compute Engine,101.5,Hours,asia-southeast1,37.57,32.15,81529079148,81835001901.0,2024-09-07 18:39:00,,9.82,996.73,997,82751,,163364081049.0,34.86,5.420000000000002,34.86,65.14,815.2807881773399,,5.065434180429134e-07,18,5,9,2024,7,33947.0,136369.0,2.4376528117359415,0.6068167985392574,0,0,0
res-BPLHVSWK,Cloud Build,416.5054,GB,asia-southeast1,89.32,70.16,78376768286,85710609210.0,2024-09-07 19:20:00,,7.63,3177.94,3178,263774,,164087377496.0,79.74,19.159999999999997,79.74,20.260000000000005,633.3027134822262,,1.607521577986278e-06,19,5,9,2024,7,249996.0,136369.0,1.0551128818061088,1.934266585514303,0,0,0
res-L9JQCL5H,Dataflow,80.4,Hours,southamerica-east1,50.28,11.88,77464457242,77859360072.0,2024-09-07 19:32:00,,7.93,637.57,638,52954,,155323817314.0,31.080000000000002,38.4,31.080000000000002,68.92,658.6318407960199,,3.4092646521137894e-07,19,5,9,2024,7,39051.5,98106.0,1.3560042507970245,0.5397631133671743,0,0,0
res-MOZFAE74,BigQuery,988.0913,GB,europe-west3,77.86,5.25,93395819976,97172248054.0,2024-09-07 22:53:00,2024-12-07 22:52:00,5.45,5385.1,5385,446955,2183.983333333333,190568068030.0,41.555,72.61,41.555,58.445,452.3418028273298,204.65128702142113,2.345382437993959e-06,22,5,9,2024,7,192892.0,242775.0,2.3171256454388987,1.841025641025641,0,0,0
res-HPZG31IQ,Pub/Sub,548.395,GB,asia-southeast1,13.18,37.74,64482162259,67883170958.0,2024-09-07 23:43:00,2024-12-07 05:03:00,8.53,4677.81,4678,388274,2165.3333333333335,132365333217.0,25.46,24.560000000000002,25.46,74.53999999999999,708.0188550223835,179.31373152709358,2.933351131776043e-06,23,5,9,2024,7,187829.0,136369.0,2.067167476800707,2.8472306755934267,1,0,1
res-RDEPCFLV,Cloud Functions,31.4,Hours,us-west1,66.21,60.58,48909078248,56422763858.0,2024-09-08 01:35:00,2024-10-08 08:59:00,4.56,143.18,143,11869,727.4,105331842106.0,63.394999999999996,5.6299999999999955,63.394999999999996,36.605000000000004,377.9936305732484,16.317019521583724,1.1268197501051686e-07,1,6,9,2024,8,32868.0,83996.0,0.3611111111111111,0.14130434782608695,0,0,0
res-SGGDE383,Cloud CDN,202.9644,GB,asia-southeast1,65.39,96.46,39527760122,45152662232.0,2024-09-08 02:43:00,2024-12-08 01:39:00,2.17,440.43,440,36520,2182.9333333333334,84680422354.0,80.925,31.069999999999993,80.925,19.075000000000003,179.93303259093713,16.7297825555827,4.3126851502146443e-07,2,6,9,2024,8,178948.0,136369.0,0.20408163265306123,0.2678027997565429,0,0,0
res-09E1SUAC,Cloud VPN,766.1311,Requests,europe-west3,30.35,94.56,36366480544,40273228745.0,2024-09-08 02:47:00,,8.48,6496.79,6497,539251,,76639709289.0,62.455,64.21000000000001,62.455,37.545,703.8625634698814,,7.036182743942089e-06,2,6,9,2024,8,223104.0,242775.0,2.4170386904761907,2.221196581196581,0,1,0
res-AHNBC1V6,Cloud Endpoints,388.7474,GB,europe-north1,72.75,57.96,93325878549,100975000000.0,2024-09-08 03:54:00,,2.03,789.16,789,65487,,194300878549.0,65.355,14.79,65.355,34.644999999999996,168.45643212018908,,3.370391348152607e-07,3,6,9,2024,8,328680.0,140809.5,0.19924242424242425,0.4650751547303271,0,0,0
res-YJD6C3D4,Kubernetes Engine,133.9833,Hours,northamerica-northeast1,48.01,77.78,86808016202,96487241274.0,2024-09-08 04:02:00,,4.8,643.12,643,53369,,183295257476.0,62.894999999999996,29.770000000000003,62.894999999999996,37.105000000000004,398.3257614941563,,2.911641072164016e-07,4,6,9,2024,8,45027.5,92296.0,1.1852534562211983,0.5782374100719424,0,0,0
res-7LLUZT3G,Cloud Endpoints,958.0251,GB,europe-north1,21.58,24.91,14507368142,14799300079.0,2024-09-08 07:10:00,2024-11-08 00:09:00,8.34,7989.93,7990,663170,1456.9833333333333,29306668221.0,23.244999999999997,3.330000000000002,23.244999999999997,76.755,692.2261222592185,455.1664969857811,2.2628638472277737e-05,7,6,9,2024,8,328680.0,140809.5,2.0176767676767677,4.709696433834365,1,1,1
res-9DDBUWHQ,Kubernetes Engine,25.5,Hours,asia-southeast1,62.01,87.4,28455636699,36029218777.0,2024-09-08 07:48:00,2024-10-08 09:18:00,4.24,108.12,108,8964,721.5,64484855476.0,74.705,25.390000000000008,74.705,25.295,351.52941176470586,12.424116424116423,1.390093834254808e-07,7,6,9,2024,8,45027.5,136369.0,0.19907834101382488,0.06573341448569689,0,0,0
res-ALXOYSRK,Cloud Data Fusion,11.9494,Requests,southamerica-east1,94.02,16.06,76472318775,81965940657.0,2024-09-08 10:19:00,,7.2,86.04,86,7138,,158438259432.0,55.04,77.96,55.04,44.96,597.3521683097059,,4.505224953612642e-08,10,6,9,2024,8,174715.0,98106.0,0.04085510688836105,0.0727580372250423,0,0,0
res-RNNS13FP,Compute Engine,61.4833,Hours,australia-southeast1,73.77,16.96,60202055264,68337416384.0,2024-09-08 10:49:00,2024-12-08 00:18:00,3.98,244.7,245,20335,2173.483333333333,128539471648.0,45.364999999999995,56.809999999999995,45.364999999999995,54.635000000000005,330.74021726224845,9.355949359323361,1.5820043243748935e-07,10,6,9,2024,8,33947.0,95574.5,0.5990220048899756,0.2127659574468085,0,0,0
res-4TBQH6B1,BigQuery,357.5289,Requests,asia-northeast1,19.36,40.14,10886501175,20627001344.0,2024-09-08 11:18:00,,2.43,868.8,869,72127,,31513502519.0,29.75,20.78,29.75,70.25,201.73753786057574,,2.2887649494534437e-06,11,6,9,2024,8,192892.0,90677.5,0.37392426850258176,0.7954233409610983,1,0,0
res-LBZMB3VM,Cloud Endpoints,323.6305,GB,asia-east1,85.01,78.84,84496301651,85421901662.0,2024-09-08 12:31:00,2024-12-08 05:46:00,5.99,1938.55,1939,160937,2177.25,169918203313.0,81.92500000000001,6.170000000000002,81.92500000000001,18.07499999999999,497.2862570122408,73.91755655069468,9.471439602238727e-07,12,6,9,2024,8,328680.0,152969.0,0.48964646464646466,1.0520889853499729,0,0,0
res-XCONMZ4R,Cloud SQL,754.5171,Requests,asia-southeast1,41.13,18.29,80156463931,83917965863.0,2024-09-08 15:30:00,2024-12-08 04:40:00,4.34,3274.6,3275,271825,2173.1666666666665,164074429794.0,29.71,22.840000000000003,29.71,70.28999999999999,360.2635380960882,125.082444972774,1.6567176271237622e-06,15,6,9,2024,8,250494.0,136369.0,1.0851557322730285,1.9933049300060863,1,0,0
res-170DHBTE,Kubernetes Engine,114.5333,Hours,australia-southeast1,87.12,52.29,34053044273,34139736566.0,2024-09-08 20:25:00,,5.14,588.7,589,48887,,68192780839.0,69.705,34.830000000000005,69.705,30.295,426.8365619431205,,7.168940670629043e-07,20,6,9,2024,8,45027.5,95574.5,1.0857142857142856,0.5115067303517151,0,0,0
res-100J1BTT,Cloud Build,568.3773,GB,europe-west1,8.79,52.74,13537126855,16002647625.0,2024-09-08 23:43:00,2024-12-08 06:08:00,5.71,3245.43,3245,269335,2166.4166666666665,29539774480.0,30.765,43.95,30.765,69.235,473.86656715530336,124.32280647767051,9.117706710400045e-06,23,6,9,2024,8,249996.0,67396.0,1.0773572377158034,3.9963054187192117,0,0,0
res-Q845DRSP,Cloud CDN,502.9505,Requests,asia-southeast1,87.46,31.97,9878243182,10546174477.0,2024-10-07 00:12:00,2024-12-07 11:39:00,5.53,2781.32,2781,230823,1475.45,20424417659.0,59.714999999999996,55.489999999999995,59.714999999999996,40.285000000000004,458.9378079950214,156.44244128909824,1.1301325886189371e-05,0,0,10,2024,7,178948.0,136369.0,1.2898886827458256,1.6926354230066951,0,0,0
res-PAQEKYLT,Container Registry,755.6246,GB,europe-west1,40.49,63.72,94863560207,102431000000.0,2024-10-07 00:19:00,,7.33,5538.73,5539,459737,,197294560207.0,52.105000000000004,23.229999999999997,52.105000000000004,47.894999999999996,608.4198423397015,,2.330206162388093e-06,0,0,10,2024,7,151807.0,67396.0,3.02843083652269,6.821428571428571,0,1,0
res-L5LC38CL,AI Platform,32.3167,Hours,us-central1,76.49,69.71,33326456106,38389861466.0,2024-10-07 01:36:00,2024-11-07 09:55:00,1.71,55.26,55,4565,752.3166666666667,71716317572.0,73.1,6.780000000000001,73.1,26.900000000000006,141.25823490641062,6.067923525111322,6.365357500985662e-08,1,0,10,2024,7,26518.5,42579.0,0.17214397496087636,0.10721247563352826,0,0,0
res-1C1MLL0U,Firestore,98.5522,Requests,asia-northeast1,38.11,0.95,27363451299,35833738864.0,2024-10-07 02:26:00,2024-12-07 07:00:00,7.37,726.33,726,60258,1468.5666666666666,63197190163.0,19.53,37.16,19.53,80.47,611.4323170867824,41.0318451097442,9.534917588041627e-07,2,0,10,2024,7,221070.5,90677.5,0.2725736812464802,0.6645308924485126,1,0,0
res-D79LIUCM,Cloud Endpoints,839.2951,Requests,australia-southeast1,13.28,86.26,99716836901,100070000000.0,2024-10-07 03:33:00,,6.07,5094.52,5095,422885,,199786836901.0,49.77,72.98,49.77,50.23,503.85734409744555,,2.1166809913986046e-06,3,0,10,2024,7,328680.0,95574.5,1.2866161616161615,4.424663482414243,0,0,0
res-LYT5L04L,Cloud Dataproc,249.2844,Requests,northamerica-northeast1,45.3,34.28,15861339674,19799823950.0,2024-10-07 03:58:00,2024-11-07 16:23:00,3.53,879.97,880,73040,756.4166666666666,35661163624.0,39.79,11.019999999999996,39.79,60.21,292.9986794199717,96.56053762256252,2.0481664807719288e-06,3,0,10,2024,7,225386.5,92296.0,0.3240655496225373,0.7913669064748201,0,0,0
res-9QO2FLXN,Cloud Data Fusion,609.1028,Requests,europe-west1,75.94,56.56,95693307169,103599000000.0,2024-10-07 04:21:00,2024-11-07 23:14:00,7.19,4379.45,4379,363457,762.8833333333333,199292307169.0,66.25,19.379999999999995,66.25,33.75,596.7087985804695,476.4254036222227,1.8237382323633206e-06,4,0,10,2024,7,174715.0,67396.0,2.0802850356294535,5.392857142857143,0,0,0
res-QF6RILJO,Cloud Spanner,419.7062,GB,asia-southeast1,57.85,68.46,80869010194,88465873107.0,2024-10-07 05:31:00,,9.1,3819.33,3819,316977,,169334883301.0,63.155,10.609999999999992,63.155,36.845,755.2354480348396,,1.8718942832148757e-06,5,0,10,2024,7,198951.0,136369.0,1.593241551939925,2.3244065733414487,0,0,0
res-N1V5L3PF,Cloud VPN,804.0664,GB,northamerica-northeast1,75.7,97.66,77064605414,81678867817.0,2024-10-07 07:36:00,,4.28,3441.4,3441,285603,,158743473231.0,86.68,21.959999999999994,86.68,13.319999999999993,355.1982771572099,,1.7991479850286305e-06,7,0,10,2024,7,223104.0,92296.0,1.2801339285714286,3.0944244604316546,0,0,0
res-Q1HJ9CE1,Cloud SQL,829.9321,GB,asia-northeast1,95.97,44.27,12624630979,14756357058.0,2024-10-07 08:31:00,,7.56,6274.29,6274,520742,,27380988037.0,70.12,51.699999999999996,70.12,29.879999999999995,627.4513300545913,,1.9018378712131204e-05,8,0,10,2024,7,250494.0,90677.5,2.078860172299536,5.74279176201373,0,1,0
res-HL2D36SZ,Cloud Build,31.2755,Requests,europe-north1,22.99,75.22,65622960511,66341293879.0,2024-10-07 08:55:00,,3.65,114.16,114,9462,,131964254390.0,49.105,52.230000000000004,49.105,50.895,302.53712970216304,,7.170123488165604e-08,8,0,10,2024,7,249996.0,140809.5,0.037848605577689244,0.0671971706454465,0,0,0
res-1KB82DYG,Pub/Sub,517.2012,GB,australia-southeast1,51.35,48.91,88995413371,94138735210.0,2024-10-07 09:36:00,2024-11-07 13:39:00,7.47,3863.49,3863,320629,748.05,183134148581.0,50.129999999999995,2.440000000000005,50.129999999999995,49.870000000000005,619.9308895648347,428.619744669474,1.7507876192636251e-06,9,0,10,2024,7,187829.0,95574.5,1.7070260715863896,3.3547546678245768,0,0,0
res-FGBS0WGH,Cloud Build,549.3916,GB,northamerica-northeast1,12.45,61.62,20227287540,27147217840.0,2024-10-07 10:15:00,,6.11,3356.78,3357,278631,,47374505380.0,37.035,49.17,37.035,62.965,507.1628324859717,,5.881454545330812e-06,10,0,10,2024,7,249996.0,92296.0,1.1145418326693226,3.018884892086331,0,0,0
res-R6V5BB2L,Cloud Load Balancing,805.2556,Requests,northamerica-northeast1,1.32,59.95,10002349370,18870602491.0,2024-10-07 11:03:00,,8.36,6731.94,6732,558756,,28872951861.0,30.635,58.63,30.635,69.365,693.886512555765,,1.9352229820143087e-05,11,0,10,2024,7,360842.5,92296.0,1.5484761357101782,6.053956834532374,0,1,0
res-PVXWL5C0,Dataflow,86.9833,Hours,us-central1,95.91,89.27,70761031842,79512127244.0,2024-10-07 12:05:00,,7.63,663.68,664,55112,,150273159086.0,92.59,6.640000000000001,92.59,7.409999999999997,633.5928850710424,,3.6674546762179857e-07,12,0,10,2024,7,39051.5,42579.0,1.4112646121147716,1.2943469785575048,0,0,0
res-P3JCTDOS,AI Platform,28.6667,Hours,europe-west1,23.39,56.76,78184512938,86307836887.0,2024-10-07 13:02:00,2024-11-07 17:42:00,8.07,231.34,231,19173,748.6666666666666,164492349825.0,40.075,33.37,40.075,59.925,668.8248036920887,25.60952804986643,1.1655861212024605e-07,13,0,10,2024,7,26518.5,67396.0,0.7230046948356808,0.28448275862068967,0,0,0
res-GTEJU4UK,Cloud NAT,238.7864,Requests,northamerica-northeast1,5.93,62.48,57070039373,58938060747.0,2024-10-07 13:30:00,,8.27,1974.76,1975,163925,,116008100120.0,34.205,56.55,34.205,65.795,686.4921955354241,,1.4130478805396715e-06,13,0,10,2024,7,199573.5,92296.0,0.8213765855687253,1.7760791366906474,0,0,0
res-0XF3LPGM,Cloud SQL,931.8438,GB,southamerica-east1,38.82,30.39,87922833079,97539696374.0,2024-10-07 16:07:00,,6.22,5796.07,5796,481068,,185462529453.0,34.605000000000004,8.43,34.605000000000004,65.395,516.2539043560735,,2.5938824484862453e-06,16,0,10,2024,7,250494.0,98106.0,1.9204771371769385,4.903553299492386,0,1,0
res-4N1DTK2I,BigQuery,528.3413,Requests,us-east1,0.05,75.85,37307285450,40101055025.0,2024-10-07 17:13:00,,9.16,4839.61,4840,401720,,77408340475.0,37.949999999999996,75.8,37.949999999999996,62.050000000000004,760.3418472112628,,5.189621654913795e-06,17,0,10,2024,7,192892.0,137074.5,2.0826161790017212,2.9306690887072357,0,0,0
res-OXE22REJ,Cloud Endpoints,295.4871,Requests,asia-east1,38.52,27.02,3592743618,7584104509.0,2024-10-07 17:18:00,2024-12-07 06:23:00,3.76,1111.03,1111,92213,1453.0833333333333,11176848127.0,32.77,11.500000000000004,32.77,67.22999999999999,312.0711530215701,63.460228250272415,8.250358146787405e-06,17,0,10,2024,7,328680.0,152969.0,0.28055555555555556,0.6028214867064569,0,0,0
res-O31OVWGU,Cloud Spanner,479.4566,Requests,us-central1,49.46,31.14,2200590863,5869948955.0,2024-10-07 17:49:00,2024-12-07 07:36:00,5.7,2732.9,2733,226839,1453.7833333333333,8070539818.0,40.3,18.32,40.3,59.7,473.1168577093318,156.03356758801746,2.8107041798378002e-05,17,0,10,2024,7,198951.0,42579.0,1.1401752190237797,5.3274853801169595,0,0,0
res-WYVJMQ5V,Cloud Endpoints,177.7278,GB,southamerica-east1,40.15,7.95,92640197584,92794051251.0,2024-10-07 18:36:00,2024-12-07 10:07:00,6.65,1181.89,1182,98106,1455.5166666666667,185434248835.0,24.05,32.199999999999996,24.05,75.95,552.001431402403,67.40286954231601,5.290608429475994e-07,18,0,10,2024,7,328680.0,98106.0,0.29848484848484846,1.0,1,0,0
res-Z20WG5ZX,Container Registry,797.4945,Requests,europe-north1,65.91,16.06,92687205187,97209143636.0,2024-10-07 18:39:00,,7.3,5821.71,5822,483226,,189896348823.0,40.985,49.849999999999994,40.985,59.015,605.9301976377267,,2.544682944117103e-06,18,0,10,2024,7,151807.0,140809.5,3.1831601968288683,3.431771293840259,0,1,0
res-MD82YFPZ,Kubernetes Engine,31.2833,Hours,asia-east1,94.2,76.15,30211701461,34831933503.0,2024-10-07 20:29:00,2024-12-07 03:46:00,7.86,245.89,246,20418,1447.2833333333333,65043634964.0,85.17500000000001,18.049999999999997,85.17500000000001,14.824999999999989,652.6805036553048,14.10781118647581,3.1391234532480915e-07,20,0,10,2024,7,45027.5,152969.0,0.4534562211981567,0.13347802495930547,0,0,0
res-TDYG7ESV,Cloud NAT,306.7861,GB,europe-north1,19.59,95.71,98160908124,106232000000.0,2024-10-07 23:15:00,2024-12-07 02:51:00,8.51,2610.75,2611,216713,1443.6,204392908124.0,57.65,76.11999999999999,57.65,42.35,706.3977148899511,150.11983929066224,1.0602765134518547e-06,23,0,10,2024,7,199573.5,140809.5,1.0858806404657932,1.5390509873268494,0,0,0
res-8VF7SQNS,Cloud VPN,77.1615,Requests,europe-west1,14.81,29.94,9666482890,12995923970.0,2024-10-07 23:29:00,,8.18,631.18,631,52373,,22662406860.0,22.375,15.13,22.375,77.625,678.7452291622117,,2.311007843233117e-06,23,0,10,2024,7,223104.0,67396.0,0.2347470238095238,0.7770935960591133,1,0,0
res-US4RKQ3B,Cloud SQL,438.1467,Requests,us-east1,80.25,53.74,66205049163,75089217569.0,2024-10-08 00:14:00,,2.69,1178.61,1179,97857,,141294266732.0,66.995,26.509999999999998,66.995,33.004999999999995,223.34300361043458,,6.92575872067126e-07,0,1,10,2024,8,250494.0,137074.5,0.39065606361829025,0.7138964577656676,0,0,0
res-67NUV63U,Pub/Sub,881.6954,GB,europe-north1,29.61,41.17,52142857257,54045175891.0,2024-10-08 02:40:00,,8.63,7609.03,7609,631547,,106188033148.0,35.39,11.560000000000002,35.39,64.61,716.2870533293018,,5.947440415623659e-06,2,1,10,2024,8,187829.0,140809.5,3.3623508616880247,4.485116416150899,0,1,0
res-8ZPK23NO,Kubernetes Engine,109.6333,Hours,us-west1,97.05,97.65,61917587897,67635412141.0,2024-10-08 03:36:00,,7.78,852.95,853,70799,,129553000038.0,97.35,0.6000000000000085,97.35,2.6500000000000057,645.780068647026,,5.464867658736849e-07,3,1,10,2024,8,45027.5,83996.0,1.5723502304147465,0.8428853754940712,0,0,0
res-S0A3I6KB,Cloud CDN,226.5132,Requests,us-central1,54.61,56.86,63126220369,67059945319.0,2024-10-08 04:48:00,,5.25,1189.19,1189,98687,,130186165688.0,55.735,2.25,55.735,44.265,435.67880370768677,,7.580452153150444e-07,4,1,10,2024,8,178948.0,42579.0,0.5514842300556586,2.317738791423002,0,0,0
res-RY520DKS,Cloud Armor,255.9859,GB,northamerica-northeast1,18.18,17.51,68083241730,70085717043.0,2024-10-08 04:58:00,2024-12-08 02:34:00,3.26,834.51,835,69305,1461.6,138168958773.0,17.845,0.6699999999999982,17.845,82.155,270.73756796761074,47.417214012041605,5.015960213890176e-07,4,1,10,2024,8,206089.0,92296.0,0.33628674989931534,0.7508992805755396,1,0,0
res-1GXD61J7,Cloud Data Fusion,153.8323,GB,southamerica-east1,34.89,39.97,88229925390,93405272504.0,2024-10-08 05:23:00,,7.86,1209.12,1209,100347,,181635197894.0,37.43,5.079999999999998,37.43,62.57,652.3142408973928,,5.524645066787179e-07,5,1,10,2024,8,174715.0,98106.0,0.5743467933491686,1.0228426395939085,0,0,0
